2026-08-13 23:03:02,758 INFO Processed sample.png: {'VALIDATED': 0, 'REVIEW_REQUIRED': 4, 'FAILED': 0}
2026-08-13 23:03:38,231 INFO Skipped duplicate image: sample.png
2026-08-13 23:04:20,244 INFO Skipped duplicate image: sample_pipeline_test.png
2026-08-13 23:04:37,961 INFO Processed sample_pipeline_test.png: {'VALIDATED': 0, 'REVIEW_REQUIRED': 4, 'FAILED': 0}
2026-08-13 23:05:32,132 INFO Watching images\inbox. Put new images here; Ctrl+C stops the watcher.
2026-08-13 23:05:47,040 INFO Watcher stopped safely.
2026-08-13 23:06:30,553 INFO Watching images\inbox. Put new images here; Ctrl+C stops the watcher.
2026-08-13 23:06:33,159 INFO Processed Screenshot 2026-08-13 132410.png: {'VALIDATED': 0, 'REVIEW_REQUIRED': 4, 'FAILED': 0}
2026-08-13 23:09:02,623 INFO Watcher stopped safely.
2026-08-13 23:09:18,121 INFO Watching images\inbox. Put new images here; Ctrl+C stops the watcher.
2026-08-13 23:10:00,927 INFO Processed Screenshot 2026-08-13 152035.png: {'VALIDATED': 0, 'REVIEW_REQUIRED': 1, 'FAILED': 0}
2026-08-13 23:16:55,255 INFO Watcher stopped safely.
2026-08-13 23:17:00,974 INFO Watching images\inbox. Put new images here; Ctrl+C stops the watcher.
2026-08-13 23:17:33,880 INFO Processed Screenshot 2026-08-13 161327.png: {'VALIDATED': 0, 'REVIEW_REQUIRED': 4, 'FAILED': 0}
2026-08-13 23:23:32,598 INFO Watcher stopped safely.
2026-08-13 23:23:35,619 INFO Watching images\inbox. Put new images here; Ctrl+C stops the watcher.
2026-08-13 23:23:56,658 INFO Skipped duplicate image: Screenshot 2026-08-13 161327.png
2026-08-13 23:24:07,662 INFO Skipped duplicate image: Screenshot 2026-08-13 161327.png
2026-08-13 23:24:50,442 INFO Processed Screenshot 2026-08-13 150258.png: {'VALIDATED': 0, 'REVIEW_REQUIRED': 3, 'FAILED': 0}
2026-08-13 23:42:55,568 INFO Watcher stopped safely.
2026-08-13 23:49:34,960 INFO Watching images\inbox. Put new images here; Ctrl+C stops the watcher.
2026-08-13 23:50:49,140 INFO Watcher stopped safely.
2026-08-13 23:50:53,325 INFO Watching images\inbox. Put new images here; Ctrl+C stops the watcher.
2026-08-13 23:50:54,376 INFO Skipped duplicate image: Screenshot 2026-08-13 175241.png
2026-08-13 23:52:10,083 INFO Watcher stopped safely.
2026-08-13 23:52:15,213 INFO Watching images\inbox. Put new images here; Ctrl+C stops the watcher.
2026-08-13 23:52:17,725 INFO Processed Screenshot 2026-08-13 153538.png: {'VALIDATED': 0, 'REVIEW_REQUIRED': 4, 'FAILED': 0}
2026-08-14 00:14:24,740 INFO Watcher stopped safely.
2026-08-14 00:14:27,329 INFO Watching images\inbox. Put new images here; Ctrl+C stops the watcher.
2026-08-14 00:16:28,363 INFO Skipped duplicate image: Screenshot 2026-08-13 150258.png
2026-08-14 00:18:29,377 INFO Skipped duplicate image: Screenshot 2026-08-13 152035.png
2026-08-14 00:20:31,044 ERROR Failed to process images\inbox\Screenshot 2026-08-13 155257.png
Traceback (most recent call last):
  File "E:\DataEntryAutomation\run_pipeline.py", line 56, in process_image
    pass
    
  File "E:\DataEntryAutomation\state_store.py", line 33, in form_no_for
    self.connection.execute("INSERT INTO records(fingerprint, form_no, status) VALUES (?, ?, 'PENDING')", (fingerprint, current))
    ~~~~~~~~~~~~~~~~~~~~~~~^^^^^^^^^^^^^^^^^^^^^^^^^^^^^^^^^^^^^^^^^^^^^^^^^^^^^^^^^^^^^^^^^^^^^^^^^^^^^^^^^^^^^^^^^^^^^^^^^^^^^^
sqlite3.IntegrityError: UNIQUE constraint failed: records.form_no
2026-08-14 00:20:32,814 ERROR Failed to process images\inbox\Screenshot 2026-08-13 160420.png
Traceback (most recent call last):
  File "E:\DataEntryAutomation\run_pipeline.py", line 56, in process_image
    pass
    
  File "E:\DataEntryAutomation\state_store.py", line 33, in form_no_for
    self.connection.execute("INSERT INTO records(fingerprint, form_no, status) VALUES (?, ?, 'PENDING')", (fingerprint, current))
    ~~~~~~~~~~~~~~~~~~~~~~~^^^^^^^^^^^^^^^^^^^^^^^^^^^^^^^^^^^^^^^^^^^^^^^^^^^^^^^^^^^^^^^^^^^^^^^^^^^^^^^^^^^^^^^^^^^^^^^^^^^^^^
sqlite3.IntegrityError: UNIQUE constraint failed: records.form_no
2026-08-14 00:20:33,826 INFO Skipped duplicate image: Screenshot 2026-08-13 161327.png
2026-08-14 00:20:34,828 INFO Skipped duplicate image: test_drop_153538.png
2026-08-14 00:21:17,202 INFO Processed Screenshot 2026-08-13 161327.png: {'VALIDATED': 4, 'REVIEW_REQUIRED': 0, 'FAILED': 0}
2026-08-14 00:21:19,401 INFO Processed test_drop_1.png: {'VALIDATED': 4, 'REVIEW_REQUIRED': 0, 'FAILED': 0}
2026-08-14 00:21:23,626 INFO Processed test_drop_2.png: {'VALIDATED': 4, 'REVIEW_REQUIRED': 0, 'FAILED': 0}
2026-08-14 00:22:07,125 INFO Watcher stopped safely.
2026-08-14 00:25:03,939 INFO Watching images\inbox for new images (.png, .jpg, .jpeg, .bmp, .webp). Detection latency: ~1s. Ctrl+C to stop.
2026-08-14 00:27:21,017 INFO Image detected: Screenshot 2026-08-13 171826.png (size: 337714 bytes)
2026-08-14 00:27:21,527 INFO Image ready: Screenshot 2026-08-13 171826.png (file stable and readable)
2026-08-14 00:27:21,527 INFO Processing started: Screenshot 2026-08-13 171826.png
2026-08-14 00:27:22,218 ERROR Failed to process images\inbox\Screenshot 2026-08-13 171826.png
Traceback (most recent call last):
  File "E:\DataEntryAutomation\run_pipeline.py", line 77, in process_image
    form_no = store.form_no_for(fingerprint)
  File "E:\DataEntryAutomation\state_store.py", line 33, in form_no_for
    self.connection.execute("INSERT INTO records(fingerprint, form_no, status) VALUES (?, ?, 'PENDING')", (fingerprint, current))
    ~~~~~~~~~~~~~~~~~~~~~~~^^^^^^^^^^^^^^^^^^^^^^^^^^^^^^^^^^^^^^^^^^^^^^^^^^^^^^^^^^^^^^^^^^^^^^^^^^^^^^^^^^^^^^^^^^^^^^^^^^^^^^
sqlite3.IntegrityError: UNIQUE constraint failed: records.form_no
2026-08-14 00:27:22,219 INFO Processing completed: Screenshot 2026-08-13 171826.png
2026-08-14 00:27:22,220 INFO Image detected: Screenshot 2026-08-13 175241.png (size: 332045 bytes)
2026-08-14 00:27:22,730 INFO Image ready: Screenshot 2026-08-13 175241.png (file stable and readable)
2026-08-14 00:27:22,731 INFO Processing started: Screenshot 2026-08-13 175241.png
2026-08-14 00:27:22,731 INFO Skipped duplicate image: Screenshot 2026-08-13 175241.png
2026-08-14 00:27:22,731 INFO Processing completed: Screenshot 2026-08-13 175241.png
2026-08-14 00:35:26,463 INFO Watcher stopped safely.
2026-08-14 00:36:07,444 INFO StateStore active: Highest existing Form No = 1515 | Next Form No = 1516
2026-08-14 00:36:07,445 INFO Watching images\inbox for new images (.png, .jpg, .jpeg, .bmp, .webp). Detection latency: ~1s. Ctrl+C to stop.
2026-08-14 00:36:07,446 INFO Image detected: Screenshot 2026-08-14 003459.png (size: 333603 bytes)
2026-08-14 00:36:07,958 INFO Image ready: Screenshot 2026-08-14 003459.png (file stable and readable)
2026-08-14 00:36:07,958 INFO Processing started: Screenshot 2026-08-14 003459.png
2026-08-14 00:36:08,720 INFO Processed Screenshot 2026-08-14 003459.png: {'VALIDATED': 2, 'REVIEW_REQUIRED': 2, 'FAILED': 0}
2026-08-14 00:36:08,720 INFO Processing completed: Screenshot 2026-08-14 003459.png
2026-08-14 00:41:28,212 INFO Watcher stopped safely.
2026-08-14 00:41:30,531 INFO StateStore active: Highest existing Form No = 1519 | Next Form No = 1520
2026-08-14 00:41:30,531 INFO Watching images\inbox for new images (.png, .jpg, .jpeg, .bmp, .webp). Detection latency: ~1s. Ctrl+C to stop.
2026-08-14 00:47:33,246 INFO Watcher stopped safely.
2026-08-14 00:47:37,559 INFO StateStore active: Highest existing Form No = 1519 | Next Form No = 1520
2026-08-14 00:47:37,560 INFO Watching images\inbox for new images (.png, .jpg, .jpeg, .bmp, .webp). Detection latency: ~1s. Ctrl+C to stop.
2026-08-14 00:48:01,574 INFO Image detected: Screenshot 2026-08-14 003459.png (size: 333603 bytes)
2026-08-14 00:48:02,084 INFO Image ready: Screenshot 2026-08-14 003459.png (file stable and readable)
2026-08-14 00:48:02,084 INFO Processing started: Screenshot 2026-08-14 003459.png
2026-08-14 00:48:02,086 INFO Skipped duplicate image: Screenshot 2026-08-14 003459.png
2026-08-14 00:48:02,086 INFO Processing completed: Screenshot 2026-08-14 003459.png
2026-08-14 01:06:16,244 INFO Watcher stopped safely.
2026-08-14 01:06:19,500 INFO StateStore active | Form No: max=1519, next=1520 | File No: max=None, next=24
2026-08-14 01:06:19,502 INFO Watching images\inbox for new images (.png, .jpg, .jpeg, .bmp, .webp). Polling latency ~1s. Ctrl+C to stop.
2026-08-14 01:10:56,795 INFO Image detected: Screenshot 2026-08-14 003459.png (size: 333603 bytes)
2026-08-14 01:10:57,338 INFO Image ready: Screenshot 2026-08-14 003459.png (file stable and readable)
2026-08-14 01:10:57,342 INFO Processing started: Screenshot 2026-08-14 003459.png
2026-08-14 01:10:57,347 INFO Skipped duplicate image: Screenshot 2026-08-14 003459.png
2026-08-14 01:10:57,348 INFO Processing completed: Screenshot 2026-08-14 003459.png
2026-08-14 12:29:37,182 INFO StateStore active | Form No: max=1519, next=1520 | File No: max=None, next=24
2026-08-14 12:29:37,202 INFO Skipped duplicate image: sample.png
2026-08-14 12:39:05,709 INFO StateStore active | Form No: max=1519, next=1520 | File No: max=None, next=24
2026-08-14 12:39:05,710 INFO Watching images\inbox for new images (.png, .jpg, .jpeg, .bmp, .webp). Polling latency ~1s. Ctrl+C to stop.
2026-08-14 12:40:48,809 INFO Image detected: Screenshot 2026-08-14 124047.png (size: 127371 bytes)
2026-08-14 12:40:49,341 INFO Image ready: Screenshot 2026-08-14 124047.png (file stable and readable)
2026-08-14 12:40:49,341 INFO Processing started: Screenshot 2026-08-14 124047.png
2026-08-14 12:40:50,290 INFO Processed Screenshot 2026-08-14 124047.png (File No 24): {'VALIDATED': 0, 'REVIEW_REQUIRED': 1, 'FAILED': 0}
2026-08-14 12:40:50,291 INFO Processing completed: Screenshot 2026-08-14 124047.png
2026-08-14 12:45:39,807 INFO Watcher stopped safely.
2026-08-14 12:45:42,359 INFO StateStore active | Form No: max=1520, next=1521 | File No: max=24, next=25
2026-08-14 12:45:42,360 INFO Watching images\inbox for new images (.png, .jpg, .jpeg, .bmp, .webp). Polling latency ~1s. Ctrl+C to stop.
2026-08-14 12:46:07,378 INFO Image detected: Screenshot 2026-08-14 124607.png (size: 0 bytes)
2026-08-14 12:46:08,396 INFO Image ready: Screenshot 2026-08-14 124607.png (file stable and readable)
2026-08-14 12:46:08,397 INFO Processing started: Screenshot 2026-08-14 124607.png
2026-08-14 12:46:09,204 INFO Processed Screenshot 2026-08-14 124607.png (File No 25): {'VALIDATED': 1, 'REVIEW_REQUIRED': 0, 'FAILED': 0}
2026-08-14 12:46:09,205 INFO Processing completed: Screenshot 2026-08-14 124607.png
2026-08-14 12:54:16,197 INFO Watcher stopped safely.
2026-08-14 12:54:19,438 INFO StateStore active | Form No: max=1520, next=1521 | File No: max=25, next=26
2026-08-14 12:54:19,439 INFO Watching images\inbox for new images (.png, .jpg, .jpeg, .bmp, .webp). Polling latency ~1s. Ctrl+C to stop.
2026-08-14 12:56:29,612 INFO Image detected: Screenshot 2026-08-14 125627.png (size: 132653 bytes)
2026-08-14 12:56:30,257 INFO Image ready: Screenshot 2026-08-14 125627.png (file stable and readable)
2026-08-14 12:56:30,260 INFO Processing started: Screenshot 2026-08-14 125627.png
2026-08-14 12:56:35,247 INFO Processed Screenshot 2026-08-14 125627.png (File No 26): {'VALIDATED': 0, 'REVIEW_REQUIRED': 1, 'FAILED': 0}
2026-08-14 12:56:35,249 INFO Processing completed: Screenshot 2026-08-14 125627.png
2026-08-14 13:04:55,322 INFO Watcher stopped safely.
2026-08-14 14:37:14,069 INFO StateStore active | Form No: max=1521, next=1522 | File No: max=26, next=27
2026-08-14 14:37:14,071 INFO Skipped duplicate image: sample.png
2026-08-14 14:41:53,969 INFO StateStore active | Form No: max=1521, next=1522 | File No: max=26, next=27
2026-08-14 14:41:55,015 ERROR Failed to process images\sample.png
Traceback (most recent call last):
  File "E:\DataEntryAutomation\run_pipeline.py", line 74, in process_image
    assigned_file_no = store.get_or_allocate_file_no(digest, starting_file_no=starting_file_no)
  File "E:\DataEntryAutomation\state_store.py", line 116, in get_or_allocate_file_no
    assigned_file_no = max(current_setting, starting_file_no)
TypeError: '>' not supported between instances of 'NoneType' and 'int'
2026-08-14 14:42:17,569 INFO StateStore active | Form No: max=1521, next=1522 | File No: max=26, next=27
2026-08-14 14:42:18,509 INFO Processed sample.png (File No 27): {'VALIDATED': 2, 'REVIEW_REQUIRED': 2, 'FAILED': 0}
2026-08-14 14:44:20,112 INFO StateStore active | Form No: max=1525, next=1526 | File No: max=26, next=28
2026-08-14 14:44:21,073 INFO Processed sample.png (File No 28): {'VALIDATED': 2, 'REVIEW_REQUIRED': 2, 'FAILED': 0}
2026-08-14 14:45:26,702 INFO StateStore active | Form No: max=1529, next=1530 | File No: max=26, next=29
2026-08-14 14:45:27,591 INFO Processed sample.png (File No 29): {'VALIDATED': 2, 'REVIEW_REQUIRED': 2, 'FAILED': 0}
2026-08-14 14:55:01,570 INFO StateStore active | Form No: max=1530, next=1531 | File No: max=26, next=30
2026-08-14 14:55:02,601 INFO Processed sample.png (File No 30): {'VALIDATED': 2, 'REVIEW_REQUIRED': 2, 'FAILED': 0}
2026-08-14 14:57:20,577 INFO StateStore active | Form No: max=1530, next=1531 | File No: max=30, next=31
2026-08-14 14:57:20,577 INFO Watching images\inbox for new images (.png, .jpg, .jpeg, .bmp, .webp). Polling latency ~1s. Ctrl+C to stop.
2026-08-14 14:57:20,578 INFO Image detected: Screenshot 2026-08-14 145158.png (size: 119685 bytes)
2026-08-14 14:57:21,087 INFO Image ready: Screenshot 2026-08-14 145158.png (file stable and readable)
2026-08-14 14:57:21,087 INFO Processing started: Screenshot 2026-08-14 145158.png
2026-08-14 14:57:21,489 INFO Processed Screenshot 2026-08-14 145158.png (File No 31): {'VALIDATED': 1, 'REVIEW_REQUIRED': 0, 'FAILED': 0}
2026-08-14 14:57:21,489 INFO Processing completed: Screenshot 2026-08-14 145158.png
2026-08-14 15:04:28,308 INFO StateStore successfully reset: Starting File No = 28, Starting Form No = 110
2026-08-14 15:04:36,035 INFO StateStore active | Form No: max=None, next=110 | File No: max=None, next=28
2026-08-14 15:04:36,959 INFO Processed sample.png (File No 28): {'VALIDATED': 2, 'REVIEW_REQUIRED': 2, 'FAILED': 0}
2026-08-14 15:10:06,952 INFO Image detected: Screenshot 2026-08-14 151006.png (size: 99039 bytes)
2026-08-14 15:10:07,465 INFO Image ready: Screenshot 2026-08-14 151006.png (file stable and readable)
2026-08-14 15:10:07,465 INFO Processing started: Screenshot 2026-08-14 151006.png
2026-08-14 15:10:07,791 INFO Processed Screenshot 2026-08-14 151006.png (File No 29): {'VALIDATED': 1, 'REVIEW_REQUIRED': 0, 'FAILED': 0}
2026-08-14 15:10:07,791 INFO Processing completed: Screenshot 2026-08-14 151006.png
2026-08-14 15:16:29,043 INFO Image detected: Screenshot 2026-08-14 151628.png (size: 91622 bytes)
2026-08-14 15:16:29,553 INFO Image ready: Screenshot 2026-08-14 151628.png (file stable and readable)
2026-08-14 15:16:29,553 INFO Processing started: Screenshot 2026-08-14 151628.png
2026-08-14 15:16:29,845 INFO Processed Screenshot 2026-08-14 151628.png (File No 30): {'VALIDATED': 0, 'REVIEW_REQUIRED': 1, 'FAILED': 0}
2026-08-14 15:16:29,845 INFO Processing completed: Screenshot 2026-08-14 151628.png
2026-08-14 15:32:15,447 INFO StateStore active | Form No: max=115, next=116 | File No: max=30, next=28
2026-08-14 15:32:15,448 INFO Skipped duplicate image: Screenshot 2026-08-14 151628.png
2026-08-14 15:32:24,651 INFO StateStore successfully reset: Starting File No = 28, Starting Form No = 110
2026-08-14 15:32:30,300 INFO StateStore active | Form No: max=None, next=110 | File No: max=None, next=28
2026-08-14 15:32:30,670 INFO Processed Screenshot 2026-08-14 151628.png (File No 28): {'VALIDATED': 1, 'REVIEW_REQUIRED': 0, 'FAILED': 0}
2026-08-14 15:33:58,010 INFO Watcher stopped safely.
2026-08-14 15:35:36,533 INFO StateStore successfully reset: Starting File No = 29, Starting Form No = 113
2026-08-14 15:35:53,158 INFO StateStore successfully reset: Starting File No = 29, Starting Form No = 113
2026-08-14 15:36:19,256 INFO StateStore successfully reset: Starting File No = 28, Starting Form No = 110
2026-08-14 15:36:26,985 INFO StateStore successfully reset: Starting File No = 28, Starting Form No = 110
2026-08-14 15:36:39,328 INFO StateStore successfully reset: Starting File No = 29, Starting Form No = 113
2026-08-14 15:37:16,287 INFO StateStore successfully reset: Starting File No = 29, Starting Form No = 113
2026-08-14 15:37:30,005 INFO StateStore active | Form No: max=None, next=113 | File No: max=None, next=29
2026-08-14 15:37:30,396 INFO Processed Screenshot 2026-08-14 151628.png (File No 29): {'VALIDATED': 1, 'REVIEW_REQUIRED': 0, 'FAILED': 0}
2026-08-14 15:37:36,255 INFO StateStore successfully reset: Starting File No = 29, Starting Form No = 113
2026-08-14 15:38:02,314 INFO StateStore successfully reset: Starting File No = 29, Starting Form No = 113
2026-08-14 15:38:18,553 INFO StateStore active | Form No: max=None, next=113 | File No: max=None, next=29
2026-08-14 15:38:18,553 INFO Watching images\inbox for new images (.png, .jpg, .jpeg, .bmp, .webp). Polling latency ~1s. Ctrl+C to stop.
2026-08-14 15:40:10,619 INFO Image detected: Screenshot 2026-08-14 154010.png (size: 102494 bytes)
2026-08-14 15:40:11,134 INFO Image ready: Screenshot 2026-08-14 154010.png (file stable and readable)
2026-08-14 15:40:11,135 INFO Processing started: Screenshot 2026-08-14 154010.png
2026-08-14 15:40:11,511 INFO Processed Screenshot 2026-08-14 154010.png (File No 29): {'VALIDATED': 1, 'REVIEW_REQUIRED': 0, 'FAILED': 0}
2026-08-14 15:40:11,511 INFO Processing completed: Screenshot 2026-08-14 154010.png
2026-08-14 15:45:41,719 INFO Image detected: Screenshot 2026-08-14 154541.png (size: 120262 bytes)
2026-08-14 15:45:42,228 INFO Image ready: Screenshot 2026-08-14 154541.png (file stable and readable)
2026-08-14 15:45:42,229 INFO Processing started: Screenshot 2026-08-14 154541.png
2026-08-14 15:45:42,614 INFO Processed Screenshot 2026-08-14 154541.png (File No 29): {'VALIDATED': 0, 'REVIEW_REQUIRED': 1, 'FAILED': 0}
2026-08-14 15:45:42,615 INFO Processing completed: Screenshot 2026-08-14 154541.png
2026-08-14 15:52:10,853 INFO Image detected: Screenshot 2026-08-14 155209.png (size: 110304 bytes)
2026-08-14 15:52:11,364 INFO Image ready: Screenshot 2026-08-14 155209.png (file stable and readable)
2026-08-14 15:52:11,365 INFO Processing started: Screenshot 2026-08-14 155209.png
2026-08-14 15:52:11,711 INFO Processed Screenshot 2026-08-14 155209.png (File No 29): {'VALIDATED': 1, 'REVIEW_REQUIRED': 0, 'FAILED': 0}
2026-08-14 15:52:11,712 INFO Processing completed: Screenshot 2026-08-14 155209.png
2026-08-14 16:00:01,984 INFO Image detected: Screenshot 2026-08-14 160001.png (size: 120218 bytes)
2026-08-14 16:00:02,508 INFO Image ready: Screenshot 2026-08-14 160001.png (file stable and readable)
2026-08-14 16:00:02,509 INFO Processing started: Screenshot 2026-08-14 160001.png
2026-08-14 16:00:02,857 INFO Processed Screenshot 2026-08-14 160001.png (File No 29): {'VALIDATED': 1, 'REVIEW_REQUIRED': 0, 'FAILED': 0}
2026-08-14 16:00:02,857 INFO Processing completed: Screenshot 2026-08-14 160001.png
2026-08-14 16:04:47,036 INFO Image detected: Screenshot 2026-08-14 160446.png (size: 112257 bytes)
2026-08-14 16:04:47,545 INFO Image ready: Screenshot 2026-08-14 160446.png (file stable and readable)
2026-08-14 16:04:47,546 INFO Processing started: Screenshot 2026-08-14 160446.png
2026-08-14 16:04:47,883 INFO Processed Screenshot 2026-08-14 160446.png (File No 30): {'VALIDATED': 0, 'REVIEW_REQUIRED': 1, 'FAILED': 0}
2026-08-14 16:04:47,883 INFO Processing completed: Screenshot 2026-08-14 160446.png
2026-08-14 16:13:19,189 INFO Image detected: Screenshot 2026-08-14 161318.png (size: 125248 bytes)
2026-08-14 16:13:19,700 INFO Image ready: Screenshot 2026-08-14 161318.png (file stable and readable)
2026-08-14 16:13:19,700 INFO Processing started: Screenshot 2026-08-14 161318.png
2026-08-14 16:13:20,054 INFO Processed Screenshot 2026-08-14 161318.png (File No 30): {'VALIDATED': 1, 'REVIEW_REQUIRED': 0, 'FAILED': 0}
2026-08-14 16:13:20,054 INFO Processing completed: Screenshot 2026-08-14 161318.png
2026-08-14 16:18:30,256 INFO Image detected: Screenshot 2026-08-14 161829.png (size: 110950 bytes)
2026-08-14 16:18:30,767 INFO Image ready: Screenshot 2026-08-14 161829.png (file stable and readable)
2026-08-14 16:18:30,767 INFO Processing started: Screenshot 2026-08-14 161829.png
2026-08-14 16:18:31,092 INFO Processed Screenshot 2026-08-14 161829.png (File No 30): {'VALIDATED': 1, 'REVIEW_REQUIRED': 0, 'FAILED': 0}
2026-08-14 16:18:31,092 INFO Processing completed: Screenshot 2026-08-14 161829.png
2026-08-14 16:24:00,307 INFO Image detected: Screenshot 2026-08-14 162359.png (size: 112733 bytes)
2026-08-14 16:24:00,816 INFO Image ready: Screenshot 2026-08-14 162359.png (file stable and readable)
2026-08-14 16:24:00,816 INFO Processing started: Screenshot 2026-08-14 162359.png
2026-08-14 16:24:01,150 INFO Processed Screenshot 2026-08-14 162359.png (File No 30): {'VALIDATED': 1, 'REVIEW_REQUIRED': 0, 'FAILED': 0}
2026-08-14 16:24:01,150 INFO Processing completed: Screenshot 2026-08-14 162359.png
2026-08-14 16:28:03,313 INFO Image detected: Screenshot 2026-08-14 162802.png (size: 111754 bytes)
2026-08-14 16:28:03,825 INFO Image ready: Screenshot 2026-08-14 162802.png (file stable and readable)
2026-08-14 16:28:03,825 INFO Processing started: Screenshot 2026-08-14 162802.png
2026-08-14 16:28:04,155 INFO Processed Screenshot 2026-08-14 162802.png (File No 31): {'VALIDATED': 1, 'REVIEW_REQUIRED': 0, 'FAILED': 0}
2026-08-14 16:28:04,155 INFO Processing completed: Screenshot 2026-08-14 162802.png
2026-08-14 16:32:30,339 INFO Image detected: Screenshot 2026-08-14 163230.png (size: 121933 bytes)
2026-08-14 16:32:30,852 INFO Image ready: Screenshot 2026-08-14 163230.png (file stable and readable)
2026-08-14 16:32:30,853 INFO Processing started: Screenshot 2026-08-14 163230.png
2026-08-14 16:32:31,173 INFO Processed Screenshot 2026-08-14 163230.png (File No 31): {'VALIDATED': 1, 'REVIEW_REQUIRED': 0, 'FAILED': 0}
2026-08-14 16:32:31,173 INFO Processing completed: Screenshot 2026-08-14 163230.png
2026-08-14 16:37:32,400 INFO Image detected: Screenshot 2026-08-14 163732.png (size: 116026 bytes)
2026-08-14 16:37:32,928 INFO Image ready: Screenshot 2026-08-14 163732.png (file stable and readable)
2026-08-14 16:37:32,929 INFO Processing started: Screenshot 2026-08-14 163732.png
2026-08-14 16:37:33,616 INFO Processed Screenshot 2026-08-14 163732.png (File No 31): {'VALIDATED': 1, 'REVIEW_REQUIRED': 0, 'FAILED': 0}
2026-08-14 16:37:33,616 INFO Processing completed: Screenshot 2026-08-14 163732.png
2026-08-14 16:42:33,871 INFO Image detected: Screenshot 2026-08-14 164233.png (size: 118793 bytes)
2026-08-14 16:42:34,393 INFO Image ready: Screenshot 2026-08-14 164233.png (file stable and readable)
2026-08-14 16:42:34,394 INFO Processing started: Screenshot 2026-08-14 164233.png
2026-08-14 16:42:36,628 INFO Processed Screenshot 2026-08-14 164233.png (File No 31): {'VALIDATED': 1, 'REVIEW_REQUIRED': 0, 'FAILED': 0}
2026-08-14 16:42:36,628 INFO Processing completed: Screenshot 2026-08-14 164233.png
2026-08-14 16:48:38,922 INFO Image detected: Screenshot 2026-08-14 164838.png (size: 140118 bytes)
2026-08-14 16:48:39,439 INFO Image ready: Screenshot 2026-08-14 164838.png (file stable and readable)
2026-08-14 16:48:39,440 INFO Processing started: Screenshot 2026-08-14 164838.png
2026-08-14 16:48:40,300 INFO Processed Screenshot 2026-08-14 164838.png (File No 32): {'VALIDATED': 1, 'REVIEW_REQUIRED': 0, 'FAILED': 0}
2026-08-14 16:48:40,300 INFO Processing completed: Screenshot 2026-08-14 164838.png
2026-08-14 16:53:09,526 INFO Image detected: Screenshot 2026-08-14 165309.png (size: 127047 bytes)
2026-08-14 16:53:10,076 INFO Image ready: Screenshot 2026-08-14 165309.png (file stable and readable)
2026-08-14 16:53:10,078 INFO Processing started: Screenshot 2026-08-14 165309.png
2026-08-14 16:53:10,915 INFO Processed Screenshot 2026-08-14 165309.png (File No 32): {'VALIDATED': 1, 'REVIEW_REQUIRED': 0, 'FAILED': 0}
2026-08-14 16:53:10,915 INFO Processing completed: Screenshot 2026-08-14 165309.png
2026-08-14 16:57:30,133 INFO Image detected: Screenshot 2026-08-14 165729.png (size: 128660 bytes)
2026-08-14 16:57:30,657 INFO Image ready: Screenshot 2026-08-14 165729.png (file stable and readable)
2026-08-14 16:57:30,658 INFO Processing started: Screenshot 2026-08-14 165729.png
2026-08-14 16:57:31,519 INFO Processed Screenshot 2026-08-14 165729.png (File No 32): {'VALIDATED': 1, 'REVIEW_REQUIRED': 0, 'FAILED': 0}
2026-08-14 16:57:31,519 INFO Processing completed: Screenshot 2026-08-14 165729.png
2026-08-14 17:02:44,782 INFO Image detected: Screenshot 2026-08-14 170243.png (size: 125641 bytes)
2026-08-14 17:02:45,302 INFO Image ready: Screenshot 2026-08-14 170243.png (file stable and readable)
2026-08-14 17:02:45,302 INFO Processing started: Screenshot 2026-08-14 170243.png
2026-08-14 17:02:46,123 INFO Processed Screenshot 2026-08-14 170243.png (File No 32): {'VALIDATED': 1, 'REVIEW_REQUIRED': 0, 'FAILED': 0}
2026-08-14 17:02:46,123 INFO Processing completed: Screenshot 2026-08-14 170243.png
2026-08-14 17:06:56,338 INFO Image detected: Screenshot 2026-08-14 170655.png (size: 125501 bytes)
2026-08-14 17:06:56,868 INFO Image ready: Screenshot 2026-08-14 170655.png (file stable and readable)
2026-08-14 17:06:56,868 INFO Processing started: Screenshot 2026-08-14 170655.png
2026-08-14 17:06:57,588 INFO Processed Screenshot 2026-08-14 170655.png (File No 33): {'VALIDATED': 0, 'REVIEW_REQUIRED': 1, 'FAILED': 0}
2026-08-14 17:06:57,588 INFO Processing completed: Screenshot 2026-08-14 170655.png
2026-08-14 17:13:57,940 INFO Image detected: Screenshot 2026-08-14 171357.png (size: 127724 bytes)
2026-08-14 17:13:58,460 INFO Image ready: Screenshot 2026-08-14 171357.png (file stable and readable)
2026-08-14 17:13:58,461 INFO Processing started: Screenshot 2026-08-14 171357.png
2026-08-14 17:13:59,334 INFO Processed Screenshot 2026-08-14 171357.png (File No 33): {'VALIDATED': 1, 'REVIEW_REQUIRED': 0, 'FAILED': 0}
2026-08-14 17:13:59,335 INFO Processing completed: Screenshot 2026-08-14 171357.png
2026-08-14 17:27:18,302 INFO Image detected: Screenshot 2026-08-14 172717.png (size: 136734 bytes)
2026-08-14 17:27:18,905 INFO Image ready: Screenshot 2026-08-14 172717.png (file stable and readable)
2026-08-14 17:27:18,906 INFO Processing started: Screenshot 2026-08-14 172717.png
2026-08-14 17:27:20,194 INFO Processed Screenshot 2026-08-14 172717.png (File No 33): {'VALIDATED': 0, 'REVIEW_REQUIRED': 1, 'FAILED': 0}
2026-08-14 17:27:20,195 INFO Processing completed: Screenshot 2026-08-14 172717.png
2026-08-14 17:33:37,428 INFO Image detected: Screenshot 2026-08-14 173336.png (size: 135771 bytes)
2026-08-14 17:33:37,953 INFO Image ready: Screenshot 2026-08-14 173336.png (file stable and readable)
2026-08-14 17:33:37,954 INFO Processing started: Screenshot 2026-08-14 173336.png
2026-08-14 17:33:39,316 INFO Processed Screenshot 2026-08-14 173336.png (File No 33): {'VALIDATED': 0, 'REVIEW_REQUIRED': 1, 'FAILED': 0}
2026-08-14 17:33:39,317 INFO Processing completed: Screenshot 2026-08-14 173336.png
2026-08-14 17:52:22,307 INFO Image detected: Screenshot 2026-08-14 175221.png (size: 98564 bytes)
2026-08-14 17:52:22,830 INFO Image ready: Screenshot 2026-08-14 175221.png (file stable and readable)
2026-08-14 17:52:22,831 INFO Processing started: Screenshot 2026-08-14 175221.png
2026-08-14 17:52:24,410 INFO Processed Screenshot 2026-08-14 175221.png (File No 34): {'VALIDATED': 1, 'REVIEW_REQUIRED': 0, 'FAILED': 0}
2026-08-14 17:52:24,410 INFO Processing completed: Screenshot 2026-08-14 175221.png
2026-08-14 17:56:03,565 INFO Image detected: Screenshot 2026-08-14 175602.png (size: 97744 bytes)
2026-08-14 17:56:04,298 INFO Image ready: Screenshot 2026-08-14 175602.png (file stable and readable)
2026-08-14 17:56:04,304 INFO Processing started: Screenshot 2026-08-14 175602.png
2026-08-14 17:56:05,662 INFO Processed Screenshot 2026-08-14 175602.png (File No 34): {'VALIDATED': 1, 'REVIEW_REQUIRED': 0, 'FAILED': 0}
2026-08-14 17:56:05,663 INFO Processing completed: Screenshot 2026-08-14 175602.png
2026-08-14 17:58:41,777 INFO Image detected: Screenshot 2026-08-14 175840.png (size: 98250 bytes)
2026-08-14 17:58:42,404 INFO Image ready: Screenshot 2026-08-14 175840.png (file stable and readable)
2026-08-14 17:58:42,405 INFO Processing started: Screenshot 2026-08-14 175840.png
2026-08-14 17:58:44,329 INFO Processed Screenshot 2026-08-14 175840.png (File No 34): {'VALIDATED': 1, 'REVIEW_REQUIRED': 0, 'FAILED': 0}
2026-08-14 17:58:44,329 INFO Processing completed: Screenshot 2026-08-14 175840.png
2026-08-14 18:03:06,533 INFO Image detected: Screenshot 2026-08-14 180305.png (size: 88494 bytes)
2026-08-14 18:03:07,049 INFO Image ready: Screenshot 2026-08-14 180305.png (file stable and readable)
2026-08-14 18:03:07,049 INFO Processing started: Screenshot 2026-08-14 180305.png
2026-08-14 18:03:08,021 INFO Processed Screenshot 2026-08-14 180305.png (File No 34): {'VALIDATED': 1, 'REVIEW_REQUIRED': 0, 'FAILED': 0}
2026-08-14 18:03:08,022 INFO Processing completed: Screenshot 2026-08-14 180305.png
2026-08-14 18:09:37,333 INFO Image detected: Screenshot 2026-08-14 180936.png (size: 122812 bytes)
2026-08-14 18:09:37,865 INFO Image ready: Screenshot 2026-08-14 180936.png (file stable and readable)
2026-08-14 18:09:37,866 INFO Processing started: Screenshot 2026-08-14 180936.png
2026-08-14 18:09:38,798 INFO Processed Screenshot 2026-08-14 180936.png (File No 35): {'VALIDATED': 0, 'REVIEW_REQUIRED': 1, 'FAILED': 0}
2026-08-14 18:09:38,799 INFO Processing completed: Screenshot 2026-08-14 180936.png
2026-08-14 18:17:03,168 INFO Image detected: Screenshot 2026-08-14 181702.png (size: 132552 bytes)
2026-08-14 18:17:03,691 INFO Image ready: Screenshot 2026-08-14 181702.png (file stable and readable)
2026-08-14 18:17:03,692 INFO Processing started: Screenshot 2026-08-14 181702.png
2026-08-14 18:17:04,683 INFO Processed Screenshot 2026-08-14 181702.png (File No 35): {'VALIDATED': 1, 'REVIEW_REQUIRED': 0, 'FAILED': 0}
2026-08-14 18:17:04,683 INFO Processing completed: Screenshot 2026-08-14 181702.png
2026-08-14 18:22:27,942 INFO Image detected: Screenshot 2026-08-14 182227.png (size: 120809 bytes)
2026-08-14 18:22:28,479 INFO Image ready: Screenshot 2026-08-14 182227.png (file stable and readable)
2026-08-14 18:22:28,480 INFO Processing started: Screenshot 2026-08-14 182227.png
2026-08-14 18:22:29,342 INFO Processed Screenshot 2026-08-14 182227.png (File No 35): {'VALIDATED': 0, 'REVIEW_REQUIRED': 1, 'FAILED': 0}
2026-08-14 18:22:29,343 INFO Processing completed: Screenshot 2026-08-14 182227.png
2026-08-14 18:27:08,565 INFO Image detected: Screenshot 2026-08-14 182707.png (size: 115711 bytes)
2026-08-14 18:27:09,081 INFO Image ready: Screenshot 2026-08-14 182707.png (file stable and readable)
2026-08-14 18:27:09,082 INFO Processing started: Screenshot 2026-08-14 182707.png
2026-08-14 18:27:09,912 INFO Processed Screenshot 2026-08-14 182707.png (File No 35): {'VALIDATED': 1, 'REVIEW_REQUIRED': 0, 'FAILED': 0}
2026-08-14 18:27:09,913 INFO Processing completed: Screenshot 2026-08-14 182707.png
2026-08-14 20:18:37,135 INFO StateStore active | Form No: max=140, next=141 | File No: max=35, next=36
2026-08-14 20:18:37,137 INFO Watching images\inbox for new images (.png, .jpg, .jpeg, .bmp, .webp). Polling latency ~1s. Ctrl+C to stop.
2026-08-14 20:35:12,246 INFO StateStore active | Form No: max=140, next=141 | File No: max=35, next=36
2026-08-14 20:35:12,247 INFO Watching images\inbox for new images (.png, .jpg, .jpeg, .bmp, .webp). Polling latency ~1s. Ctrl+C to stop.
2026-08-14 20:36:01,507 INFO Watcher stopped safely.
2026-08-14 20:37:12,282 INFO StateStore active | Form No: max=140, next=141 | File No: max=35, next=36
2026-08-14 20:37:12,283 INFO Watching images\inbox for new images (.png, .jpg, .jpeg, .bmp, .webp). Polling latency ~1s. Ctrl+C to stop.
2026-08-14 22:41:13,786 INFO StateStore successfully reset: Starting File No = 28, Starting Form No = 110
2026-08-14 22:41:22,692 INFO StateStore active | Form No: max=None, next=110 | File No: max=None, next=28
2026-08-14 22:41:24,873 INFO Processed sample.png (File No 28): {'VALIDATED': 4, 'REVIEW_REQUIRED': 0, 'FAILED': 0}
2026-08-14 22:45:30,239 INFO StateStore active | Form No: max=113, next=114 | File No: max=28, next=28
2026-08-14 22:45:30,240 INFO Watching images\inbox for new images (.png, .jpg, .jpeg, .bmp, .webp). Polling latency ~1s. Ctrl+C to stop.
2026-08-14 22:48:12,453 INFO Image detected: Screenshot 2026-08-14 124047.png (size: 127371 bytes)
2026-08-14 22:48:12,989 INFO Image ready: Screenshot 2026-08-14 124047.png (file stable and readable)
2026-08-14 22:48:12,990 INFO Processing started: Screenshot 2026-08-14 124047.png
2026-08-14 22:48:13,771 INFO Processed Screenshot 2026-08-14 124047.png (File No 28): {'VALIDATED': 0, 'REVIEW_REQUIRED': 1, 'FAILED': 0}
2026-08-14 22:48:13,772 INFO Processing completed: Screenshot 2026-08-14 124047.png
2026-08-15 12:01:02,817 INFO StateStore active | Form No: max=114, next=115 | File No: max=28, next=28
2026-08-15 12:01:02,819 INFO Watching images\inbox for new images (.png, .jpg, .jpeg, .bmp, .webp). Polling latency ~1s. Ctrl+C to stop.
2026-08-15 12:01:02,820 INFO Image detected: Screenshot 2026-08-15 115757.png (size: 120466 bytes)
2026-08-15 12:01:03,353 INFO Image ready: Screenshot 2026-08-15 115757.png (file stable and readable)
2026-08-15 12:01:03,354 INFO Processing started: Screenshot 2026-08-15 115757.png
2026-08-15 12:01:04,280 INFO Processed Screenshot 2026-08-15 115757.png (File No 28): {'VALIDATED': 1, 'REVIEW_REQUIRED': 0, 'FAILED': 0}
2026-08-15 12:01:04,280 INFO Processing completed: Screenshot 2026-08-15 115757.png
2026-08-15 13:28:21,876 INFO StateStore active | Form No: max=115, next=116 | File No: max=28, next=28
2026-08-15 13:28:21,879 INFO Skipped duplicate image: sample.png
2026-08-15 13:35:42,354 INFO StateStore active | Form No: max=115, next=116 | File No: max=28, next=28
2026-08-15 13:35:42,355 INFO Watching images\inbox for new images (.png, .jpg, .jpeg, .bmp, .webp). Polling latency ~1s. Ctrl+C to stop.
2026-08-15 13:43:06,297 INFO Watcher stopped safely.
2026-08-15 13:45:33,001 INFO StateStore active | Form No: max=115, next=116 | File No: max=28, next=28
2026-08-15 13:45:33,007 INFO Skipped duplicate image: sample.png
2026-08-15 13:45:43,076 INFO StateStore active | Form No: max=115, next=116 | File No: max=28, next=28
2026-08-15 13:45:54,093 INFO Daily startup session initialized: continuing existing numbering state
2026-08-15 13:45:54,094 INFO Active File No: 28 | Next Form No: 116
2026-08-15 13:45:54,095 INFO Watching images\inbox for new images (.png, .jpg, .jpeg, .bmp, .webp). Polling latency ~1s. Ctrl+C to stop.
2026-08-15 13:45:57,579 INFO Watcher stopped safely.
2026-08-15 13:47:59,628 INFO StateStore active | Form No: max=115, next=116 | File No: max=28, next=28
2026-08-15 13:48:10,275 INFO Operator selected new daily numbering configuration
2026-08-15 13:49:48,326 INFO New daily numbering configuration confirmed: File No=44 Starting Form No=173
2026-08-15 13:49:48,327 INFO Watching images\inbox for new images (.png, .jpg, .jpeg, .bmp, .webp). Polling latency ~1s. Ctrl+C to stop.
2026-08-15 13:51:11,398 INFO Image detected: Screenshot 2026-08-15 135110.png (size: 107521 bytes)
2026-08-15 13:51:12,074 INFO Image ready: Screenshot 2026-08-15 135110.png (file stable and readable)
2026-08-15 13:51:12,076 INFO Processing started: Screenshot 2026-08-15 135110.png
2026-08-15 13:51:15,256 INFO OCR variant A on Screenshot 2026-08-15 135110.png: records=1 mean_confidence=63.4
2026-08-15 13:51:16,108 INFO OCR variant B on Screenshot 2026-08-15 135110.png: records=1 mean_confidence=64.7
2026-08-15 13:51:17,114 INFO OCR variant C on Screenshot 2026-08-15 135110.png: records=1 mean_confidence=70.9
2026-08-15 13:51:17,115 INFO Selected OCR variant C for Screenshot 2026-08-15 135110.png
2026-08-15 13:51:17,179 INFO Processed Screenshot 2026-08-15 135110.png (File No 44): {'VALIDATED': 0, 'REVIEW_REQUIRED': 1, 'FAILED': 0}
2026-08-15 13:51:17,180 INFO Processing completed: Screenshot 2026-08-15 135110.png
2026-08-15 13:59:16,743 INFO Watcher stopped safely.
2026-08-15 13:59:20,892 INFO StateStore active | Form No: max=173, next=174 | File No: max=44, next=44
2026-08-15 13:59:29,239 INFO Operator selected new daily numbering configuration
2026-08-15 13:59:42,123 WARNING New numbering configuration rejected: File No 44 already exists. Choose a different File No.
2026-08-15 14:00:15,952 WARNING New numbering configuration rejected: File No 44 already exists. Choose a different File No.
2026-08-15 14:00:22,093 INFO Watcher stopped safely.
2026-08-15 14:00:24,751 INFO StateStore active | Form No: max=173, next=174 | File No: max=44, next=44
2026-08-15 14:00:28,160 INFO Daily startup session initialized: continuing existing numbering state
2026-08-15 14:00:28,160 INFO Active File No: 44 | Next Form No: 174
2026-08-15 14:00:28,162 INFO Watching images\inbox for new images (.png, .jpg, .jpeg, .bmp, .webp). Polling latency ~1s. Ctrl+C to stop.
2026-08-15 14:01:08,190 INFO Image detected: Screenshot 2026-08-15 140107.png (size: 0 bytes)
2026-08-15 14:01:09,249 INFO Image ready: Screenshot 2026-08-15 140107.png (file stable and readable)
2026-08-15 14:01:09,249 INFO Processing started: Screenshot 2026-08-15 140107.png
2026-08-15 14:01:10,611 INFO OCR variant A on Screenshot 2026-08-15 140107.png: records=1 mean_confidence=63.9
2026-08-15 14:01:11,326 INFO OCR variant B on Screenshot 2026-08-15 140107.png: records=1 mean_confidence=62.1
2026-08-15 14:01:12,125 INFO OCR variant C on Screenshot 2026-08-15 140107.png: records=1 mean_confidence=67.2
2026-08-15 14:01:12,126 INFO Selected OCR variant C for Screenshot 2026-08-15 140107.png
2026-08-15 14:01:12,158 INFO Processed Screenshot 2026-08-15 140107.png (File No 44): {'VALIDATED': 0, 'REVIEW_REQUIRED': 1, 'FAILED': 0}
2026-08-15 14:01:12,158 INFO Processing completed: Screenshot 2026-08-15 140107.png
2026-08-15 14:06:15,302 INFO OCR variant A on Screenshot 2026-08-15 140107.png: records=1 mean_confidence=63.9
2026-08-15 14:06:16,043 INFO OCR variant B on Screenshot 2026-08-15 140107.png: records=1 mean_confidence=62.1
2026-08-15 14:06:16,830 INFO OCR variant C on Screenshot 2026-08-15 140107.png: records=1 mean_confidence=67.2
2026-08-15 14:06:16,830 INFO Selected OCR variant C for Screenshot 2026-08-15 140107.png
2026-08-15 14:06:16,849 INFO TARGETED OCR START: Record 1 IMEI 2
2026-08-15 14:06:17,140 INFO TARGETED OCR RESULT: IMEI 2 confidence=77.3 decision=NO_SAFE_CORRECTION result="'#SS# - $? - 468976 - 2"
2026-08-15 14:06:17,140 INFO TARGETED OCR START: Record 1 IMEI 1
2026-08-15 14:06:17,460 INFO TARGETED OCR RESULT: IMEI 1 confidence=65.9 decision=NO_SAFE_CORRECTION result='CDMA+CDMA) = T722 943826 - 52 - 988142 - 5'
2026-08-15 14:06:17,461 INFO TARGETED OCR START: Record 1 Postal Code
2026-08-15 14:06:17,749 INFO TARGETED OCR RESULT: Postal Code confidence=58.5 decision=NO_SAFE_CORRECTION result='BN] 2FN'
2026-08-15 14:06:17,750 WARNING RECORD 1 FIELD Title | raw='MISS' normalized='Miss' confidence=47.0 validation=REVIEW reasons=LOW_OCR_CONFIDENCE targeted={'attempted': False, 'decision': 'NOT_REQUIRED'}
2026-08-15 14:06:17,750 WARNING RECORD 1 FIELD Mailing Street | raw='139 Kings Road' normalized='139 Kings Road' confidence=0.0 validation=REVIEW reasons=LOW_OCR_CONFIDENCE targeted={'attempted': False, 'decision': 'NOT_REQUIRED'}
2026-08-15 14:06:17,750 WARNING RECORD 1 FIELD Postal Code | raw='BNI 2FN' normalized='BNI 2FN' confidence=16.0 validation=REVIEW reasons=LOW_OCR_CONFIDENCE targeted={'attempted': True, 'result': 'BN] 2FN', 'confidence': 58.5, 'decision': 'NO_SAFE_CORRECTION'}
2026-08-15 14:06:17,751 WARNING RECORD 1 FIELD IMEI 1 | raw='CDMA+CDMA) ==T722) =—-9.43826 - 52 - 988142 - 5' normalized='CDMA+CDMA) ==T722) =—-9.43826 - 52 - 988142 - 5' confidence=0.0 validation=REVIEW reasons=LOW_OCR_CONFIDENCE,INVALID_IMEI1 targeted={'attempted': True, 'result': 'CDMA+CDMA) = T722 943826 - 52 - 988142 - 5', 'confidence': 65.9, 'decision': 'NO_SAFE_CORRECTION'}
2026-08-15 14:06:17,751 WARNING RECORD 1 STATUS: REVIEW_REQUIRED
2026-08-15 14:06:17,764 INFO Processed Screenshot 2026-08-15 140107.png (File No 44): {'VALIDATED': 0, 'REVIEW_REQUIRED': 1, 'FAILED': 0}
2026-08-15 14:11:46,365 INFO Watcher stopped safely.
2026-08-15 14:15:42,702 INFO StateStore active | Form No: max=174, next=175 | File No: max=44, next=44
2026-08-15 14:15:45,389 INFO Daily startup session initialized: continuing existing numbering state
2026-08-15 14:15:45,389 INFO Active File No: 44 | Next Form No: 175
2026-08-15 14:15:45,391 INFO Watching images\inbox for new images (.png, .jpg, .jpeg, .bmp, .webp). Polling latency ~1s. Ctrl+C to stop.
2026-08-15 14:16:05,405 INFO Image detected: Screenshot 2026-08-15 141604.png (size: 107131 bytes)
2026-08-15 14:16:05,406 INFO IMAGE STABILITY CHECK: Screenshot 2026-08-15 141604.png (SIZE=107131)
2026-08-15 14:16:05,946 INFO IMAGE DECODE OK: Screenshot 2026-08-15 141604.png
2026-08-15 14:16:05,947 INFO Image ready: Screenshot 2026-08-15 141604.png (file stable and readable)
2026-08-15 14:16:05,947 INFO Processing started: Screenshot 2026-08-15 141604.png
2026-08-15 14:16:06,817 INFO OCR variant A on Screenshot 2026-08-15 141604.png: records=1 mean_confidence=57.2
2026-08-15 14:16:07,514 INFO OCR variant B on Screenshot 2026-08-15 141604.png: records=1 mean_confidence=66.7
2026-08-15 14:16:08,272 INFO OCR variant C on Screenshot 2026-08-15 141604.png: records=1 mean_confidence=73.5
2026-08-15 14:16:08,272 INFO Selected OCR variant C for Screenshot 2026-08-15 141604.png
2026-08-15 14:16:08,290 INFO TARGETED OCR START: Record 1 IMEI 1
2026-08-15 14:16:08,594 INFO TARGETED OCR RESULT: IMEI 1 confidence=65.9 decision=NO_SAFE_CORRECTION result='CDMA+CDMA) = T722 943826 - 52 - 988142 - 5'
2026-08-15 14:16:08,595 INFO TARGETED OCR START: Record 1 IMEI 2
2026-08-15 14:16:08,850 INFO TARGETED OCR RESULT: IMEI 2 confidence=77.3 decision=NO_SAFE_CORRECTION result="'#SS# - $? - 468976 - 2"
2026-08-15 14:16:08,851 INFO TARGETED OCR START: Record 1 Postal Code
2026-08-15 14:16:09,071 INFO TARGETED OCR RESULT: Postal Code confidence=58.5 decision=NO_SAFE_CORRECTION result='BN] 2FN'
2026-08-15 14:16:09,071 INFO TARGETED OCR START: Record 1 Reference No
2026-08-15 14:16:09,352 INFO TARGETED OCR RESULT: Reference No confidence=53.0 decision=NO_SAFE_CORRECTION result='HuWhéinr+#!@#&28405650'
2026-08-15 14:16:09,353 WARNING RECORD 1 FIELD Mailing Street | raw='139 Kings Road' normalized='139 Kings Road' confidence=20.0 validation=REVIEW reasons=LOW_OCR_CONFIDENCE targeted={'attempted': False, 'decision': 'NOT_REQUIRED'}
2026-08-15 14:16:09,353 WARNING RECORD 1 FIELD Postal Code | raw='BNI 2FN' normalized='BNI 2FN' confidence=24.0 validation=REVIEW reasons=LOW_OCR_CONFIDENCE targeted={'attempted': True, 'result': 'BN] 2FN', 'confidence': 58.5, 'decision': 'NO_SAFE_CORRECTION'}
2026-08-15 14:16:09,353 WARNING RECORD 1 FIELD IMEI 1 | raw='CDMA+CDMA 1722 943826 - 52 - 988142 - 5' normalized='CDMA+CDMA 1722 943826 - 52 - 988142 - 5' confidence=26.0 validation=REVIEW reasons=LOW_OCR_CONFIDENCE,INVALID_IMEI1 targeted={'attempted': True, 'result': 'CDMA+CDMA) = T722 943826 - 52 - 988142 - 5', 'confidence': 65.9, 'decision': 'NO_SAFE_CORRECTION'}
2026-08-15 14:16:09,354 WARNING RECORD 1 STATUS: REVIEW_REQUIRED
2026-08-15 14:16:09,368 INFO Processed Screenshot 2026-08-15 141604.png (File No 44): {'VALIDATED': 0, 'REVIEW_REQUIRED': 1, 'FAILED': 0}
2026-08-15 14:16:09,369 INFO Processing completed: Screenshot 2026-08-15 141604.png
2026-08-15 14:47:59,248 INFO FIELD REGION: Record=1 Field=Card Type Label='Card' Label bbox={'x': 434, 'y': 105, 'width': 37, 'height': 16} Value region={'x': 477, 'y': 103, 'width': 459, 'height': 24} Region confidence=0.95
2026-08-15 14:47:59,346 INFO FIELD REGION: Record=2 Field=Card Type Label='Card' Label bbox={'x': 722, 'y': 321, 'width': 37, 'height': 15} Value region={'x': 766, 'y': 319, 'width': 401, 'height': 21} Region confidence=0.95
2026-08-15 14:47:59,519 INFO FIELD REGION: Record=4 Field=Profession Label='ProFessional' Label bbox={'x': 788, 'y': 667, 'width': 104, 'height': 15} Value region={'x': 928, 'y': 666, 'width': 299, 'height': 20} Region confidence=0.95
2026-08-15 14:48:05,517 INFO StateStore successfully reset: Starting File No = 28, Starting Form No = 110
2026-08-15 14:48:12,248 INFO StateStore active | Form No: max=None, next=110 | File No: max=None, next=28
2026-08-15 14:48:13,220 INFO OCR variant A on sample.png: records=4 mean_confidence=66.4
2026-08-15 14:48:14,075 INFO OCR variant B on sample.png: records=4 mean_confidence=66.9
2026-08-15 14:48:15,085 INFO OCR variant C on sample.png: records=4 mean_confidence=69.6
2026-08-15 14:48:15,086 INFO Selected OCR variant C for sample.png
2026-08-15 14:48:15,146 INFO FIELD REGION: Record=1 Field=Card Type Label='Card' Label bbox={'x': 434, 'y': 105, 'width': 37, 'height': 16} Value region={'x': 477, 'y': 103, 'width': 459, 'height': 24} Region confidence=0.95
2026-08-15 14:48:15,150 INFO TARGETED OCR START: Record=1 Field=IMEI 1 Region={'x': 34, 'y': 62, 'width': 1190, 'height': 59}
2026-08-15 14:48:15,568 INFO TARGETED OCR: Field=IMEI 1 Region={'x': 34, 'y': 62, 'width': 1190, 'height': 59} Variant=3x_contrast PSM=8 Result='Tee eg nc eek. nan natin TaN EME' Candidate='' Valid=False Conf=9.5
2026-08-15 14:48:15,851 INFO TARGETED OCR: Field=IMEI 1 Region={'x': 34, 'y': 62, 'width': 1190, 'height': 59} Variant=3x_contrast PSM=6 Result='England Vodafone Tango - 4616541 VfoneB4YT!@##&T3 JiVawBl50239190I089 GSM Siemens MC60 473871 - 33 - 751054 - 6 7 @SiS - #1-521315-9 TurboCall MasterCardPremium Gold €580 06/07/2020 06/01/2022' Candidate='46165414350239190089604738713375105467152131595800607202006012022' Valid=False Conf=59.4
2026-08-15 14:48:16,062 INFO TARGETED OCR: Field=IMEI 1 Region={'x': 34, 'y': 62, 'width': 1190, 'height': 59} Variant=3x_contrast PSM=13 Result='Tee eg nc eek. nan natin TaN EME' Candidate='' Valid=False Conf=9.5
2026-08-15 14:48:16,485 INFO TARGETED OCR: Field=IMEI 1 Region={'x': 34, 'y': 62, 'width': 1190, 'height': 59} Variant=4x_contrast PSM=8 Result='Te ee nc eek nan nettig tae NN ENE MES' Candidate='' Valid=False Conf=11.4
2026-08-15 14:48:16,771 INFO TARGETED OCR: Field=IMEI 1 Region={'x': 34, 'y': 62, 'width': 1190, 'height': 59} Variant=4x_contrast PSM=6 Result='England Vodafone Tango - 4616541 VfoneB4YT!@##&T3 JiVawBl50239190I089 GSM Siemens MC60 473871 - 33 - 751054 - 6 7@sis - #!-521315-9 TurboCall Master Card Premium Gold E580 06/07/2020 06/01/2022' Candidate='4616541435023919008960473871337510546752131595800607202006012022' Valid=False Conf=74.4
2026-08-15 14:48:17,018 INFO TARGETED OCR: Field=IMEI 1 Region={'x': 34, 'y': 62, 'width': 1190, 'height': 59} Variant=4x_contrast PSM=13 Result='Te ee nc eek nan nettig tae NN ENE MES' Candidate='' Valid=False Conf=11.4
2026-08-15 14:48:17,432 INFO TARGETED OCR: Field=IMEI 1 Region={'x': 34, 'y': 62, 'width': 1190, 'height': 59} Variant=4x_otsu PSM=8 Result='Te a Ne rk aa nettig tae N ENE MES' Candidate='' Valid=False Conf=8.6
2026-08-15 14:48:17,713 INFO TARGETED OCR: Field=IMEI 1 Region={'x': 34, 'y': 62, 'width': 1190, 'height': 59} Variant=4x_otsu PSM=6 Result='England Vodafone Tango - 4616541 VfoneB4YT!@##&T3 JiVawB150239190I089 GSM Siemens MC60 473871 - 33 - 751054 - 6 @S!$ - #1-521315-9 TurboCall MasterCardPremium Gold £580 06/07/2020 06/01/2022' Candidate='46165414315023919008960473871337510546152131595800607202006012022' Valid=False Conf=67.4
2026-08-15 14:48:17,939 INFO TARGETED OCR: Field=IMEI 1 Region={'x': 34, 'y': 62, 'width': 1190, 'height': 59} Variant=4x_otsu PSM=13 Result='Te a Ne rk aa nettig tae N ENE MES' Candidate='' Valid=False Conf=8.6
2026-08-15 14:48:18,329 INFO TARGETED OCR: Field=IMEI 1 Region={'x': 34, 'y': 62, 'width': 1190, 'height': 59} Variant=3x_adaptive PSM=8 Result='Te ee nd nang netig Tae EEE' Candidate='' Valid=False Conf=9.3
2026-08-15 14:48:18,601 INFO TARGETED OCR: Field=IMEI 1 Region={'x': 34, 'y': 62, 'width': 1190, 'height': 59} Variant=3x_adaptive PSM=6 Result='England Vodafone Tango - 4616541 VfoneB4YT!@##&T3 JiVawBi50239130I089 GSM Siemens MCé60 473871 - 33 - 751054 - 6 7 @5!$ - #1-521315-% TurboCall MasterCardPremium Gold €580 06/07/2020 06/01/2022' Candidate='46165414350239130089604738713375105467515213155800607202006012022' Valid=False Conf=67.7
2026-08-15 14:48:18,818 INFO TARGETED OCR: Field=IMEI 1 Region={'x': 34, 'y': 62, 'width': 1190, 'height': 59} Variant=3x_adaptive PSM=13 Result='Te ee nd nang netig Tae EEE' Candidate='' Valid=False Conf=9.3
2026-08-15 14:48:18,851 WARNING TARGETED OCR FAILED: Record=1 Field=IMEI 1 Decision=NO_SAFE_CORRECTION Reason=INVALID_IMEI1
2026-08-15 14:48:18,851 INFO TARGETED OCR START: Record=1 Field=Email Region={'x': 223, 'y': 19, 'width': 138, 'height': 19}
2026-08-15 14:48:18,981 INFO TARGETED OCR: Field=Email Region={'x': 223, 'y': 19, 'width': 138, 'height': 19} Variant=3x_contrast PSM=7 Result='hilary@jisc.ac.uk' Candidate='hilary@jisc.ac.uk' Valid=True Conf=92.0
2026-08-15 14:48:19,090 INFO TARGETED OCR: Field=Email Region={'x': 223, 'y': 19, 'width': 138, 'height': 19} Variant=3x_contrast PSM=8 Result='hilary@jisc.ac.uk.' Candidate='hilary@jisc.ac.uk.' Valid=True Conf=9.0
2026-08-15 14:48:19,201 INFO TARGETED OCR: Field=Email Region={'x': 223, 'y': 19, 'width': 138, 'height': 19} Variant=3x_contrast PSM=6 Result='hilary@jisc.ac.uk' Candidate='hilary@jisc.ac.uk' Valid=True Conf=92.0
2026-08-15 14:48:19,337 INFO TARGETED OCR: Field=Email Region={'x': 223, 'y': 19, 'width': 138, 'height': 19} Variant=3x_contrast PSM=13 Result='hilary@jisc.ac.uk.' Candidate='hilary@jisc.ac.uk.' Valid=True Conf=9.0
2026-08-15 14:48:19,462 INFO TARGETED OCR: Field=Email Region={'x': 223, 'y': 19, 'width': 138, 'height': 19} Variant=4x_contrast PSM=7 Result='hilary@jisc.ac.uk' Candidate='hilary@jisc.ac.uk' Valid=True Conf=90.0
2026-08-15 14:48:19,586 INFO TARGETED OCR: Field=Email Region={'x': 223, 'y': 19, 'width': 138, 'height': 19} Variant=4x_contrast PSM=8 Result='hilary@jisc.ac.uk.' Candidate='hilary@jisc.ac.uk.' Valid=True Conf=0.0
2026-08-15 14:48:19,708 INFO TARGETED OCR: Field=Email Region={'x': 223, 'y': 19, 'width': 138, 'height': 19} Variant=4x_contrast PSM=6 Result='hilary@jisc.ac.uk' Candidate='hilary@jisc.ac.uk' Valid=True Conf=90.0
2026-08-15 14:48:19,829 INFO TARGETED OCR: Field=Email Region={'x': 223, 'y': 19, 'width': 138, 'height': 19} Variant=4x_contrast PSM=13 Result='hilary@jisc.ac.uk.' Candidate='hilary@jisc.ac.uk.' Valid=True Conf=0.0
2026-08-15 14:48:19,948 INFO TARGETED OCR: Field=Email Region={'x': 223, 'y': 19, 'width': 138, 'height': 19} Variant=4x_otsu PSM=7 Result='hilary@jisc.ac.uk' Candidate='hilary@jisc.ac.uk' Valid=True Conf=87.0
2026-08-15 14:48:20,064 INFO TARGETED OCR: Field=Email Region={'x': 223, 'y': 19, 'width': 138, 'height': 19} Variant=4x_otsu PSM=8 Result='hilary@jisc.ac.uk' Candidate='hilary@jisc.ac.uk' Valid=True Conf=6.0
2026-08-15 14:48:20,175 INFO TARGETED OCR: Field=Email Region={'x': 223, 'y': 19, 'width': 138, 'height': 19} Variant=4x_otsu PSM=6 Result='hilary@jisc.ac.uk' Candidate='hilary@jisc.ac.uk' Valid=True Conf=87.0
2026-08-15 14:48:20,285 INFO TARGETED OCR: Field=Email Region={'x': 223, 'y': 19, 'width': 138, 'height': 19} Variant=4x_otsu PSM=13 Result='hilary@jisc.ac.uk' Candidate='hilary@jisc.ac.uk' Valid=True Conf=6.0
2026-08-15 14:48:20,411 INFO TARGETED OCR: Field=Email Region={'x': 223, 'y': 19, 'width': 138, 'height': 19} Variant=3x_adaptive PSM=7 Result='hilary@jisc.ac.uk' Candidate='hilary@jisc.ac.uk' Valid=True Conf=90.0
2026-08-15 14:48:20,530 INFO TARGETED OCR: Field=Email Region={'x': 223, 'y': 19, 'width': 138, 'height': 19} Variant=3x_adaptive PSM=8 Result='hilary@jisc.ac.uk' Candidate='hilary@jisc.ac.uk' Valid=True Conf=0.0
2026-08-15 14:48:20,651 INFO TARGETED OCR: Field=Email Region={'x': 223, 'y': 19, 'width': 138, 'height': 19} Variant=3x_adaptive PSM=6 Result='hilary@jisc.ac.uk' Candidate='hilary@jisc.ac.uk' Valid=True Conf=90.0
2026-08-15 14:48:20,771 INFO TARGETED OCR: Field=Email Region={'x': 223, 'y': 19, 'width': 138, 'height': 19} Variant=3x_adaptive PSM=13 Result='hilary@jisc.ac.uk' Candidate='hilary@jisc.ac.uk' Valid=True Conf=0.0
2026-08-15 14:48:20,773 INFO TARGETED OCR ACCEPTED: Record=1 Field=Email Value='hilary@jisc.ac.uk' Conf=60.8 Decision=ACCEPTED_CONSENSUS
2026-08-15 14:48:20,773 INFO TARGETED OCR START: Record=1 Field=SIM No Region={'x': 597, 'y': 62, 'width': 175, 'height': 17}
2026-08-15 14:48:20,906 INFO TARGETED OCR: Field=SIM No Region={'x': 597, 'y': 62, 'width': 175, 'height': 17} Variant=3x_contrast PSM=7 Result='JIVawB1502391301089' Candidate='JIVawB1502391301089' Valid=True Conf=60.0
2026-08-15 14:48:21,030 INFO TARGETED OCR: Field=SIM No Region={'x': 597, 'y': 62, 'width': 175, 'height': 17} Variant=3x_contrast PSM=8 Result='JIVawB1502391301089' Candidate='JIVawB1502391301089' Valid=True Conf=18.0
2026-08-15 14:48:21,152 INFO TARGETED OCR: Field=SIM No Region={'x': 597, 'y': 62, 'width': 175, 'height': 17} Variant=3x_contrast PSM=6 Result='JIVawB1502391301089' Candidate='JIVawB1502391301089' Valid=True Conf=60.0
2026-08-15 14:48:21,289 INFO TARGETED OCR: Field=SIM No Region={'x': 597, 'y': 62, 'width': 175, 'height': 17} Variant=3x_contrast PSM=13 Result='JIVawB1502391301089' Candidate='JIVawB1502391301089' Valid=True Conf=18.0
2026-08-15 14:48:21,430 INFO TARGETED OCR: Field=SIM No Region={'x': 597, 'y': 62, 'width': 175, 'height': 17} Variant=4x_contrast PSM=7 Result='JiVawB1502391301089' Candidate='JiVawB1502391301089' Valid=True Conf=54.0
2026-08-15 14:48:21,562 INFO TARGETED OCR: Field=SIM No Region={'x': 597, 'y': 62, 'width': 175, 'height': 17} Variant=4x_contrast PSM=8 Result='JIVawB1502391301089' Candidate='JIVawB1502391301089' Valid=True Conf=26.0
2026-08-15 14:48:21,711 INFO TARGETED OCR: Field=SIM No Region={'x': 597, 'y': 62, 'width': 175, 'height': 17} Variant=4x_contrast PSM=6 Result='JiVawB1502391301089' Candidate='JiVawB1502391301089' Valid=True Conf=54.0
2026-08-15 14:48:21,841 INFO TARGETED OCR: Field=SIM No Region={'x': 597, 'y': 62, 'width': 175, 'height': 17} Variant=4x_contrast PSM=13 Result='JIVawB1502391301089' Candidate='JIVawB1502391301089' Valid=True Conf=26.0
2026-08-15 14:48:21,968 INFO TARGETED OCR: Field=SIM No Region={'x': 597, 'y': 62, 'width': 175, 'height': 17} Variant=4x_otsu PSM=7 Result='JIVawB1502391301089' Candidate='JIVawB1502391301089' Valid=True Conf=58.0
2026-08-15 14:48:22,087 INFO TARGETED OCR: Field=SIM No Region={'x': 597, 'y': 62, 'width': 175, 'height': 17} Variant=4x_otsu PSM=8 Result='‘JIVawB1502391301089' Candidate='‘JIVawB1502391301089' Valid=True Conf=7.0
2026-08-15 14:48:22,203 INFO TARGETED OCR: Field=SIM No Region={'x': 597, 'y': 62, 'width': 175, 'height': 17} Variant=4x_otsu PSM=6 Result='JIVawB1502391301089' Candidate='JIVawB1502391301089' Valid=True Conf=58.0
2026-08-15 14:48:22,320 INFO TARGETED OCR: Field=SIM No Region={'x': 597, 'y': 62, 'width': 175, 'height': 17} Variant=4x_otsu PSM=13 Result='‘JIVawB1502391301089' Candidate='‘JIVawB1502391301089' Valid=True Conf=7.0
2026-08-15 14:48:22,457 INFO TARGETED OCR: Field=SIM No Region={'x': 597, 'y': 62, 'width': 175, 'height': 17} Variant=3x_adaptive PSM=7 Result='JIVawB1502391301089' Candidate='JIVawB1502391301089' Valid=True Conf=80.0
2026-08-15 14:48:22,583 INFO TARGETED OCR: Field=SIM No Region={'x': 597, 'y': 62, 'width': 175, 'height': 17} Variant=3x_adaptive PSM=8 Result='JIVawB1502391301089' Candidate='JIVawB1502391301089' Valid=True Conf=0.0
2026-08-15 14:48:22,706 INFO TARGETED OCR: Field=SIM No Region={'x': 597, 'y': 62, 'width': 175, 'height': 17} Variant=3x_adaptive PSM=6 Result='JIVawB1502391301089' Candidate='JIVawB1502391301089' Valid=True Conf=80.0
2026-08-15 14:48:22,830 INFO TARGETED OCR: Field=SIM No Region={'x': 597, 'y': 62, 'width': 175, 'height': 17} Variant=3x_adaptive PSM=13 Result='JIVawB1502391301089' Candidate='JIVawB1502391301089' Valid=True Conf=0.0
2026-08-15 14:48:22,830 INFO TARGETED OCR ACCEPTED: Record=1 Field=SIM No Value='JIVawB1502391301089' Conf=40.3 Decision=ACCEPTED_CONSENSUS
2026-08-15 14:48:22,830 INFO TARGETED OCR START: Record=1 Field=Reference No Region={'x': 396, 'y': 62, 'width': 165, 'height': 21}
2026-08-15 14:48:22,967 INFO TARGETED OCR: Field=Reference No Region={'x': 396, 'y': 62, 'width': 165, 'height': 21} Variant=3x_contrast PSM=7 Result='VfoneB4YT!@#F&T3' Candidate='VfoneB4YT!@#F&T3' Valid=True Conf=32.0
2026-08-15 14:48:23,086 INFO TARGETED OCR: Field=Reference No Region={'x': 396, 'y': 62, 'width': 165, 'height': 21} Variant=3x_contrast PSM=8 Result='VioneBAYTI@##&T3' Candidate='VioneBAYTI@##&T3' Valid=True Conf=8.0
2026-08-15 14:48:23,211 INFO TARGETED OCR: Field=Reference No Region={'x': 396, 'y': 62, 'width': 165, 'height': 21} Variant=3x_contrast PSM=6 Result='VfoneB4YT!@#F&T3' Candidate='VfoneB4YT!@#F&T3' Valid=True Conf=32.0
2026-08-15 14:48:23,350 INFO TARGETED OCR: Field=Reference No Region={'x': 396, 'y': 62, 'width': 165, 'height': 21} Variant=3x_contrast PSM=13 Result='VioneBAYTI@##&T3' Candidate='VioneBAYTI@##&T3' Valid=True Conf=8.0
2026-08-15 14:48:23,478 INFO TARGETED OCR: Field=Reference No Region={'x': 396, 'y': 62, 'width': 165, 'height': 21} Variant=4x_contrast PSM=7 Result='VfoneB4YT! @#FET3' Candidate='VfoneB4YT! @#FET3' Valid=True Conf=0.0
2026-08-15 14:48:23,602 INFO TARGETED OCR: Field=Reference No Region={'x': 396, 'y': 62, 'width': 165, 'height': 21} Variant=4x_contrast PSM=8 Result='VioneBAYTI@##ET3' Candidate='VioneBAYTI@##ET3' Valid=True Conf=0.0
2026-08-15 14:48:23,725 INFO TARGETED OCR: Field=Reference No Region={'x': 396, 'y': 62, 'width': 165, 'height': 21} Variant=4x_contrast PSM=6 Result='VfoneB4YT! @#FET3' Candidate='VfoneB4YT! @#FET3' Valid=True Conf=0.0
2026-08-15 14:48:23,850 INFO TARGETED OCR: Field=Reference No Region={'x': 396, 'y': 62, 'width': 165, 'height': 21} Variant=4x_contrast PSM=13 Result='VioneBAYTI@##ET3' Candidate='VioneBAYTI@##ET3' Valid=True Conf=0.0
2026-08-15 14:48:23,976 INFO TARGETED OCR: Field=Reference No Region={'x': 396, 'y': 62, 'width': 165, 'height': 21} Variant=4x_otsu PSM=7 Result='VfoneB4YT!@#F&T3' Candidate='VfoneB4YT!@#F&T3' Valid=True Conf=34.0
2026-08-15 14:48:24,110 INFO TARGETED OCR: Field=Reference No Region={'x': 396, 'y': 62, 'width': 165, 'height': 21} Variant=4x_otsu PSM=8 Result='VioneBsYTI@#4&T3' Candidate='VioneBsYTI@#4&T3' Valid=True Conf=0.0
2026-08-15 14:48:24,231 INFO TARGETED OCR: Field=Reference No Region={'x': 396, 'y': 62, 'width': 165, 'height': 21} Variant=4x_otsu PSM=6 Result='VfoneB4YT!@#F&T3' Candidate='VfoneB4YT!@#F&T3' Valid=True Conf=34.0
2026-08-15 14:48:24,347 INFO TARGETED OCR: Field=Reference No Region={'x': 396, 'y': 62, 'width': 165, 'height': 21} Variant=4x_otsu PSM=13 Result='VioneBsYTI@#4&T3' Candidate='VioneBsYTI@#4&T3' Valid=True Conf=0.0
2026-08-15 14:48:24,474 INFO TARGETED OCR: Field=Reference No Region={'x': 396, 'y': 62, 'width': 165, 'height': 21} Variant=3x_adaptive PSM=7 Result='VfoneB4YT!@#A&T3' Candidate='VfoneB4YT!@#A&T3' Valid=True Conf=14.0
2026-08-15 14:48:24,599 INFO TARGETED OCR: Field=Reference No Region={'x': 396, 'y': 62, 'width': 165, 'height': 21} Variant=3x_adaptive PSM=8 Result='VioneBAYT@##&3' Candidate='VioneBAYT@##&3' Valid=True Conf=16.0
2026-08-15 14:48:24,733 INFO TARGETED OCR: Field=Reference No Region={'x': 396, 'y': 62, 'width': 165, 'height': 21} Variant=3x_adaptive PSM=6 Result='VfoneB4YT!@#A&T3' Candidate='VfoneB4YT!@#A&T3' Valid=True Conf=14.0
2026-08-15 14:48:24,867 INFO TARGETED OCR: Field=Reference No Region={'x': 396, 'y': 62, 'width': 165, 'height': 21} Variant=3x_adaptive PSM=13 Result='VioneBAYT@##&3' Candidate='VioneBAYT@##&3' Valid=True Conf=16.0
2026-08-15 14:48:24,868 INFO TARGETED OCR ACCEPTED: Record=1 Field=Reference No Value='VfoneB4YT!@#F&T3' Conf=33.0 Decision=ACCEPTED_CONSENSUS
2026-08-15 14:48:24,869 WARNING RECORD 1 FIELD First Name | raw='Hillary' normalized='Hillary' confidence=0.0 validation=REVIEW reasons=LOW_OCR_CONFIDENCE targeted={'attempted': False, 'decision': 'NOT_REQUIRED'}
2026-08-15 14:48:24,869 WARNING RECORD 1 FIELD Last Name | raw='Benton' normalized='Benton' confidence=0.0 validation=REVIEW reasons=LOW_OCR_CONFIDENCE targeted={'attempted': False, 'decision': 'NOT_REQUIRED'}
2026-08-15 14:48:24,869 WARNING RECORD 1 FIELD City | raw='Leeds, North Yorkshire' normalized='Leeds, North Yorkshire' confidence=37.0 validation=REVIEW reasons=LOW_OCR_CONFIDENCE targeted={'attempted': False, 'decision': 'NOT_REQUIRED'}
2026-08-15 14:48:24,869 WARNING RECORD 1 FIELD IMEI 1 | raw='473871 - 33 - 751054 - 6 7' normalized='473871 - 33 - 751054 - 6 7' confidence=91.86 validation=REVIEW reasons=INVALID_IMEI1 targeted={'attempted': True, 'decision': 'NO_SAFE_CORRECTION', 'reason': 'INVALID_IMEI1', 'detail': 'No confident 15-digit candidate produced from IMEI 1 region', 'runs': [{'variant': '3x_contrast', 'psm': 8, 'whitelist': False, 'raw_text': 'Tee eg nc eek. nan natin TaN EME', 'cleaned': '', 'confidence': 9.5, 'is_valid': False}, {'variant': '3x_contrast', 'psm': 6, 'whitelist': False, 'raw_text': 'England Vodafone Tango - 4616541 VfoneB4YT!@##&T3 JiVawBl50239190I089 GSM Siemens MC60 473871 - 33 - 751054 - 6 7 @SiS - #1-521315-9 TurboCall MasterCardPremium Gold €580 06/07/2020 06/01/2022', 'cleaned': '46165414350239190089604738713375105467152131595800607202006012022', 'confidence': 59.44, 'is_valid': False}, {'variant': '3x_contrast', 'psm': 13, 'whitelist': False, 'raw_text': 'Tee eg nc eek. nan natin TaN EME', 'cleaned': '', 'confidence': 9.5, 'is_valid': False}, {'variant': '4x_contrast', 'psm': 8, 'whitelist': False, 'raw_text': 'Te ee nc eek nan nettig tae NN ENE MES', 'cleaned': '', 'confidence': 11.4, 'is_valid': False}, {'variant': '4x_contrast', 'psm': 6, 'whitelist': False, 'raw_text': 'England Vodafone Tango - 4616541 VfoneB4YT!@##&T3 JiVawBl50239190I089 GSM Siemens MC60 473871 - 33 - 751054 - 6 7@sis - #!-521315-9 TurboCall Master Card Premium Gold E580 06/07/2020 06/01/2022', 'cleaned': '4616541435023919008960473871337510546752131595800607202006012022', 'confidence': 74.36, 'is_valid': False}, {'variant': '4x_contrast', 'psm': 13, 'whitelist': False, 'raw_text': 'Te ee nc eek nan nettig tae NN ENE MES', 'cleaned': '', 'confidence': 11.4, 'is_valid': False}, {'variant': '4x_otsu', 'psm': 8, 'whitelist': False, 'raw_text': 'Te a Ne rk aa nettig tae N ENE MES', 'cleaned': '', 'confidence': 8.6, 'is_valid': False}, {'variant': '4x_otsu', 'psm': 6, 'whitelist': False, 'raw_text': 'England Vodafone Tango - 4616541 VfoneB4YT!@##&T3 JiVawB150239190I089 GSM Siemens MC60 473871 - 33 - 751054 - 6 @S!$ - #1-521315-9 TurboCall MasterCardPremium Gold £580 06/07/2020 06/01/2022', 'cleaned': '46165414315023919008960473871337510546152131595800607202006012022', 'confidence': 67.38, 'is_valid': False}, {'variant': '4x_otsu', 'psm': 13, 'whitelist': False, 'raw_text': 'Te a Ne rk aa nettig tae N ENE MES', 'cleaned': '', 'confidence': 8.6, 'is_valid': False}, {'variant': '3x_adaptive', 'psm': 8, 'whitelist': False, 'raw_text': 'Te ee nd nang netig Tae EEE', 'cleaned': '', 'confidence': 9.29, 'is_valid': False}, {'variant': '3x_adaptive', 'psm': 6, 'whitelist': False, 'raw_text': 'England Vodafone Tango - 4616541 VfoneB4YT!@##&T3 JiVawBi50239130I089 GSM Siemens MCé60 473871 - 33 - 751054 - 6 7 @5!$ - #1-521315-% TurboCall MasterCardPremium Gold €580 06/07/2020 06/01/2022', 'cleaned': '46165414350239130089604738713375105467515213155800607202006012022', 'confidence': 67.67, 'is_valid': False}, {'variant': '3x_adaptive', 'psm': 13, 'whitelist': False, 'raw_text': 'Te ee nd nang netig Tae EEE', 'cleaned': '', 'confidence': 9.29, 'is_valid': False}]}
2026-08-15 14:48:24,870 WARNING RECORD 1 FIELD Contact | raw='' normalized='' confidence=0.0 validation=REVIEW reasons=MISSING_REQUIRED_FIELD,FIELD_REGION_NOT_LOCATED targeted={'attempted': False, 'decision': 'FIELD_REGION_NOT_LOCATED'}
2026-08-15 14:48:24,870 WARNING RECORD 1 FIELD Installments | raw='' normalized='' confidence=0.0 validation=REVIEW reasons=MISSING_REQUIRED_FIELD,INVALID_INSTALLMENTS targeted={'attempted': False, 'decision': 'NOT_REQUIRED'}
2026-08-15 14:48:24,870 WARNING RECORD 1 FIELD Amount in Words | raw='' normalized='' confidence=0.0 validation=REVIEW reasons=MISSING_REQUIRED_FIELD,EMPTY_AMOUNT_WORDS targeted={'attempted': False, 'decision': 'NOT_REQUIRED'}
2026-08-15 14:48:24,870 WARNING RECORD 1 STATUS: REVIEW_REQUIRED
2026-08-15 14:48:24,931 INFO FIELD REGION: Record=2 Field=Card Type Label='Card' Label bbox={'x': 722, 'y': 321, 'width': 37, 'height': 15} Value region={'x': 766, 'y': 319, 'width': 401, 'height': 21} Region confidence=0.95
2026-08-15 14:48:24,931 INFO TARGETED OCR START: Record=2 Field=IMEI 2 Region={'x': 268, 'y': 319, 'width': 180, 'height': 19}
2026-08-15 14:48:25,089 INFO TARGETED OCR: Field=IMEI 2 Region={'x': 268, 'y': 319, 'width': 180, 'height': 19} Variant=3x_contrast PSM=7 Result='|&t*? - $1 - 995095 - 2' Candidate='|&t*? - $1 - 995095 - 2' Valid=True Conf=65.7
2026-08-15 14:48:25,224 INFO TARGETED OCR: Field=IMEI 2 Region={'x': 268, 'y': 319, 'width': 180, 'height': 19} Variant=3x_contrast PSM=8 Result='gut? - $1 - 995095 -2' Candidate='gut? - $1 - 995095 -2' Valid=True Conf=62.3
2026-08-15 14:48:25,344 INFO TARGETED OCR: Field=IMEI 2 Region={'x': 268, 'y': 319, 'width': 180, 'height': 19} Variant=3x_contrast PSM=6 Result='|&t*? - $1 - 995095 - 2' Candidate='|&t*? - $1 - 995095 - 2' Valid=True Conf=65.7
2026-08-15 14:48:25,459 INFO TARGETED OCR: Field=IMEI 2 Region={'x': 268, 'y': 319, 'width': 180, 'height': 19} Variant=3x_contrast PSM=13 Result='gut? - $1 - 995095 -2' Candidate='gut? - $1 - 995095 -2' Valid=True Conf=62.3
2026-08-15 14:48:25,589 INFO TARGETED OCR: Field=IMEI 2 Region={'x': 268, 'y': 319, 'width': 180, 'height': 19} Variant=4x_contrast PSM=7 Result='|gi*? - $1 - 995095 - 2' Candidate='|gi*? - $1 - 995095 - 2' Valid=True Conf=75.3
2026-08-15 14:48:25,711 INFO TARGETED OCR: Field=IMEI 2 Region={'x': 268, 'y': 319, 'width': 180, 'height': 19} Variant=4x_contrast PSM=8 Result='[eut? - $1 - 995095 -2' Candidate='[eut? - $1 - 995095 -2' Valid=True Conf=59.7
2026-08-15 14:48:25,838 INFO TARGETED OCR: Field=IMEI 2 Region={'x': 268, 'y': 319, 'width': 180, 'height': 19} Variant=4x_contrast PSM=6 Result='|gi*? - $1 - 995095 - 2' Candidate='|gi*? - $1 - 995095 - 2' Valid=True Conf=75.3
2026-08-15 14:48:25,960 INFO TARGETED OCR: Field=IMEI 2 Region={'x': 268, 'y': 319, 'width': 180, 'height': 19} Variant=4x_contrast PSM=13 Result='[eut? - $1 - 995095 -2' Candidate='[eut? - $1 - 995095 -2' Valid=True Conf=59.7
2026-08-15 14:48:26,089 INFO TARGETED OCR: Field=IMEI 2 Region={'x': 268, 'y': 319, 'width': 180, 'height': 19} Variant=4x_otsu PSM=7 Result='[StI°? - $1 - 995095 - 2' Candidate='[StI°? - $1 - 995095 - 2' Valid=True Conf=59.1
2026-08-15 14:48:26,210 INFO TARGETED OCR: Field=IMEI 2 Region={'x': 268, 'y': 319, 'width': 180, 'height': 19} Variant=4x_otsu PSM=8 Result='[gut? - $1- 995095 -2' Candidate='[gut? - $1- 995095 -2' Valid=True Conf=66.2
2026-08-15 14:48:26,328 INFO TARGETED OCR: Field=IMEI 2 Region={'x': 268, 'y': 319, 'width': 180, 'height': 19} Variant=4x_otsu PSM=6 Result='[StI°? - $1 - 995095 - 2' Candidate='[StI°? - $1 - 995095 - 2' Valid=True Conf=59.1
2026-08-15 14:48:26,446 INFO TARGETED OCR: Field=IMEI 2 Region={'x': 268, 'y': 319, 'width': 180, 'height': 19} Variant=4x_otsu PSM=13 Result='[gut? - $1- 995095 -2' Candidate='[gut? - $1- 995095 -2' Valid=True Conf=66.2
2026-08-15 14:48:26,572 INFO TARGETED OCR: Field=IMEI 2 Region={'x': 268, 'y': 319, 'width': 180, 'height': 19} Variant=3x_adaptive PSM=7 Result='[St*? - $1 - 995095 - 2' Candidate='[St*? - $1 - 995095 - 2' Valid=True Conf=60.4
2026-08-15 14:48:26,696 INFO TARGETED OCR: Field=IMEI 2 Region={'x': 268, 'y': 319, 'width': 180, 'height': 19} Variant=3x_adaptive PSM=8 Result='[guit? - $1 - 995095 -2' Candidate='[guit? - $1 - 995095 -2' Valid=True Conf=54.3
2026-08-15 14:48:26,833 INFO TARGETED OCR: Field=IMEI 2 Region={'x': 268, 'y': 319, 'width': 180, 'height': 19} Variant=3x_adaptive PSM=6 Result='[St*? - $1 - 995095 - 2' Candidate='[St*? - $1 - 995095 - 2' Valid=True Conf=60.4
2026-08-15 14:48:26,958 INFO TARGETED OCR: Field=IMEI 2 Region={'x': 268, 'y': 319, 'width': 180, 'height': 19} Variant=3x_adaptive PSM=13 Result='[guit? - $1 - 995095 -2' Candidate='[guit? - $1 - 995095 -2' Valid=True Conf=54.3
2026-08-15 14:48:26,958 INFO TARGETED OCR ACCEPTED: Record=2 Field=IMEI 2 Value='|&t*? - $1 - 995095 - 2' Conf=65.7 Decision=ACCEPTED_CONSENSUS
2026-08-15 14:48:26,958 INFO TARGETED OCR START: Record=2 Field=SIM No Region={'x': 789, 'y': 278, 'width': 198, 'height': 19}
2026-08-15 14:48:27,098 INFO TARGETED OCR: Field=SIM No Region={'x': 789, 'y': 278, 'width': 198, 'height': 19} Variant=3x_contrast PSM=7 Result='YTAujw2223295806KM81' Candidate='YTAujw2223295806KM81' Valid=True Conf=64.0
2026-08-15 14:48:27,225 INFO TARGETED OCR: Field=SIM No Region={'x': 789, 'y': 278, 'width': 198, 'height': 19} Variant=3x_contrast PSM=8 Result='YTAujW2223295806KMB1' Candidate='YTAujW2223295806KMB1' Valid=True Conf=15.0
2026-08-15 14:48:27,355 INFO TARGETED OCR: Field=SIM No Region={'x': 789, 'y': 278, 'width': 198, 'height': 19} Variant=3x_contrast PSM=6 Result='YTAujw2223295806KM81' Candidate='YTAujw2223295806KM81' Valid=True Conf=64.0
2026-08-15 14:48:27,480 INFO TARGETED OCR: Field=SIM No Region={'x': 789, 'y': 278, 'width': 198, 'height': 19} Variant=3x_contrast PSM=13 Result='YTAujW2223295806KMB1' Candidate='YTAujW2223295806KMB1' Valid=True Conf=15.0
2026-08-15 14:48:27,611 INFO TARGETED OCR: Field=SIM No Region={'x': 789, 'y': 278, 'width': 198, 'height': 19} Variant=4x_contrast PSM=7 Result='YTAujw2223295806KM81' Candidate='YTAujw2223295806KM81' Valid=True Conf=31.0
2026-08-15 14:48:27,756 INFO TARGETED OCR: Field=SIM No Region={'x': 789, 'y': 278, 'width': 198, 'height': 19} Variant=4x_contrast PSM=8 Result='YTAujW2223295806KMB1' Candidate='YTAujW2223295806KMB1' Valid=True Conf=0.0
2026-08-15 14:48:27,902 INFO TARGETED OCR: Field=SIM No Region={'x': 789, 'y': 278, 'width': 198, 'height': 19} Variant=4x_contrast PSM=6 Result='YTAujw2223295806KM81' Candidate='YTAujw2223295806KM81' Valid=True Conf=31.0
2026-08-15 14:48:28,028 INFO TARGETED OCR: Field=SIM No Region={'x': 789, 'y': 278, 'width': 198, 'height': 19} Variant=4x_contrast PSM=13 Result='YTAujW2223295806KMB1' Candidate='YTAujW2223295806KMB1' Valid=True Conf=0.0
2026-08-15 14:48:28,164 INFO TARGETED OCR: Field=SIM No Region={'x': 789, 'y': 278, 'width': 198, 'height': 19} Variant=4x_otsu PSM=7 Result='YTAujW2223295806KMB1' Candidate='YTAujW2223295806KMB1' Valid=True Conf=58.0
2026-08-15 14:48:28,279 INFO TARGETED OCR: Field=SIM No Region={'x': 789, 'y': 278, 'width': 198, 'height': 19} Variant=4x_otsu PSM=8 Result='YTAujW2223295806KMB1' Candidate='YTAujW2223295806KMB1' Valid=True Conf=16.0
2026-08-15 14:48:28,394 INFO TARGETED OCR: Field=SIM No Region={'x': 789, 'y': 278, 'width': 198, 'height': 19} Variant=4x_otsu PSM=6 Result='YTAujW2223295806KMB1' Candidate='YTAujW2223295806KMB1' Valid=True Conf=58.0
2026-08-15 14:48:28,508 INFO TARGETED OCR: Field=SIM No Region={'x': 789, 'y': 278, 'width': 198, 'height': 19} Variant=4x_otsu PSM=13 Result='YTAujW2223295806KMB1' Candidate='YTAujW2223295806KMB1' Valid=True Conf=16.0
2026-08-15 14:48:28,635 INFO TARGETED OCR: Field=SIM No Region={'x': 789, 'y': 278, 'width': 198, 'height': 19} Variant=3x_adaptive PSM=7 Result='YTAujw2223295806KM81' Candidate='YTAujw2223295806KM81' Valid=True Conf=78.0
2026-08-15 14:48:28,763 INFO TARGETED OCR: Field=SIM No Region={'x': 789, 'y': 278, 'width': 198, 'height': 19} Variant=3x_adaptive PSM=8 Result='‘YTAujW2223295806KM81' Candidate='‘YTAujW2223295806KM81' Valid=True Conf=8.0
2026-08-15 14:48:28,896 INFO TARGETED OCR: Field=SIM No Region={'x': 789, 'y': 278, 'width': 198, 'height': 19} Variant=3x_adaptive PSM=6 Result='YTAujw2223295806KM81' Candidate='YTAujw2223295806KM81' Valid=True Conf=78.0
2026-08-15 14:48:29,019 INFO TARGETED OCR: Field=SIM No Region={'x': 789, 'y': 278, 'width': 198, 'height': 19} Variant=3x_adaptive PSM=13 Result='‘YTAujW2223295806KM81' Candidate='‘YTAujW2223295806KM81' Valid=True Conf=8.0
2026-08-15 14:48:29,020 INFO TARGETED OCR ACCEPTED: Record=2 Field=SIM No Value='YTAujW2223295806KMB1' Conf=22.2 Decision=ACCEPTED_CONSENSUS
2026-08-15 14:48:29,020 INFO TARGETED OCR START: Record=2 Field=Reference No Region={'x': 561, 'y': 275, 'width': 193, 'height': 22}
2026-08-15 14:48:29,155 INFO TARGETED OCR: Field=Reference No Region={'x': 561, 'y': 275, 'width': 193, 'height': 22} Variant=3x_contrast PSM=7 Result='ORN39GK@E!S+P421942' Candidate='ORN39GK@E!S+P421942' Valid=True Conf=54.0
2026-08-15 14:48:29,279 INFO TARGETED OCR: Field=Reference No Region={'x': 561, 'y': 275, 'width': 193, 'height': 22} Variant=3x_contrast PSM=8 Result='ORN37GK@EIS+PAZ1942' Candidate='ORN37GK@EIS+PAZ1942' Valid=True Conf=0.0
2026-08-15 14:48:29,404 INFO TARGETED OCR: Field=Reference No Region={'x': 561, 'y': 275, 'width': 193, 'height': 22} Variant=3x_contrast PSM=6 Result='ORN39GK@E!S+P421942' Candidate='ORN39GK@E!S+P421942' Valid=True Conf=54.0
2026-08-15 14:48:29,537 INFO TARGETED OCR: Field=Reference No Region={'x': 561, 'y': 275, 'width': 193, 'height': 22} Variant=3x_contrast PSM=13 Result='ORN37GK@EIS+PAZ1942' Candidate='ORN37GK@EIS+PAZ1942' Valid=True Conf=0.0
2026-08-15 14:48:29,666 INFO TARGETED OCR: Field=Reference No Region={'x': 561, 'y': 275, 'width': 193, 'height': 22} Variant=4x_contrast PSM=7 Result='ORNSIGK@E!$+P421942' Candidate='ORNSIGK@E!$+P421942' Valid=True Conf=20.0
2026-08-15 14:48:29,790 INFO TARGETED OCR: Field=Reference No Region={'x': 561, 'y': 275, 'width': 193, 'height': 22} Variant=4x_contrast PSM=8 Result='ORN37GK@EIS+PAZ1942' Candidate='ORN37GK@EIS+PAZ1942' Valid=True Conf=5.0
2026-08-15 14:48:29,923 INFO TARGETED OCR: Field=Reference No Region={'x': 561, 'y': 275, 'width': 193, 'height': 22} Variant=4x_contrast PSM=6 Result='ORNSIGK@E!$+P421942' Candidate='ORNSIGK@E!$+P421942' Valid=True Conf=20.0
2026-08-15 14:48:30,063 INFO TARGETED OCR: Field=Reference No Region={'x': 561, 'y': 275, 'width': 193, 'height': 22} Variant=4x_contrast PSM=13 Result='ORN37GK@EIS+PAZ1942' Candidate='ORN37GK@EIS+PAZ1942' Valid=True Conf=5.0
2026-08-15 14:48:30,199 INFO TARGETED OCR: Field=Reference No Region={'x': 561, 'y': 275, 'width': 193, 'height': 22} Variant=4x_otsu PSM=7 Result='ORNSIGK@E!S+P421942' Candidate='ORNSIGK@E!S+P421942' Valid=True Conf=61.0
2026-08-15 14:48:30,327 INFO TARGETED OCR: Field=Reference No Region={'x': 561, 'y': 275, 'width': 193, 'height': 22} Variant=4x_otsu PSM=8 Result='ORN39GK@EIS+P4 21942' Candidate='ORN39GK@EIS+P4 21942' Valid=True Conf=0.0
2026-08-15 14:48:30,454 INFO TARGETED OCR: Field=Reference No Region={'x': 561, 'y': 275, 'width': 193, 'height': 22} Variant=4x_otsu PSM=6 Result='ORNSIGK@E!S+P421942' Candidate='ORNSIGK@E!S+P421942' Valid=True Conf=61.0
2026-08-15 14:48:30,589 INFO TARGETED OCR: Field=Reference No Region={'x': 561, 'y': 275, 'width': 193, 'height': 22} Variant=4x_otsu PSM=13 Result='ORN39GK@EIS+P4 21942' Candidate='ORN39GK@EIS+P4 21942' Valid=True Conf=0.0
2026-08-15 14:48:30,721 INFO TARGETED OCR: Field=Reference No Region={'x': 561, 'y': 275, 'width': 193, 'height': 22} Variant=3x_adaptive PSM=7 Result='ORN39GK@E&!S+P421942' Candidate='ORN39GK@E&!S+P421942' Valid=True Conf=18.0
2026-08-15 14:48:30,862 INFO TARGETED OCR: Field=Reference No Region={'x': 561, 'y': 275, 'width': 193, 'height': 22} Variant=3x_adaptive PSM=8 Result='ORN39GK@S&IS+PAZIFGZ' Candidate='ORN39GK@S&IS+PAZIFGZ' Valid=True Conf=0.0
2026-08-15 14:48:30,991 INFO TARGETED OCR: Field=Reference No Region={'x': 561, 'y': 275, 'width': 193, 'height': 22} Variant=3x_adaptive PSM=6 Result='ORN39GK@E&!S+P421942' Candidate='ORN39GK@E&!S+P421942' Valid=True Conf=18.0
2026-08-15 14:48:31,121 INFO TARGETED OCR: Field=Reference No Region={'x': 561, 'y': 275, 'width': 193, 'height': 22} Variant=3x_adaptive PSM=13 Result='ORN39GK@S&IS+PAZIFGZ' Candidate='ORN39GK@S&IS+PAZIFGZ' Valid=True Conf=0.0
2026-08-15 14:48:31,122 INFO TARGETED OCR ACCEPTED: Record=2 Field=Reference No Value='ORN37GK@EIS+PAZ1942' Conf=2.5 Decision=ACCEPTED_CONSENSUS
2026-08-15 14:48:31,122 WARNING RECORD 2 FIELD Profession | raw='self Employed' normalized='Self Employed' confidence=45.0 validation=REVIEW reasons=LOW_OCR_CONFIDENCE targeted={'attempted': False, 'decision': 'NOT_REQUIRED'}
2026-08-15 14:48:31,123 WARNING RECORD 2 FIELD Mailing Street | raw='Coxwold York,North' normalized='Coxwold York' confidence=51.0 validation=REVIEW reasons=LOW_OCR_CONFIDENCE targeted={'attempted': False, 'decision': 'NOT_REQUIRED'}
2026-08-15 14:48:31,123 WARNING RECORD 2 STATUS: REVIEW_REQUIRED
2026-08-15 14:48:31,185 INFO TARGETED OCR START: Record=3 Field=Email Region={'x': 218, 'y': 450, 'width': 114, 'height': 20}
2026-08-15 14:48:31,314 INFO TARGETED OCR: Field=Email Region={'x': 218, 'y': 450, 'width': 114, 'height': 20} Variant=3x_contrast PSM=7 Result='jimi@ed.ac.uk' Candidate='jimi@ed.ac.uk' Valid=True Conf=90.0
2026-08-15 14:48:31,487 INFO TARGETED OCR: Field=Email Region={'x': 218, 'y': 450, 'width': 114, 'height': 20} Variant=3x_contrast PSM=8 Result='jimi@ed.ac.uk' Candidate='jimi@ed.ac.uk' Valid=True Conf=54.0
2026-08-15 14:48:31,675 INFO TARGETED OCR: Field=Email Region={'x': 218, 'y': 450, 'width': 114, 'height': 20} Variant=3x_contrast PSM=6 Result='jimi@ed.ac.uk' Candidate='jimi@ed.ac.uk' Valid=True Conf=90.0
2026-08-15 14:48:31,843 INFO TARGETED OCR: Field=Email Region={'x': 218, 'y': 450, 'width': 114, 'height': 20} Variant=3x_contrast PSM=13 Result='jimi@ed.ac.uk' Candidate='jimi@ed.ac.uk' Valid=True Conf=54.0
2026-08-15 14:48:32,000 INFO TARGETED OCR: Field=Email Region={'x': 218, 'y': 450, 'width': 114, 'height': 20} Variant=4x_contrast PSM=7 Result='jimi@ed.ac.uk' Candidate='jimi@ed.ac.uk' Valid=True Conf=91.0
2026-08-15 14:48:32,144 INFO TARGETED OCR: Field=Email Region={'x': 218, 'y': 450, 'width': 114, 'height': 20} Variant=4x_contrast PSM=8 Result='jimi@ed.ac.uk' Candidate='jimi@ed.ac.uk' Valid=True Conf=50.0
2026-08-15 14:48:32,289 INFO TARGETED OCR: Field=Email Region={'x': 218, 'y': 450, 'width': 114, 'height': 20} Variant=4x_contrast PSM=6 Result='jimi@ed.ac.uk' Candidate='jimi@ed.ac.uk' Valid=True Conf=91.0
2026-08-15 14:48:32,421 INFO TARGETED OCR: Field=Email Region={'x': 218, 'y': 450, 'width': 114, 'height': 20} Variant=4x_contrast PSM=13 Result='jimi@ed.ac.uk' Candidate='jimi@ed.ac.uk' Valid=True Conf=50.0
2026-08-15 14:48:32,549 INFO TARGETED OCR: Field=Email Region={'x': 218, 'y': 450, 'width': 114, 'height': 20} Variant=4x_otsu PSM=7 Result='jimi@ed.ac.uk' Candidate='jimi@ed.ac.uk' Valid=True Conf=90.0
2026-08-15 14:48:32,672 INFO TARGETED OCR: Field=Email Region={'x': 218, 'y': 450, 'width': 114, 'height': 20} Variant=4x_otsu PSM=8 Result='jimi@ed.acuk' Candidate='jimi@ed.acuk' Valid=True Conf=78.0
2026-08-15 14:48:32,802 INFO TARGETED OCR: Field=Email Region={'x': 218, 'y': 450, 'width': 114, 'height': 20} Variant=4x_otsu PSM=6 Result='jimi@ed.ac.uk' Candidate='jimi@ed.ac.uk' Valid=True Conf=90.0
2026-08-15 14:48:32,918 INFO TARGETED OCR: Field=Email Region={'x': 218, 'y': 450, 'width': 114, 'height': 20} Variant=4x_otsu PSM=13 Result='jimi@ed.acuk' Candidate='jimi@ed.acuk' Valid=True Conf=78.0
2026-08-15 14:48:33,055 INFO TARGETED OCR: Field=Email Region={'x': 218, 'y': 450, 'width': 114, 'height': 20} Variant=3x_adaptive PSM=7 Result='jimi@ed.ac.uk' Candidate='jimi@ed.ac.uk' Valid=True Conf=90.0
2026-08-15 14:48:33,196 INFO TARGETED OCR: Field=Email Region={'x': 218, 'y': 450, 'width': 114, 'height': 20} Variant=3x_adaptive PSM=8 Result='jimi@ed.ac.uk' Candidate='jimi@ed.ac.uk' Valid=True Conf=72.0
2026-08-15 14:48:33,314 INFO TARGETED OCR: Field=Email Region={'x': 218, 'y': 450, 'width': 114, 'height': 20} Variant=3x_adaptive PSM=6 Result='jimi@ed.ac.uk' Candidate='jimi@ed.ac.uk' Valid=True Conf=90.0
2026-08-15 14:48:33,447 INFO TARGETED OCR: Field=Email Region={'x': 218, 'y': 450, 'width': 114, 'height': 20} Variant=3x_adaptive PSM=13 Result='jimi@ed.ac.uk' Candidate='jimi@ed.ac.uk' Valid=True Conf=72.0
2026-08-15 14:48:33,447 INFO TARGETED OCR ACCEPTED: Record=3 Field=Email Value='jimi@ed.ac.uk' Conf=76.7 Decision=ACCEPTED_CONSENSUS
2026-08-15 14:48:33,447 INFO TARGETED OCR START: Record=3 Field=SIM No Region={'x': 913, 'y': 494, 'width': 192, 'height': 16}
2026-08-15 14:48:33,586 INFO TARGETED OCR: Field=SIM No Region={'x': 913, 'y': 494, 'width': 192, 'height': 16} Variant=3x_contrast PSM=7 Result='CRDxuU3204766550¥84' Candidate='CRDxuU3204766550¥84' Valid=True Conf=13.0
2026-08-15 14:48:33,713 INFO TARGETED OCR: Field=SIM No Region={'x': 913, 'y': 494, 'width': 192, 'height': 16} Variant=3x_contrast PSM=8 Result='CRDxuU3204766550¥84' Candidate='CRDxuU3204766550¥84' Valid=True Conf=0.0
2026-08-15 14:48:33,842 INFO TARGETED OCR: Field=SIM No Region={'x': 913, 'y': 494, 'width': 192, 'height': 16} Variant=3x_contrast PSM=6 Result='CRDxuU3204766550¥84' Candidate='CRDxuU3204766550¥84' Valid=True Conf=13.0
2026-08-15 14:48:33,967 INFO TARGETED OCR: Field=SIM No Region={'x': 913, 'y': 494, 'width': 192, 'height': 16} Variant=3x_contrast PSM=13 Result='CRDxuU3204766550¥84' Candidate='CRDxuU3204766550¥84' Valid=True Conf=0.0
2026-08-15 14:48:34,097 INFO TARGETED OCR: Field=SIM No Region={'x': 913, 'y': 494, 'width': 192, 'height': 16} Variant=4x_contrast PSM=7 Result='CRDxuU320476655Q¥84' Candidate='CRDxuU320476655Q¥84' Valid=True Conf=38.0
2026-08-15 14:48:34,227 INFO TARGETED OCR: Field=SIM No Region={'x': 913, 'y': 494, 'width': 192, 'height': 16} Variant=4x_contrast PSM=8 Result='CRDxuU3204766550¥84' Candidate='CRDxuU3204766550¥84' Valid=True Conf=4.0
2026-08-15 14:48:34,357 INFO TARGETED OCR: Field=SIM No Region={'x': 913, 'y': 494, 'width': 192, 'height': 16} Variant=4x_contrast PSM=6 Result='CRDxuU320476655Q¥84' Candidate='CRDxuU320476655Q¥84' Valid=True Conf=38.0
2026-08-15 14:48:34,484 INFO TARGETED OCR: Field=SIM No Region={'x': 913, 'y': 494, 'width': 192, 'height': 16} Variant=4x_contrast PSM=13 Result='CRDxuU3204766550¥84' Candidate='CRDxuU3204766550¥84' Valid=True Conf=4.0
2026-08-15 14:48:34,614 INFO TARGETED OCR: Field=SIM No Region={'x': 913, 'y': 494, 'width': 192, 'height': 16} Variant=4x_otsu PSM=7 Result='CRDxuU3204766550¥84' Candidate='CRDxuU3204766550¥84' Valid=True Conf=0.0
2026-08-15 14:48:34,746 INFO TARGETED OCR: Field=SIM No Region={'x': 913, 'y': 494, 'width': 192, 'height': 16} Variant=4x_otsu PSM=8 Result='CRDxuU3204766550¥84' Candidate='CRDxuU3204766550¥84' Valid=True Conf=0.0
2026-08-15 14:48:34,885 INFO TARGETED OCR: Field=SIM No Region={'x': 913, 'y': 494, 'width': 192, 'height': 16} Variant=4x_otsu PSM=6 Result='CRDxuU3204766550¥84' Candidate='CRDxuU3204766550¥84' Valid=True Conf=0.0
2026-08-15 14:48:35,005 INFO TARGETED OCR: Field=SIM No Region={'x': 913, 'y': 494, 'width': 192, 'height': 16} Variant=4x_otsu PSM=13 Result='CRDxuU3204766550¥84' Candidate='CRDxuU3204766550¥84' Valid=True Conf=0.0
2026-08-15 14:48:35,142 INFO TARGETED OCR: Field=SIM No Region={'x': 913, 'y': 494, 'width': 192, 'height': 16} Variant=3x_adaptive PSM=7 Result='CRDxuU3204766550Y84' Candidate='CRDxuU3204766550Y84' Valid=True Conf=70.0
2026-08-15 14:48:35,270 INFO TARGETED OCR: Field=SIM No Region={'x': 913, 'y': 494, 'width': 192, 'height': 16} Variant=3x_adaptive PSM=8 Result='CRDxuU3204766550Y84' Candidate='CRDxuU3204766550Y84' Valid=True Conf=23.0
2026-08-15 14:48:35,397 INFO TARGETED OCR: Field=SIM No Region={'x': 913, 'y': 494, 'width': 192, 'height': 16} Variant=3x_adaptive PSM=6 Result='CRDxuU3204766550Y84' Candidate='CRDxuU3204766550Y84' Valid=True Conf=70.0
2026-08-15 14:48:35,528 INFO TARGETED OCR: Field=SIM No Region={'x': 913, 'y': 494, 'width': 192, 'height': 16} Variant=3x_adaptive PSM=13 Result='CRDxuU3204766550Y84' Candidate='CRDxuU3204766550Y84' Valid=True Conf=23.0
2026-08-15 14:48:35,528 INFO TARGETED OCR ACCEPTED: Record=3 Field=SIM No Value='CRDxuU3204766550¥84' Conf=3.4 Decision=ACCEPTED_CONSENSUS
2026-08-15 14:48:35,528 INFO TARGETED OCR START: Record=3 Field=Reference No Region={'x': 678, 'y': 494, 'width': 198, 'height': 18}
2026-08-15 14:48:35,674 INFO TARGETED OCR: Field=Reference No Region={'x': 678, 'y': 494, 'width': 198, 'height': 18} Variant=3x_contrast PSM=7 Result='HuWhé402%;%!;P1308831' Candidate='HuWhé402%;%!;P1308831' Valid=True Conf=14.0
2026-08-15 14:48:35,800 INFO TARGETED OCR: Field=Reference No Region={'x': 678, 'y': 494, 'width': 198, 'height': 18} Variant=3x_contrast PSM=8 Result='HuWh64DZ%;%!;P1308831' Candidate='HuWh64DZ%;%!;P1308831' Valid=True Conf=16.0
2026-08-15 14:48:35,931 INFO TARGETED OCR: Field=Reference No Region={'x': 678, 'y': 494, 'width': 198, 'height': 18} Variant=3x_contrast PSM=6 Result='HuWhé402%;%!;P1308831' Candidate='HuWhé402%;%!;P1308831' Valid=True Conf=14.0
2026-08-15 14:48:36,058 INFO TARGETED OCR: Field=Reference No Region={'x': 678, 'y': 494, 'width': 198, 'height': 18} Variant=3x_contrast PSM=13 Result='HuWh64DZ%;%!;P1308831' Candidate='HuWh64DZ%;%!;P1308831' Valid=True Conf=16.0
2026-08-15 14:48:36,189 INFO TARGETED OCR: Field=Reference No Region={'x': 678, 'y': 494, 'width': 198, 'height': 18} Variant=4x_contrast PSM=7 Result="HuWhé402Z%;%!'P1308831" Candidate="HuWhé402Z%;%!'P1308831" Valid=True Conf=0.0
2026-08-15 14:48:36,356 INFO TARGETED OCR: Field=Reference No Region={'x': 678, 'y': 494, 'width': 198, 'height': 18} Variant=4x_contrast PSM=8 Result='‘HuWh64D2%;%!;P1308831' Candidate='‘HuWh64D2%;%!;P1308831' Valid=True Conf=12.0
2026-08-15 14:48:36,487 INFO TARGETED OCR: Field=Reference No Region={'x': 678, 'y': 494, 'width': 198, 'height': 18} Variant=4x_contrast PSM=6 Result="HuWhé402Z%;%!'P1308831" Candidate="HuWhé402Z%;%!'P1308831" Valid=True Conf=0.0
2026-08-15 14:48:36,617 INFO TARGETED OCR: Field=Reference No Region={'x': 678, 'y': 494, 'width': 198, 'height': 18} Variant=4x_contrast PSM=13 Result='‘HuWh64D2%;%!;P1308831' Candidate='‘HuWh64D2%;%!;P1308831' Valid=True Conf=12.0
2026-08-15 14:48:36,745 INFO TARGETED OCR: Field=Reference No Region={'x': 678, 'y': 494, 'width': 198, 'height': 18} Variant=4x_otsu PSM=7 Result='HuWh6é402%;%!;P1308831' Candidate='HuWh6é402%;%!;P1308831' Valid=True Conf=40.0
2026-08-15 14:48:36,870 INFO TARGETED OCR: Field=Reference No Region={'x': 678, 'y': 494, 'width': 198, 'height': 18} Variant=4x_otsu PSM=8 Result='‘HuWh64D2Z%;%!;P1308831' Candidate='‘HuWh64D2Z%;%!;P1308831' Valid=True Conf=26.0
2026-08-15 14:48:36,990 INFO TARGETED OCR: Field=Reference No Region={'x': 678, 'y': 494, 'width': 198, 'height': 18} Variant=4x_otsu PSM=6 Result='HuWh6é402%;%!;P1308831' Candidate='HuWh6é402%;%!;P1308831' Valid=True Conf=40.0
2026-08-15 14:48:37,113 INFO TARGETED OCR: Field=Reference No Region={'x': 678, 'y': 494, 'width': 198, 'height': 18} Variant=4x_otsu PSM=13 Result='‘HuWh64D2Z%;%!;P1308831' Candidate='‘HuWh64D2Z%;%!;P1308831' Valid=True Conf=26.0
2026-08-15 14:48:37,244 INFO TARGETED OCR: Field=Reference No Region={'x': 678, 'y': 494, 'width': 198, 'height': 18} Variant=3x_adaptive PSM=7 Result='HuWhé4D2%;%!;P1308831' Candidate='HuWhé4D2%;%!;P1308831' Valid=True Conf=60.0
2026-08-15 14:48:37,373 INFO TARGETED OCR: Field=Reference No Region={'x': 678, 'y': 494, 'width': 198, 'height': 18} Variant=3x_adaptive PSM=8 Result='‘HuWh64D2%;%!;P1308831' Candidate='‘HuWh64D2%;%!;P1308831' Valid=True Conf=23.0
2026-08-15 14:48:37,500 INFO TARGETED OCR: Field=Reference No Region={'x': 678, 'y': 494, 'width': 198, 'height': 18} Variant=3x_adaptive PSM=6 Result='HuWhé4D2%;%!;P1308831' Candidate='HuWhé4D2%;%!;P1308831' Valid=True Conf=60.0
2026-08-15 14:48:37,626 INFO TARGETED OCR: Field=Reference No Region={'x': 678, 'y': 494, 'width': 198, 'height': 18} Variant=3x_adaptive PSM=13 Result='‘HuWh64D2%;%!;P1308831' Candidate='‘HuWh64D2%;%!;P1308831' Valid=True Conf=23.0
2026-08-15 14:48:37,627 INFO TARGETED OCR ACCEPTED: Record=3 Field=Reference No Value='‘HuWh64D2%;%!;P1308831' Conf=17.5 Decision=ACCEPTED_CONSENSUS
2026-08-15 14:48:37,627 INFO TARGETED OCR START: Record=3 Field=Contact Region={'x': 968, 'y': 538, 'width': 38, 'height': 15}
2026-08-15 14:48:37,751 INFO TARGETED OCR: Field=Contact Region={'x': 968, 'y': 538, 'width': 38, 'height': 15} Variant=3x_contrast PSM=7 Result='£507' Candidate='507' Valid=True Conf=89.0
2026-08-15 14:48:37,882 INFO TARGETED OCR: Field=Contact Region={'x': 968, 'y': 538, 'width': 38, 'height': 15} Variant=3x_contrast PSM=7 Result='507' Candidate='507' Valid=True Conf=0.0
2026-08-15 14:48:37,995 INFO TARGETED OCR: Field=Contact Region={'x': 968, 'y': 538, 'width': 38, 'height': 15} Variant=3x_contrast PSM=8 Result='‘£507' Candidate='507' Valid=True Conf=54.0
2026-08-15 14:48:38,107 INFO TARGETED OCR: Field=Contact Region={'x': 968, 'y': 538, 'width': 38, 'height': 15} Variant=3x_contrast PSM=8 Result='507' Candidate='507' Valid=True Conf=18.0
2026-08-15 14:48:38,220 INFO TARGETED OCR: Field=Contact Region={'x': 968, 'y': 538, 'width': 38, 'height': 15} Variant=3x_contrast PSM=6 Result='£507' Candidate='507' Valid=True Conf=89.0
2026-08-15 14:48:38,329 INFO TARGETED OCR: Field=Contact Region={'x': 968, 'y': 538, 'width': 38, 'height': 15} Variant=3x_contrast PSM=6 Result='507' Candidate='507' Valid=True Conf=0.0
2026-08-15 14:48:38,448 INFO TARGETED OCR: Field=Contact Region={'x': 968, 'y': 538, 'width': 38, 'height': 15} Variant=3x_contrast PSM=13 Result='‘£507' Candidate='507' Valid=True Conf=54.0
2026-08-15 14:48:38,560 INFO TARGETED OCR: Field=Contact Region={'x': 968, 'y': 538, 'width': 38, 'height': 15} Variant=3x_contrast PSM=13 Result='507' Candidate='507' Valid=True Conf=18.0
2026-08-15 14:48:38,683 INFO TARGETED OCR: Field=Contact Region={'x': 968, 'y': 538, 'width': 38, 'height': 15} Variant=4x_contrast PSM=7 Result='E507' Candidate='507' Valid=True Conf=68.0
2026-08-15 14:48:38,799 INFO TARGETED OCR: Field=Contact Region={'x': 968, 'y': 538, 'width': 38, 'height': 15} Variant=4x_contrast PSM=7 Result='507' Candidate='507' Valid=True Conf=0.0
2026-08-15 14:48:38,911 INFO TARGETED OCR: Field=Contact Region={'x': 968, 'y': 538, 'width': 38, 'height': 15} Variant=4x_contrast PSM=8 Result='£507' Candidate='507' Valid=True Conf=60.0
2026-08-15 14:48:39,024 INFO TARGETED OCR: Field=Contact Region={'x': 968, 'y': 538, 'width': 38, 'height': 15} Variant=4x_contrast PSM=8 Result='507' Candidate='507' Valid=True Conf=7.0
2026-08-15 14:48:39,173 INFO TARGETED OCR: Field=Contact Region={'x': 968, 'y': 538, 'width': 38, 'height': 15} Variant=4x_contrast PSM=6 Result='E507' Candidate='507' Valid=True Conf=68.0
2026-08-15 14:48:39,287 INFO TARGETED OCR: Field=Contact Region={'x': 968, 'y': 538, 'width': 38, 'height': 15} Variant=4x_contrast PSM=6 Result='507' Candidate='507' Valid=True Conf=0.0
2026-08-15 14:48:39,398 INFO TARGETED OCR: Field=Contact Region={'x': 968, 'y': 538, 'width': 38, 'height': 15} Variant=4x_contrast PSM=13 Result='£507' Candidate='507' Valid=True Conf=60.0
2026-08-15 14:48:39,513 INFO TARGETED OCR: Field=Contact Region={'x': 968, 'y': 538, 'width': 38, 'height': 15} Variant=4x_contrast PSM=13 Result='507' Candidate='507' Valid=True Conf=7.0
2026-08-15 14:48:39,631 INFO TARGETED OCR: Field=Contact Region={'x': 968, 'y': 538, 'width': 38, 'height': 15} Variant=4x_otsu PSM=7 Result='£507' Candidate='507' Valid=True Conf=73.0
2026-08-15 14:48:39,742 INFO TARGETED OCR: Field=Contact Region={'x': 968, 'y': 538, 'width': 38, 'height': 15} Variant=4x_otsu PSM=7 Result='507' Candidate='507' Valid=True Conf=0.0
2026-08-15 14:48:39,854 INFO TARGETED OCR: Field=Contact Region={'x': 968, 'y': 538, 'width': 38, 'height': 15} Variant=4x_otsu PSM=8 Result='£507' Candidate='507' Valid=True Conf=22.0
2026-08-15 14:48:39,973 INFO TARGETED OCR: Field=Contact Region={'x': 968, 'y': 538, 'width': 38, 'height': 15} Variant=4x_otsu PSM=8 Result='507' Candidate='507' Valid=True Conf=0.0
2026-08-15 14:48:40,088 INFO TARGETED OCR: Field=Contact Region={'x': 968, 'y': 538, 'width': 38, 'height': 15} Variant=4x_otsu PSM=6 Result='£507' Candidate='507' Valid=True Conf=73.0
2026-08-15 14:48:40,204 INFO TARGETED OCR: Field=Contact Region={'x': 968, 'y': 538, 'width': 38, 'height': 15} Variant=4x_otsu PSM=6 Result='507' Candidate='507' Valid=True Conf=0.0
2026-08-15 14:48:40,316 INFO TARGETED OCR: Field=Contact Region={'x': 968, 'y': 538, 'width': 38, 'height': 15} Variant=4x_otsu PSM=13 Result='£507' Candidate='507' Valid=True Conf=22.0
2026-08-15 14:48:40,424 INFO TARGETED OCR: Field=Contact Region={'x': 968, 'y': 538, 'width': 38, 'height': 15} Variant=4x_otsu PSM=13 Result='507' Candidate='507' Valid=True Conf=0.0
2026-08-15 14:48:40,544 INFO TARGETED OCR: Field=Contact Region={'x': 968, 'y': 538, 'width': 38, 'height': 15} Variant=3x_adaptive PSM=7 Result='E507' Candidate='507' Valid=True Conf=85.0
2026-08-15 14:48:40,675 INFO TARGETED OCR: Field=Contact Region={'x': 968, 'y': 538, 'width': 38, 'height': 15} Variant=3x_adaptive PSM=7 Result='507' Candidate='507' Valid=True Conf=0.0
2026-08-15 14:48:40,782 INFO TARGETED OCR: Field=Contact Region={'x': 968, 'y': 538, 'width': 38, 'height': 15} Variant=3x_adaptive PSM=8 Result='£507' Candidate='507' Valid=True Conf=63.0
2026-08-15 14:48:40,890 INFO TARGETED OCR: Field=Contact Region={'x': 968, 'y': 538, 'width': 38, 'height': 15} Variant=3x_adaptive PSM=8 Result='507' Candidate='507' Valid=True Conf=0.0
2026-08-15 14:48:40,997 INFO TARGETED OCR: Field=Contact Region={'x': 968, 'y': 538, 'width': 38, 'height': 15} Variant=3x_adaptive PSM=6 Result='E507' Candidate='507' Valid=True Conf=85.0
2026-08-15 14:48:41,108 INFO TARGETED OCR: Field=Contact Region={'x': 968, 'y': 538, 'width': 38, 'height': 15} Variant=3x_adaptive PSM=6 Result='507' Candidate='507' Valid=True Conf=0.0
2026-08-15 14:48:41,216 INFO TARGETED OCR: Field=Contact Region={'x': 968, 'y': 538, 'width': 38, 'height': 15} Variant=3x_adaptive PSM=13 Result='£507' Candidate='507' Valid=True Conf=63.0
2026-08-15 14:48:41,323 INFO TARGETED OCR: Field=Contact Region={'x': 968, 'y': 538, 'width': 38, 'height': 15} Variant=3x_adaptive PSM=13 Result='507' Candidate='507' Valid=True Conf=0.0
2026-08-15 14:48:41,323 INFO TARGETED OCR ACCEPTED: Record=3 Field=Contact Value='507' Conf=33.7 Decision=ACCEPTED_CONSENSUS
2026-08-15 14:48:41,324 WARNING RECORD 3 FIELD Postal Code | raw='' normalized='' confidence=0.0 validation=REVIEW reasons=MISSING_REQUIRED_FIELD,FIELD_REGION_NOT_LOCATED targeted={'attempted': False, 'decision': 'FIELD_REGION_NOT_LOCATED'}
2026-08-15 14:48:41,324 WARNING RECORD 3 FIELD Country | raw='UK' normalized='UK' confidence=19.0 validation=REVIEW reasons=LOW_OCR_CONFIDENCE targeted={'attempted': False, 'decision': 'NOT_REQUIRED'}
2026-08-15 14:48:41,324 WARNING RECORD 3 FIELD Contact | raw='£507' normalized='507' confidence=33.69 validation=REVIEW reasons=LOW_OCR_CONFIDENCE targeted={'attempted': True, 'decision': 'ACCEPTED_CONSENSUS', 'value': '507', 'raw_text': '£507', 'confidence': 33.69, 'votes': 32, 'tokens': [OCRToken(text='£507', bbox=BoundingBox(x=968, y=538, width=38, height=16), confidence=89.0, needs_review=False, block_num=0, par_num=0, line_num=0, word_num=0, variant='3x_contrast')], 'runs': [{'variant': '3x_contrast', 'psm': 7, 'whitelist': False, 'raw_text': '£507', 'cleaned': '507', 'confidence': 89.0, 'is_valid': True}, {'variant': '3x_contrast', 'psm': 7, 'whitelist': True, 'raw_text': '507', 'cleaned': '507', 'confidence': 0.0, 'is_valid': True}, {'variant': '3x_contrast', 'psm': 8, 'whitelist': False, 'raw_text': '‘£507', 'cleaned': '507', 'confidence': 54.0, 'is_valid': True}, {'variant': '3x_contrast', 'psm': 8, 'whitelist': True, 'raw_text': '507', 'cleaned': '507', 'confidence': 18.0, 'is_valid': True}, {'variant': '3x_contrast', 'psm': 6, 'whitelist': False, 'raw_text': '£507', 'cleaned': '507', 'confidence': 89.0, 'is_valid': True}, {'variant': '3x_contrast', 'psm': 6, 'whitelist': True, 'raw_text': '507', 'cleaned': '507', 'confidence': 0.0, 'is_valid': True}, {'variant': '3x_contrast', 'psm': 13, 'whitelist': False, 'raw_text': '‘£507', 'cleaned': '507', 'confidence': 54.0, 'is_valid': True}, {'variant': '3x_contrast', 'psm': 13, 'whitelist': True, 'raw_text': '507', 'cleaned': '507', 'confidence': 18.0, 'is_valid': True}, {'variant': '4x_contrast', 'psm': 7, 'whitelist': False, 'raw_text': 'E507', 'cleaned': '507', 'confidence': 68.0, 'is_valid': True}, {'variant': '4x_contrast', 'psm': 7, 'whitelist': True, 'raw_text': '507', 'cleaned': '507', 'confidence': 0.0, 'is_valid': True}, {'variant': '4x_contrast', 'psm': 8, 'whitelist': False, 'raw_text': '£507', 'cleaned': '507', 'confidence': 60.0, 'is_valid': True}, {'variant': '4x_contrast', 'psm': 8, 'whitelist': True, 'raw_text': '507', 'cleaned': '507', 'confidence': 7.0, 'is_valid': True}, {'variant': '4x_contrast', 'psm': 6, 'whitelist': False, 'raw_text': 'E507', 'cleaned': '507', 'confidence': 68.0, 'is_valid': True}, {'variant': '4x_contrast', 'psm': 6, 'whitelist': True, 'raw_text': '507', 'cleaned': '507', 'confidence': 0.0, 'is_valid': True}, {'variant': '4x_contrast', 'psm': 13, 'whitelist': False, 'raw_text': '£507', 'cleaned': '507', 'confidence': 60.0, 'is_valid': True}, {'variant': '4x_contrast', 'psm': 13, 'whitelist': True, 'raw_text': '507', 'cleaned': '507', 'confidence': 7.0, 'is_valid': True}, {'variant': '4x_otsu', 'psm': 7, 'whitelist': False, 'raw_text': '£507', 'cleaned': '507', 'confidence': 73.0, 'is_valid': True}, {'variant': '4x_otsu', 'psm': 7, 'whitelist': True, 'raw_text': '507', 'cleaned': '507', 'confidence': 0.0, 'is_valid': True}, {'variant': '4x_otsu', 'psm': 8, 'whitelist': False, 'raw_text': '£507', 'cleaned': '507', 'confidence': 22.0, 'is_valid': True}, {'variant': '4x_otsu', 'psm': 8, 'whitelist': True, 'raw_text': '507', 'cleaned': '507', 'confidence': 0.0, 'is_valid': True}, {'variant': '4x_otsu', 'psm': 6, 'whitelist': False, 'raw_text': '£507', 'cleaned': '507', 'confidence': 73.0, 'is_valid': True}, {'variant': '4x_otsu', 'psm': 6, 'whitelist': True, 'raw_text': '507', 'cleaned': '507', 'confidence': 0.0, 'is_valid': True}, {'variant': '4x_otsu', 'psm': 13, 'whitelist': False, 'raw_text': '£507', 'cleaned': '507', 'confidence': 22.0, 'is_valid': True}, {'variant': '4x_otsu', 'psm': 13, 'whitelist': True, 'raw_text': '507', 'cleaned': '507', 'confidence': 0.0, 'is_valid': True}, {'variant': '3x_adaptive', 'psm': 7, 'whitelist': False, 'raw_text': 'E507', 'cleaned': '507', 'confidence': 85.0, 'is_valid': True}, {'variant': '3x_adaptive', 'psm': 7, 'whitelist': True, 'raw_text': '507', 'cleaned': '507', 'confidence': 0.0, 'is_valid': True}, {'variant': '3x_adaptive', 'psm': 8, 'whitelist': False, 'raw_text': '£507', 'cleaned': '507', 'confidence': 63.0, 'is_valid': True}, {'variant': '3x_adaptive', 'psm': 8, 'whitelist': True, 'raw_text': '507', 'cleaned': '507', 'confidence': 0.0, 'is_valid': True}, {'variant': '3x_adaptive', 'psm': 6, 'whitelist': False, 'raw_text': 'E507', 'cleaned': '507', 'confidence': 85.0, 'is_valid': True}, {'variant': '3x_adaptive', 'psm': 6, 'whitelist': True, 'raw_text': '507', 'cleaned': '507', 'confidence': 0.0, 'is_valid': True}, {'variant': '3x_adaptive', 'psm': 13, 'whitelist': False, 'raw_text': '£507', 'cleaned': '507', 'confidence': 63.0, 'is_valid': True}, {'variant': '3x_adaptive', 'psm': 13, 'whitelist': True, 'raw_text': '507', 'cleaned': '507', 'confidence': 0.0, 'is_valid': True}]}
2026-08-15 14:48:41,325 WARNING RECORD 3 STATUS: REVIEW_REQUIRED
2026-08-15 14:48:41,371 INFO FIELD REGION: Record=4 Field=Profession Label='ProFessional' Label bbox={'x': 788, 'y': 667, 'width': 104, 'height': 15} Value region={'x': 928, 'y': 666, 'width': 299, 'height': 20} Region confidence=0.95
2026-08-15 14:48:41,371 INFO TARGETED OCR START: Record=4 Field=IMEI 1 Region={'x': 389, 'y': 751, 'width': 194, 'height': 19}
2026-08-15 14:48:41,507 INFO TARGETED OCR: Field=IMEI 1 Region={'x': 389, 'y': 751, 'width': 194, 'height': 19} Variant=3x_contrast PSM=7 Result='I%%SS! - 1 - 798797 - 7' Candidate='17987977' Valid=False Conf=67.9
2026-08-15 14:48:41,690 INFO TARGETED OCR: Field=IMEI 1 Region={'x': 389, 'y': 751, 'width': 194, 'height': 19} Variant=3x_contrast PSM=8 Result='I%%SSI - HE - 798797 - 7' Candidate='7987977' Valid=False Conf=71.3
2026-08-15 14:48:41,838 INFO TARGETED OCR: Field=IMEI 1 Region={'x': 389, 'y': 751, 'width': 194, 'height': 19} Variant=3x_contrast PSM=6 Result='I%%SS! - 1 - 798797 - 7' Candidate='17987977' Valid=False Conf=67.9
2026-08-15 14:48:41,985 INFO TARGETED OCR: Field=IMEI 1 Region={'x': 389, 'y': 751, 'width': 194, 'height': 19} Variant=3x_contrast PSM=13 Result='I%%SSI - HE - 798797 - 7' Candidate='7987977' Valid=False Conf=71.3
2026-08-15 14:48:42,137 INFO TARGETED OCR: Field=IMEI 1 Region={'x': 389, 'y': 751, 'width': 194, 'height': 19} Variant=4x_contrast PSM=7 Result='I~%SS! - !# - 798797 - 7' Candidate='7987977' Valid=False Conf=59.9
2026-08-15 14:48:42,290 INFO TARGETED OCR: Field=IMEI 1 Region={'x': 389, 'y': 751, 'width': 194, 'height': 19} Variant=4x_contrast PSM=8 Result='I%%SSI - I - 798797 - 7' Candidate='7987977' Valid=False Conf=70.7
2026-08-15 14:48:42,442 INFO TARGETED OCR: Field=IMEI 1 Region={'x': 389, 'y': 751, 'width': 194, 'height': 19} Variant=4x_contrast PSM=6 Result='I~%SS! - !# - 798797 - 7' Candidate='7987977' Valid=False Conf=59.9
2026-08-15 14:48:42,593 INFO TARGETED OCR: Field=IMEI 1 Region={'x': 389, 'y': 751, 'width': 194, 'height': 19} Variant=4x_contrast PSM=13 Result='I%%SSI - I - 798797 - 7' Candidate='7987977' Valid=False Conf=70.7
2026-08-15 14:48:42,742 INFO TARGETED OCR: Field=IMEI 1 Region={'x': 389, 'y': 751, 'width': 194, 'height': 19} Variant=4x_otsu PSM=7 Result='I**99! - !# - 79B797 - 7' Candidate='99797977' Valid=False Conf=59.1
2026-08-15 14:48:42,886 INFO TARGETED OCR: Field=IMEI 1 Region={'x': 389, 'y': 751, 'width': 194, 'height': 19} Variant=4x_otsu PSM=8 Result='I%%SS! - HE - 798797 - 7' Candidate='7987977' Valid=False Conf=64.9
2026-08-15 14:48:43,027 INFO TARGETED OCR: Field=IMEI 1 Region={'x': 389, 'y': 751, 'width': 194, 'height': 19} Variant=4x_otsu PSM=6 Result='I**99! - !# - 79B797 - 7' Candidate='99797977' Valid=False Conf=59.1
2026-08-15 14:48:43,168 INFO TARGETED OCR: Field=IMEI 1 Region={'x': 389, 'y': 751, 'width': 194, 'height': 19} Variant=4x_otsu PSM=13 Result='I%%SS! - HE - 798797 - 7' Candidate='7987977' Valid=False Conf=64.9
2026-08-15 14:48:43,329 INFO TARGETED OCR: Field=IMEI 1 Region={'x': 389, 'y': 751, 'width': 194, 'height': 19} Variant=3x_adaptive PSM=7 Result='I~%SS! - 1 - T9BI9T - 7' Candidate='1997' Valid=False Conf=63.6
2026-08-15 14:48:43,493 INFO TARGETED OCR: Field=IMEI 1 Region={'x': 389, 'y': 751, 'width': 194, 'height': 19} Variant=3x_adaptive PSM=8 Result='I%%SS! - HE - 798797 - 7' Candidate='7987977' Valid=False Conf=73.4
2026-08-15 14:48:43,659 INFO TARGETED OCR: Field=IMEI 1 Region={'x': 389, 'y': 751, 'width': 194, 'height': 19} Variant=3x_adaptive PSM=6 Result='I~%SS! - 1 - T9BI9T - 7' Candidate='1997' Valid=False Conf=63.6
2026-08-15 14:48:43,806 INFO TARGETED OCR: Field=IMEI 1 Region={'x': 389, 'y': 751, 'width': 194, 'height': 19} Variant=3x_adaptive PSM=13 Result='I%%SS! - HE - 798797 - 7' Candidate='7987977' Valid=False Conf=73.4
2026-08-15 14:48:43,830 WARNING TARGETED OCR FAILED: Record=4 Field=IMEI 1 Decision=NO_SAFE_CORRECTION Reason=INVALID_IMEI1
2026-08-15 14:48:43,831 INFO TARGETED OCR START: Record=4 Field=Email Region={'x': 260, 'y': 667, 'width': 110, 'height': 19}
2026-08-15 14:48:43,959 INFO TARGETED OCR: Field=Email Region={'x': 260, 'y': 667, 'width': 110, 'height': 19} Variant=3x_contrast PSM=7 Result='alex@nhs.net' Candidate='alex@nhs.net' Valid=True Conf=89.0
2026-08-15 14:48:44,083 INFO TARGETED OCR: Field=Email Region={'x': 260, 'y': 667, 'width': 110, 'height': 19} Variant=3x_contrast PSM=8 Result='alex@nhs.net' Candidate='alex@nhs.net' Valid=True Conf=87.0
2026-08-15 14:48:44,226 INFO TARGETED OCR: Field=Email Region={'x': 260, 'y': 667, 'width': 110, 'height': 19} Variant=3x_contrast PSM=6 Result='alex@nhs.net' Candidate='alex@nhs.net' Valid=True Conf=89.0
2026-08-15 14:48:44,349 INFO TARGETED OCR: Field=Email Region={'x': 260, 'y': 667, 'width': 110, 'height': 19} Variant=3x_contrast PSM=13 Result='alex@nhs.net' Candidate='alex@nhs.net' Valid=True Conf=87.0
2026-08-15 14:48:44,481 INFO TARGETED OCR: Field=Email Region={'x': 260, 'y': 667, 'width': 110, 'height': 19} Variant=4x_contrast PSM=7 Result='alex@nhs.net' Candidate='alex@nhs.net' Valid=True Conf=91.0
2026-08-15 14:48:44,660 INFO TARGETED OCR: Field=Email Region={'x': 260, 'y': 667, 'width': 110, 'height': 19} Variant=4x_contrast PSM=8 Result='alex@nhs.net' Candidate='alex@nhs.net' Valid=True Conf=85.0
2026-08-15 14:48:44,806 INFO TARGETED OCR: Field=Email Region={'x': 260, 'y': 667, 'width': 110, 'height': 19} Variant=4x_contrast PSM=6 Result='alex@nhs.net' Candidate='alex@nhs.net' Valid=True Conf=91.0
2026-08-15 14:48:44,930 INFO TARGETED OCR: Field=Email Region={'x': 260, 'y': 667, 'width': 110, 'height': 19} Variant=4x_contrast PSM=13 Result='alex@nhs.net' Candidate='alex@nhs.net' Valid=True Conf=85.0
2026-08-15 14:48:45,055 INFO TARGETED OCR: Field=Email Region={'x': 260, 'y': 667, 'width': 110, 'height': 19} Variant=4x_otsu PSM=7 Result='alex@nhs.net' Candidate='alex@nhs.net' Valid=True Conf=92.0
2026-08-15 14:48:45,183 INFO TARGETED OCR: Field=Email Region={'x': 260, 'y': 667, 'width': 110, 'height': 19} Variant=4x_otsu PSM=8 Result='alex@nhs.net' Candidate='alex@nhs.net' Valid=True Conf=89.0
2026-08-15 14:48:45,302 INFO TARGETED OCR: Field=Email Region={'x': 260, 'y': 667, 'width': 110, 'height': 19} Variant=4x_otsu PSM=6 Result='alex@nhs.net' Candidate='alex@nhs.net' Valid=True Conf=92.0
2026-08-15 14:48:45,419 INFO TARGETED OCR: Field=Email Region={'x': 260, 'y': 667, 'width': 110, 'height': 19} Variant=4x_otsu PSM=13 Result='alex@nhs.net' Candidate='alex@nhs.net' Valid=True Conf=89.0
2026-08-15 14:48:45,549 INFO TARGETED OCR: Field=Email Region={'x': 260, 'y': 667, 'width': 110, 'height': 19} Variant=3x_adaptive PSM=7 Result='alex@nhs.net' Candidate='alex@nhs.net' Valid=True Conf=88.0
2026-08-15 14:48:45,659 INFO TARGETED OCR: Field=Email Region={'x': 260, 'y': 667, 'width': 110, 'height': 19} Variant=3x_adaptive PSM=8 Result='alex@nhs.net' Candidate='alex@nhs.net' Valid=True Conf=88.0
2026-08-15 14:48:45,771 INFO TARGETED OCR: Field=Email Region={'x': 260, 'y': 667, 'width': 110, 'height': 19} Variant=3x_adaptive PSM=6 Result='alex@nhs.net' Candidate='alex@nhs.net' Valid=True Conf=88.0
2026-08-15 14:48:45,881 INFO TARGETED OCR: Field=Email Region={'x': 260, 'y': 667, 'width': 110, 'height': 19} Variant=3x_adaptive PSM=13 Result='alex@nhs.net' Candidate='alex@nhs.net' Valid=True Conf=88.0
2026-08-15 14:48:45,882 INFO TARGETED OCR ACCEPTED: Record=4 Field=Email Value='alex@nhs.net' Conf=88.6 Decision=ACCEPTED_CONSENSUS
2026-08-15 14:48:45,882 INFO TARGETED OCR START: Record=4 Field=SIM No Region={'x': 939, 'y': 710, 'width': 184, 'height': 16}
2026-08-15 14:48:46,033 INFO TARGETED OCR: Field=SIM No Region={'x': 939, 'y': 710, 'width': 184, 'height': 16} Variant=3x_contrast PSM=7 Result='IVEkdC688070733DS72' Candidate='IVEkdC688070733DS72' Valid=True Conf=61.0
2026-08-15 14:48:46,167 INFO TARGETED OCR: Field=SIM No Region={'x': 939, 'y': 710, 'width': 184, 'height': 16} Variant=3x_contrast PSM=8 Result='|VEkd0688070733DS72' Candidate='|VEkd0688070733DS72' Valid=True Conf=0.0
2026-08-15 14:48:46,305 INFO TARGETED OCR: Field=SIM No Region={'x': 939, 'y': 710, 'width': 184, 'height': 16} Variant=3x_contrast PSM=6 Result='IVEkdC688070733DS72' Candidate='IVEkdC688070733DS72' Valid=True Conf=61.0
2026-08-15 14:48:46,432 INFO TARGETED OCR: Field=SIM No Region={'x': 939, 'y': 710, 'width': 184, 'height': 16} Variant=3x_contrast PSM=13 Result='|VEkd0688070733DS72' Candidate='|VEkd0688070733DS72' Valid=True Conf=0.0
2026-08-15 14:48:46,562 INFO TARGETED OCR: Field=SIM No Region={'x': 939, 'y': 710, 'width': 184, 'height': 16} Variant=4x_contrast PSM=7 Result='IVEkdC688070733DS72' Candidate='IVEkdC688070733DS72' Valid=True Conf=57.0
2026-08-15 14:48:46,686 INFO TARGETED OCR: Field=SIM No Region={'x': 939, 'y': 710, 'width': 184, 'height': 16} Variant=4x_contrast PSM=8 Result='|VEkd0688070733DS72' Candidate='|VEkd0688070733DS72' Valid=True Conf=0.0
2026-08-15 14:48:46,810 INFO TARGETED OCR: Field=SIM No Region={'x': 939, 'y': 710, 'width': 184, 'height': 16} Variant=4x_contrast PSM=6 Result='IVEkdC688070733DS72' Candidate='IVEkdC688070733DS72' Valid=True Conf=57.0
2026-08-15 14:48:46,946 INFO TARGETED OCR: Field=SIM No Region={'x': 939, 'y': 710, 'width': 184, 'height': 16} Variant=4x_contrast PSM=13 Result='|VEkd0688070733DS72' Candidate='|VEkd0688070733DS72' Valid=True Conf=0.0
2026-08-15 14:48:47,081 INFO TARGETED OCR: Field=SIM No Region={'x': 939, 'y': 710, 'width': 184, 'height': 16} Variant=4x_otsu PSM=7 Result='IVEkdC688070733DS72' Candidate='IVEkdC688070733DS72' Valid=True Conf=16.0
2026-08-15 14:48:47,208 INFO TARGETED OCR: Field=SIM No Region={'x': 939, 'y': 710, 'width': 184, 'height': 16} Variant=4x_otsu PSM=8 Result='(VEkd0688070733DS72.' Candidate='(VEkd0688070733DS72.' Valid=True Conf=6.0
2026-08-15 14:48:47,333 INFO TARGETED OCR: Field=SIM No Region={'x': 939, 'y': 710, 'width': 184, 'height': 16} Variant=4x_otsu PSM=6 Result='IVEkdC688070733DS72' Candidate='IVEkdC688070733DS72' Valid=True Conf=16.0
2026-08-15 14:48:47,456 INFO TARGETED OCR: Field=SIM No Region={'x': 939, 'y': 710, 'width': 184, 'height': 16} Variant=4x_otsu PSM=13 Result='(VEkd0688070733DS72.' Candidate='(VEkd0688070733DS72.' Valid=True Conf=6.0
2026-08-15 14:48:47,600 INFO TARGETED OCR: Field=SIM No Region={'x': 939, 'y': 710, 'width': 184, 'height': 16} Variant=3x_adaptive PSM=7 Result='IVEkdC688070733DS72' Candidate='IVEkdC688070733DS72' Valid=True Conf=29.0
2026-08-15 14:48:47,737 INFO TARGETED OCR: Field=SIM No Region={'x': 939, 'y': 710, 'width': 184, 'height': 16} Variant=3x_adaptive PSM=8 Result='IVEkd0688070733DS72' Candidate='IVEkd0688070733DS72' Valid=True Conf=52.0
2026-08-15 14:48:47,865 INFO TARGETED OCR: Field=SIM No Region={'x': 939, 'y': 710, 'width': 184, 'height': 16} Variant=3x_adaptive PSM=6 Result='IVEkdC688070733DS72' Candidate='IVEkdC688070733DS72' Valid=True Conf=29.0
2026-08-15 14:48:47,989 INFO TARGETED OCR: Field=SIM No Region={'x': 939, 'y': 710, 'width': 184, 'height': 16} Variant=3x_adaptive PSM=13 Result='IVEkd0688070733DS72' Candidate='IVEkd0688070733DS72' Valid=True Conf=52.0
2026-08-15 14:48:47,989 INFO TARGETED OCR ACCEPTED: Record=4 Field=SIM No Value='IVEkdC688070733DS72' Conf=40.8 Decision=ACCEPTED_CONSENSUS
2026-08-15 14:48:47,990 INFO TARGETED OCR START: Record=4 Field=Reference No Region={'x': 679, 'y': 706, 'width': 214, 'height': 25}
2026-08-15 14:48:48,126 INFO TARGETED OCR: Field=Reference No Region={'x': 679, 'y': 706, 'width': 214, 'height': 25} Variant=3x_contrast PSM=7 Result='HuWh570p+$!++764566528' Candidate='HuWh570p+$!++764566528' Valid=True Conf=26.0
2026-08-15 14:48:48,257 INFO TARGETED OCR: Field=Reference No Region={'x': 679, 'y': 706, 'width': 214, 'height': 25} Variant=3x_contrast PSM=8 Result='HuWhS70p+$!+4T64566528' Candidate='HuWhS70p+$!+4T64566528' Valid=True Conf=43.0
2026-08-15 14:48:48,413 INFO TARGETED OCR: Field=Reference No Region={'x': 679, 'y': 706, 'width': 214, 'height': 25} Variant=3x_contrast PSM=6 Result='HuWh570p+$!++764566528' Candidate='HuWh570p+$!++764566528' Valid=True Conf=26.0
2026-08-15 14:48:48,544 INFO TARGETED OCR: Field=Reference No Region={'x': 679, 'y': 706, 'width': 214, 'height': 25} Variant=3x_contrast PSM=13 Result='HuWhS70p+$!+4T64566528' Candidate='HuWhS70p+$!+4T64566528' Valid=True Conf=43.0
2026-08-15 14:48:48,703 INFO TARGETED OCR: Field=Reference No Region={'x': 679, 'y': 706, 'width': 214, 'height': 25} Variant=4x_contrast PSM=7 Result='HuWh57Dp+$!++764566528' Candidate='HuWh57Dp+$!++764566528' Valid=True Conf=31.0
2026-08-15 14:48:48,839 INFO TARGETED OCR: Field=Reference No Region={'x': 679, 'y': 706, 'width': 214, 'height': 25} Variant=4x_contrast PSM=8 Result='HuWhS70p+$!+4T64566528' Candidate='HuWhS70p+$!+4T64566528' Valid=True Conf=39.0
2026-08-15 14:48:48,978 INFO TARGETED OCR: Field=Reference No Region={'x': 679, 'y': 706, 'width': 214, 'height': 25} Variant=4x_contrast PSM=6 Result='HuWh57Dp+$!++764566528' Candidate='HuWh57Dp+$!++764566528' Valid=True Conf=31.0
2026-08-15 14:48:49,112 INFO TARGETED OCR: Field=Reference No Region={'x': 679, 'y': 706, 'width': 214, 'height': 25} Variant=4x_contrast PSM=13 Result='HuWhS70p+$!+4T64566528' Candidate='HuWhS70p+$!+4T64566528' Valid=True Conf=39.0
2026-08-15 14:48:49,245 INFO TARGETED OCR: Field=Reference No Region={'x': 679, 'y': 706, 'width': 214, 'height': 25} Variant=4x_otsu PSM=7 Result='HuWh570p+$!++T64566528' Candidate='HuWh570p+$!++T64566528' Valid=True Conf=39.0
2026-08-15 14:48:49,364 INFO TARGETED OCR: Field=Reference No Region={'x': 679, 'y': 706, 'width': 214, 'height': 25} Variant=4x_otsu PSM=8 Result='HuWh570p+$!+4T64566528' Candidate='HuWh570p+$!+4T64566528' Valid=True Conf=23.0
2026-08-15 14:48:49,486 INFO TARGETED OCR: Field=Reference No Region={'x': 679, 'y': 706, 'width': 214, 'height': 25} Variant=4x_otsu PSM=6 Result='HuWh570p+$!++T64566528' Candidate='HuWh570p+$!++T64566528' Valid=True Conf=39.0
2026-08-15 14:48:49,623 INFO TARGETED OCR: Field=Reference No Region={'x': 679, 'y': 706, 'width': 214, 'height': 25} Variant=4x_otsu PSM=13 Result='HuWh570p+$!+4T64566528' Candidate='HuWh570p+$!+4T64566528' Valid=True Conf=23.0
2026-08-15 14:48:49,762 INFO TARGETED OCR: Field=Reference No Region={'x': 679, 'y': 706, 'width': 214, 'height': 25} Variant=3x_adaptive PSM=7 Result='HuWh570p+$!++164566528' Candidate='HuWh570p+$!++164566528' Valid=True Conf=19.0
2026-08-15 14:48:49,916 INFO TARGETED OCR: Field=Reference No Region={'x': 679, 'y': 706, 'width': 214, 'height': 25} Variant=3x_adaptive PSM=8 Result='HuWh570p+$!+4T64566528' Candidate='HuWh570p+$!+4T64566528' Valid=True Conf=30.0
2026-08-15 14:48:50,050 INFO TARGETED OCR: Field=Reference No Region={'x': 679, 'y': 706, 'width': 214, 'height': 25} Variant=3x_adaptive PSM=6 Result='HuWh570p+$!++164566528' Candidate='HuWh570p+$!++164566528' Valid=True Conf=19.0
2026-08-15 14:48:50,182 INFO TARGETED OCR: Field=Reference No Region={'x': 679, 'y': 706, 'width': 214, 'height': 25} Variant=3x_adaptive PSM=13 Result='HuWh570p+$!+4T64566528' Candidate='HuWh570p+$!+4T64566528' Valid=True Conf=30.0
2026-08-15 14:48:50,183 INFO TARGETED OCR ACCEPTED: Record=4 Field=Reference No Value='HuWhS70p+$!+4T64566528' Conf=41.0 Decision=ACCEPTED_CONSENSUS
2026-08-15 14:48:50,183 INFO TARGETED OCR START: Record=4 Field=Contact Region={'x': 962, 'y': 752, 'width': 35, 'height': 17}
2026-08-15 14:48:50,307 INFO TARGETED OCR: Field=Contact Region={'x': 962, 'y': 752, 'width': 35, 'height': 17} Variant=3x_contrast PSM=7 Result='£341' Candidate='341' Valid=True Conf=68.0
2026-08-15 14:48:50,421 INFO TARGETED OCR: Field=Contact Region={'x': 962, 'y': 752, 'width': 35, 'height': 17} Variant=3x_contrast PSM=7 Result='341' Candidate='341' Valid=True Conf=0.0
2026-08-15 14:48:50,530 INFO TARGETED OCR: Field=Contact Region={'x': 962, 'y': 752, 'width': 35, 'height': 17} Variant=3x_contrast PSM=8 Result='£341' Candidate='341' Valid=True Conf=72.0
2026-08-15 14:48:50,641 INFO TARGETED OCR: Field=Contact Region={'x': 962, 'y': 752, 'width': 35, 'height': 17} Variant=3x_contrast PSM=8 Result='341' Candidate='341' Valid=True Conf=0.0
2026-08-15 14:48:50,753 INFO TARGETED OCR: Field=Contact Region={'x': 962, 'y': 752, 'width': 35, 'height': 17} Variant=3x_contrast PSM=6 Result='£341' Candidate='341' Valid=True Conf=68.0
2026-08-15 14:48:50,862 INFO TARGETED OCR: Field=Contact Region={'x': 962, 'y': 752, 'width': 35, 'height': 17} Variant=3x_contrast PSM=6 Result='341' Candidate='341' Valid=True Conf=0.0
2026-08-15 14:48:50,971 INFO TARGETED OCR: Field=Contact Region={'x': 962, 'y': 752, 'width': 35, 'height': 17} Variant=3x_contrast PSM=13 Result='£341' Candidate='341' Valid=True Conf=72.0
2026-08-15 14:48:51,121 INFO TARGETED OCR: Field=Contact Region={'x': 962, 'y': 752, 'width': 35, 'height': 17} Variant=3x_contrast PSM=13 Result='341' Candidate='341' Valid=True Conf=0.0
2026-08-15 14:48:51,238 INFO TARGETED OCR: Field=Contact Region={'x': 962, 'y': 752, 'width': 35, 'height': 17} Variant=4x_contrast PSM=7 Result='£341' Candidate='341' Valid=True Conf=75.0
2026-08-15 14:48:51,355 INFO TARGETED OCR: Field=Contact Region={'x': 962, 'y': 752, 'width': 35, 'height': 17} Variant=4x_contrast PSM=7 Result='341' Candidate='341' Valid=True Conf=0.0
2026-08-15 14:48:51,479 INFO TARGETED OCR: Field=Contact Region={'x': 962, 'y': 752, 'width': 35, 'height': 17} Variant=4x_contrast PSM=8 Result='£341' Candidate='341' Valid=True Conf=75.0
2026-08-15 14:48:51,589 INFO TARGETED OCR: Field=Contact Region={'x': 962, 'y': 752, 'width': 35, 'height': 17} Variant=4x_contrast PSM=8 Result='341' Candidate='341' Valid=True Conf=0.0
2026-08-15 14:48:51,699 INFO TARGETED OCR: Field=Contact Region={'x': 962, 'y': 752, 'width': 35, 'height': 17} Variant=4x_contrast PSM=6 Result='£341' Candidate='341' Valid=True Conf=75.0
2026-08-15 14:48:51,811 INFO TARGETED OCR: Field=Contact Region={'x': 962, 'y': 752, 'width': 35, 'height': 17} Variant=4x_contrast PSM=6 Result='341' Candidate='341' Valid=True Conf=0.0
2026-08-15 14:48:51,921 INFO TARGETED OCR: Field=Contact Region={'x': 962, 'y': 752, 'width': 35, 'height': 17} Variant=4x_contrast PSM=13 Result='£341' Candidate='341' Valid=True Conf=75.0
2026-08-15 14:48:52,032 INFO TARGETED OCR: Field=Contact Region={'x': 962, 'y': 752, 'width': 35, 'height': 17} Variant=4x_contrast PSM=13 Result='341' Candidate='341' Valid=True Conf=0.0
2026-08-15 14:48:52,152 INFO TARGETED OCR: Field=Contact Region={'x': 962, 'y': 752, 'width': 35, 'height': 17} Variant=4x_otsu PSM=7 Result='E341' Candidate='341' Valid=True Conf=71.0
2026-08-15 14:48:52,264 INFO TARGETED OCR: Field=Contact Region={'x': 962, 'y': 752, 'width': 35, 'height': 17} Variant=4x_otsu PSM=7 Result='341' Candidate='341' Valid=True Conf=0.0
2026-08-15 14:48:52,384 INFO TARGETED OCR: Field=Contact Region={'x': 962, 'y': 752, 'width': 35, 'height': 17} Variant=4x_otsu PSM=8 Result='£341' Candidate='341' Valid=True Conf=60.0
2026-08-15 14:48:52,515 INFO TARGETED OCR: Field=Contact Region={'x': 962, 'y': 752, 'width': 35, 'height': 17} Variant=4x_otsu PSM=8 Result='341' Candidate='341' Valid=True Conf=0.0
2026-08-15 14:48:52,630 INFO TARGETED OCR: Field=Contact Region={'x': 962, 'y': 752, 'width': 35, 'height': 17} Variant=4x_otsu PSM=6 Result='E341' Candidate='341' Valid=True Conf=71.0
2026-08-15 14:48:52,739 INFO TARGETED OCR: Field=Contact Region={'x': 962, 'y': 752, 'width': 35, 'height': 17} Variant=4x_otsu PSM=6 Result='341' Candidate='341' Valid=True Conf=0.0
2026-08-15 14:48:52,852 INFO TARGETED OCR: Field=Contact Region={'x': 962, 'y': 752, 'width': 35, 'height': 17} Variant=4x_otsu PSM=13 Result='£341' Candidate='341' Valid=True Conf=60.0
2026-08-15 14:48:52,959 INFO TARGETED OCR: Field=Contact Region={'x': 962, 'y': 752, 'width': 35, 'height': 17} Variant=4x_otsu PSM=13 Result='341' Candidate='341' Valid=True Conf=0.0
2026-08-15 14:48:53,088 INFO TARGETED OCR: Field=Contact Region={'x': 962, 'y': 752, 'width': 35, 'height': 17} Variant=3x_adaptive PSM=7 Result='£341' Candidate='341' Valid=True Conf=74.0
2026-08-15 14:48:53,204 INFO TARGETED OCR: Field=Contact Region={'x': 962, 'y': 752, 'width': 35, 'height': 17} Variant=3x_adaptive PSM=7 Result='341' Candidate='341' Valid=True Conf=0.0
2026-08-15 14:48:53,325 INFO TARGETED OCR: Field=Contact Region={'x': 962, 'y': 752, 'width': 35, 'height': 17} Variant=3x_adaptive PSM=8 Result='£341' Candidate='341' Valid=True Conf=80.0
2026-08-15 14:48:53,446 INFO TARGETED OCR: Field=Contact Region={'x': 962, 'y': 752, 'width': 35, 'height': 17} Variant=3x_adaptive PSM=8 Result='341' Candidate='341' Valid=True Conf=0.0
2026-08-15 14:48:53,572 INFO TARGETED OCR: Field=Contact Region={'x': 962, 'y': 752, 'width': 35, 'height': 17} Variant=3x_adaptive PSM=6 Result='£341' Candidate='341' Valid=True Conf=74.0
2026-08-15 14:48:53,680 INFO TARGETED OCR: Field=Contact Region={'x': 962, 'y': 752, 'width': 35, 'height': 17} Variant=3x_adaptive PSM=6 Result='341' Candidate='341' Valid=True Conf=0.0
2026-08-15 14:48:53,787 INFO TARGETED OCR: Field=Contact Region={'x': 962, 'y': 752, 'width': 35, 'height': 17} Variant=3x_adaptive PSM=13 Result='£341' Candidate='341' Valid=True Conf=80.0
2026-08-15 14:48:53,894 INFO TARGETED OCR: Field=Contact Region={'x': 962, 'y': 752, 'width': 35, 'height': 17} Variant=3x_adaptive PSM=13 Result='341' Candidate='341' Valid=True Conf=0.0
2026-08-15 14:48:53,895 INFO TARGETED OCR ACCEPTED: Record=4 Field=Contact Value='341' Conf=35.9 Decision=ACCEPTED_CONSENSUS
2026-08-15 14:48:53,895 WARNING RECORD 4 FIELD Last Name | raw='Mccracken' normalized='Mccracken' confidence=49.0 validation=REVIEW reasons=LOW_OCR_CONFIDENCE targeted={'attempted': False, 'decision': 'NOT_REQUIRED'}
2026-08-15 14:48:53,895 WARNING RECORD 4 FIELD Gender | raw='Male' normalized='Male' confidence=59.0 validation=REVIEW reasons=LOW_OCR_CONFIDENCE targeted={'attempted': False, 'decision': 'NOT_REQUIRED'}
2026-08-15 14:48:53,895 WARNING RECORD 4 FIELD Profession | raw='ProFessional' normalized='Professional' confidence=51.0 validation=REVIEW reasons=LOW_OCR_CONFIDENCE targeted={'attempted': False, 'decision': 'NOT_REQUIRED'}
2026-08-15 14:48:53,895 WARNING RECORD 4 FIELD Country | raw='UK' normalized='UK' confidence=13.0 validation=REVIEW reasons=LOW_OCR_CONFIDENCE targeted={'attempted': False, 'decision': 'NOT_REQUIRED'}
2026-08-15 14:48:53,895 WARNING RECORD 4 FIELD IMEI 1 | raw='!%%SS!-!#-798797-7' normalized='!%%SS!-!#-798797-7' confidence=22.0 validation=REVIEW reasons=LOW_OCR_CONFIDENCE,INVALID_IMEI1,AMBIGUOUS_IMEI1 targeted={'attempted': True, 'decision': 'NO_SAFE_CORRECTION', 'reason': 'INVALID_IMEI1', 'detail': 'No confident 15-digit candidate produced from IMEI 1 region', 'runs': [{'variant': '3x_contrast', 'psm': 7, 'whitelist': False, 'raw_text': 'I%%SS! - 1 - 798797 - 7', 'cleaned': '17987977', 'confidence': 67.86, 'is_valid': False}, {'variant': '3x_contrast', 'psm': 8, 'whitelist': False, 'raw_text': 'I%%SSI - HE - 798797 - 7', 'cleaned': '7987977', 'confidence': 71.29, 'is_valid': False}, {'variant': '3x_contrast', 'psm': 6, 'whitelist': False, 'raw_text': 'I%%SS! - 1 - 798797 - 7', 'cleaned': '17987977', 'confidence': 67.86, 'is_valid': False}, {'variant': '3x_contrast', 'psm': 13, 'whitelist': False, 'raw_text': 'I%%SSI - HE - 798797 - 7', 'cleaned': '7987977', 'confidence': 71.29, 'is_valid': False}, {'variant': '4x_contrast', 'psm': 7, 'whitelist': False, 'raw_text': 'I~%SS! - !# - 798797 - 7', 'cleaned': '7987977', 'confidence': 59.86, 'is_valid': False}, {'variant': '4x_contrast', 'psm': 8, 'whitelist': False, 'raw_text': 'I%%SSI - I - 798797 - 7', 'cleaned': '7987977', 'confidence': 70.71, 'is_valid': False}, {'variant': '4x_contrast', 'psm': 6, 'whitelist': False, 'raw_text': 'I~%SS! - !# - 798797 - 7', 'cleaned': '7987977', 'confidence': 59.86, 'is_valid': False}, {'variant': '4x_contrast', 'psm': 13, 'whitelist': False, 'raw_text': 'I%%SSI - I - 798797 - 7', 'cleaned': '7987977', 'confidence': 70.71, 'is_valid': False}, {'variant': '4x_otsu', 'psm': 7, 'whitelist': False, 'raw_text': 'I**99! - !# - 79B797 - 7', 'cleaned': '99797977', 'confidence': 59.14, 'is_valid': False}, {'variant': '4x_otsu', 'psm': 8, 'whitelist': False, 'raw_text': 'I%%SS! - HE - 798797 - 7', 'cleaned': '7987977', 'confidence': 64.86, 'is_valid': False}, {'variant': '4x_otsu', 'psm': 6, 'whitelist': False, 'raw_text': 'I**99! - !# - 79B797 - 7', 'cleaned': '99797977', 'confidence': 59.14, 'is_valid': False}, {'variant': '4x_otsu', 'psm': 13, 'whitelist': False, 'raw_text': 'I%%SS! - HE - 798797 - 7', 'cleaned': '7987977', 'confidence': 64.86, 'is_valid': False}, {'variant': '3x_adaptive', 'psm': 7, 'whitelist': False, 'raw_text': 'I~%SS! - 1 - T9BI9T - 7', 'cleaned': '1997', 'confidence': 63.57, 'is_valid': False}, {'variant': '3x_adaptive', 'psm': 8, 'whitelist': False, 'raw_text': 'I%%SS! - HE - 798797 - 7', 'cleaned': '7987977', 'confidence': 73.43, 'is_valid': False}, {'variant': '3x_adaptive', 'psm': 6, 'whitelist': False, 'raw_text': 'I~%SS! - 1 - T9BI9T - 7', 'cleaned': '1997', 'confidence': 63.57, 'is_valid': False}, {'variant': '3x_adaptive', 'psm': 13, 'whitelist': False, 'raw_text': 'I%%SS! - HE - 798797 - 7', 'cleaned': '7987977', 'confidence': 73.43, 'is_valid': False}]}
2026-08-15 14:48:53,896 WARNING RECORD 4 FIELD IMEI 2 | raw='' normalized='' confidence=0.0 validation=REVIEW reasons=FIELD_REGION_NOT_LOCATED targeted={'attempted': False, 'decision': 'FIELD_REGION_NOT_LOCATED'}
2026-08-15 14:48:53,896 WARNING RECORD 4 FIELD Contact | raw='£341' normalized='341' confidence=35.94 validation=REVIEW reasons=LOW_OCR_CONFIDENCE targeted={'attempted': True, 'decision': 'ACCEPTED_CONSENSUS', 'value': '341', 'raw_text': '£341', 'confidence': 35.94, 'votes': 32, 'tokens': [OCRToken(text='£341', bbox=BoundingBox(x=962, y=753, width=34, height=17), confidence=80.0, needs_review=False, block_num=0, par_num=0, line_num=0, word_num=0, variant='3x_adaptive')], 'runs': [{'variant': '3x_contrast', 'psm': 7, 'whitelist': False, 'raw_text': '£341', 'cleaned': '341', 'confidence': 68.0, 'is_valid': True}, {'variant': '3x_contrast', 'psm': 7, 'whitelist': True, 'raw_text': '341', 'cleaned': '341', 'confidence': 0.0, 'is_valid': True}, {'variant': '3x_contrast', 'psm': 8, 'whitelist': False, 'raw_text': '£341', 'cleaned': '341', 'confidence': 72.0, 'is_valid': True}, {'variant': '3x_contrast', 'psm': 8, 'whitelist': True, 'raw_text': '341', 'cleaned': '341', 'confidence': 0.0, 'is_valid': True}, {'variant': '3x_contrast', 'psm': 6, 'whitelist': False, 'raw_text': '£341', 'cleaned': '341', 'confidence': 68.0, 'is_valid': True}, {'variant': '3x_contrast', 'psm': 6, 'whitelist': True, 'raw_text': '341', 'cleaned': '341', 'confidence': 0.0, 'is_valid': True}, {'variant': '3x_contrast', 'psm': 13, 'whitelist': False, 'raw_text': '£341', 'cleaned': '341', 'confidence': 72.0, 'is_valid': True}, {'variant': '3x_contrast', 'psm': 13, 'whitelist': True, 'raw_text': '341', 'cleaned': '341', 'confidence': 0.0, 'is_valid': True}, {'variant': '4x_contrast', 'psm': 7, 'whitelist': False, 'raw_text': '£341', 'cleaned': '341', 'confidence': 75.0, 'is_valid': True}, {'variant': '4x_contrast', 'psm': 7, 'whitelist': True, 'raw_text': '341', 'cleaned': '341', 'confidence': 0.0, 'is_valid': True}, {'variant': '4x_contrast', 'psm': 8, 'whitelist': False, 'raw_text': '£341', 'cleaned': '341', 'confidence': 75.0, 'is_valid': True}, {'variant': '4x_contrast', 'psm': 8, 'whitelist': True, 'raw_text': '341', 'cleaned': '341', 'confidence': 0.0, 'is_valid': True}, {'variant': '4x_contrast', 'psm': 6, 'whitelist': False, 'raw_text': '£341', 'cleaned': '341', 'confidence': 75.0, 'is_valid': True}, {'variant': '4x_contrast', 'psm': 6, 'whitelist': True, 'raw_text': '341', 'cleaned': '341', 'confidence': 0.0, 'is_valid': True}, {'variant': '4x_contrast', 'psm': 13, 'whitelist': False, 'raw_text': '£341', 'cleaned': '341', 'confidence': 75.0, 'is_valid': True}, {'variant': '4x_contrast', 'psm': 13, 'whitelist': True, 'raw_text': '341', 'cleaned': '341', 'confidence': 0.0, 'is_valid': True}, {'variant': '4x_otsu', 'psm': 7, 'whitelist': False, 'raw_text': 'E341', 'cleaned': '341', 'confidence': 71.0, 'is_valid': True}, {'variant': '4x_otsu', 'psm': 7, 'whitelist': True, 'raw_text': '341', 'cleaned': '341', 'confidence': 0.0, 'is_valid': True}, {'variant': '4x_otsu', 'psm': 8, 'whitelist': False, 'raw_text': '£341', 'cleaned': '341', 'confidence': 60.0, 'is_valid': True}, {'variant': '4x_otsu', 'psm': 8, 'whitelist': True, 'raw_text': '341', 'cleaned': '341', 'confidence': 0.0, 'is_valid': True}, {'variant': '4x_otsu', 'psm': 6, 'whitelist': False, 'raw_text': 'E341', 'cleaned': '341', 'confidence': 71.0, 'is_valid': True}, {'variant': '4x_otsu', 'psm': 6, 'whitelist': True, 'raw_text': '341', 'cleaned': '341', 'confidence': 0.0, 'is_valid': True}, {'variant': '4x_otsu', 'psm': 13, 'whitelist': False, 'raw_text': '£341', 'cleaned': '341', 'confidence': 60.0, 'is_valid': True}, {'variant': '4x_otsu', 'psm': 13, 'whitelist': True, 'raw_text': '341', 'cleaned': '341', 'confidence': 0.0, 'is_valid': True}, {'variant': '3x_adaptive', 'psm': 7, 'whitelist': False, 'raw_text': '£341', 'cleaned': '341', 'confidence': 74.0, 'is_valid': True}, {'variant': '3x_adaptive', 'psm': 7, 'whitelist': True, 'raw_text': '341', 'cleaned': '341', 'confidence': 0.0, 'is_valid': True}, {'variant': '3x_adaptive', 'psm': 8, 'whitelist': False, 'raw_text': '£341', 'cleaned': '341', 'confidence': 80.0, 'is_valid': True}, {'variant': '3x_adaptive', 'psm': 8, 'whitelist': True, 'raw_text': '341', 'cleaned': '341', 'confidence': 0.0, 'is_valid': True}, {'variant': '3x_adaptive', 'psm': 6, 'whitelist': False, 'raw_text': '£341', 'cleaned': '341', 'confidence': 74.0, 'is_valid': True}, {'variant': '3x_adaptive', 'psm': 6, 'whitelist': True, 'raw_text': '341', 'cleaned': '341', 'confidence': 0.0, 'is_valid': True}, {'variant': '3x_adaptive', 'psm': 13, 'whitelist': False, 'raw_text': '£341', 'cleaned': '341', 'confidence': 80.0, 'is_valid': True}, {'variant': '3x_adaptive', 'psm': 13, 'whitelist': True, 'raw_text': '341', 'cleaned': '341', 'confidence': 0.0, 'is_valid': True}]}
2026-08-15 14:48:53,896 WARNING RECORD 4 STATUS: REVIEW_REQUIRED
2026-08-15 14:48:53,898 ERROR Failed to process images\sample.png
Traceback (most recent call last):
  File "E:\PythonProject\DataEntryAutomation\run_pipeline.py", line 459, in process_image
    atomic_write_json(OUTPUT / "structured_data.json", result)
    ~~~~~~~~~~~~~~~~~^^^^^^^^^^^^^^^^^^^^^^^^^^^^^^^^^^^^^^^^^
  File "E:\PythonProject\DataEntryAutomation\run_pipeline.py", line 57, in atomic_write_json
    temporary_path.write_text(json.dumps(payload, indent=2), encoding="utf-8")
                              ~~~~~~~~~~^^^^^^^^^^^^^^^^^^^
  File "C:\Users\littl\AppData\Local\Python\pythoncore-3.14-64\Lib\json\__init__.py", line 242, in dumps
    **kw).encode(obj)
          ~~~~~~^^^^^
  File "C:\Users\littl\AppData\Local\Python\pythoncore-3.14-64\Lib\json\encoder.py", line 202, in encode
    chunks = self.iterencode(o, _one_shot=True)
  File "C:\Users\littl\AppData\Local\Python\pythoncore-3.14-64\Lib\json\encoder.py", line 263, in iterencode
    return _iterencode(o, 0)
  File "C:\Users\littl\AppData\Local\Python\pythoncore-3.14-64\Lib\json\encoder.py", line 182, in default
    raise TypeError(f'Object of type {o.__class__.__name__} '
                    f'is not JSON serializable')
TypeError: Object of type OCRToken is not JSON serializable
when serializing list item 0
when serializing dict item 'tokens'
when serializing dict item 'targeted_ocr'
when serializing collections.OrderedDict item 'Email'
when serializing dict item 'fields'
when serializing list item 0
when serializing dict item 'records'
2026-08-15 14:49:26,957 INFO StateStore successfully reset: Starting File No = 28, Starting Form No = 110
2026-08-15 14:49:40,169 INFO StateStore active | Form No: max=None, next=110 | File No: max=None, next=28
2026-08-15 14:49:41,111 INFO OCR variant A on sample.png: records=4 mean_confidence=66.4
2026-08-15 14:49:41,983 INFO OCR variant B on sample.png: records=4 mean_confidence=66.9
2026-08-15 14:49:42,988 INFO OCR variant C on sample.png: records=4 mean_confidence=69.6
2026-08-15 14:49:42,988 INFO Selected OCR variant C for sample.png
2026-08-15 14:49:43,049 INFO FIELD REGION: Record=1 Field=Card Type Label='Card' Label bbox={'x': 434, 'y': 105, 'width': 37, 'height': 16} Value region={'x': 477, 'y': 103, 'width': 459, 'height': 24} Region confidence=0.95
2026-08-15 14:49:43,054 INFO TARGETED OCR START: Record=1 Field=IMEI 1 Region={'x': 34, 'y': 62, 'width': 1190, 'height': 59}
2026-08-15 14:49:43,475 INFO TARGETED OCR: Field=IMEI 1 Region={'x': 34, 'y': 62, 'width': 1190, 'height': 59} Variant=3x_contrast PSM=8 Result='Tee eg nc eek. nan natin TaN EME' Candidate='' Valid=False Conf=9.5
2026-08-15 14:49:43,742 INFO TARGETED OCR: Field=IMEI 1 Region={'x': 34, 'y': 62, 'width': 1190, 'height': 59} Variant=3x_contrast PSM=6 Result='England Vodafone Tango - 4616541 VfoneB4YT!@##&T3 JiVawBl50239190I089 GSM Siemens MC60 473871 - 33 - 751054 - 6 7 @SiS - #1-521315-9 TurboCall MasterCardPremium Gold €580 06/07/2020 06/01/2022' Candidate='46165414350239190089604738713375105467152131595800607202006012022' Valid=False Conf=69.8
2026-08-15 14:49:43,946 INFO TARGETED OCR: Field=IMEI 1 Region={'x': 34, 'y': 62, 'width': 1190, 'height': 59} Variant=3x_contrast PSM=13 Result='Tee eg nc eek. nan natin TaN EME' Candidate='' Valid=False Conf=9.5
2026-08-15 14:49:44,349 INFO TARGETED OCR: Field=IMEI 1 Region={'x': 34, 'y': 62, 'width': 1190, 'height': 59} Variant=4x_contrast PSM=8 Result='Te ee nc eek nan nettig tae NN ENE MES' Candidate='' Valid=False Conf=12.7
2026-08-15 14:49:44,641 INFO TARGETED OCR: Field=IMEI 1 Region={'x': 34, 'y': 62, 'width': 1190, 'height': 59} Variant=4x_contrast PSM=6 Result='England Vodafone Tango - 4616541 VfoneB4YT!@##&T3 JiVawBl50239190I089 GSM Siemens MC60 473871 - 33 - 751054 - 6 7@sis - #!-521315-9 TurboCall Master Card Premium Gold E580 06/07/2020 06/01/2022' Candidate='4616541435023919008960473871337510546752131595800607202006012022' Valid=False Conf=77.1
2026-08-15 14:49:44,871 INFO TARGETED OCR: Field=IMEI 1 Region={'x': 34, 'y': 62, 'width': 1190, 'height': 59} Variant=4x_contrast PSM=13 Result='Te ee nc eek nan nettig tae NN ENE MES' Candidate='' Valid=False Conf=12.7
2026-08-15 14:49:45,270 INFO TARGETED OCR: Field=IMEI 1 Region={'x': 34, 'y': 62, 'width': 1190, 'height': 59} Variant=4x_otsu PSM=8 Result='Te a Ne rk aa nettig tae N ENE MES' Candidate='' Valid=False Conf=14.3
2026-08-15 14:49:45,539 INFO TARGETED OCR: Field=IMEI 1 Region={'x': 34, 'y': 62, 'width': 1190, 'height': 59} Variant=4x_otsu PSM=6 Result='England Vodafone Tango - 4616541 VfoneB4YT!@##&T3 JiVawB150239190I089 GSM Siemens MC60 473871 - 33 - 751054 - 6 @S!$ - #1-521315-9 TurboCall MasterCardPremium Gold £580 06/07/2020 06/01/2022' Candidate='46165414315023919008960473871337510546152131595800607202006012022' Valid=False Conf=67.4
2026-08-15 14:49:45,771 INFO TARGETED OCR: Field=IMEI 1 Region={'x': 34, 'y': 62, 'width': 1190, 'height': 59} Variant=4x_otsu PSM=13 Result='Te a Ne rk aa nettig tae N ENE MES' Candidate='' Valid=False Conf=14.3
2026-08-15 14:49:46,159 INFO TARGETED OCR: Field=IMEI 1 Region={'x': 34, 'y': 62, 'width': 1190, 'height': 59} Variant=3x_adaptive PSM=8 Result='Te ee nd nang netig Tae EEE' Candidate='' Valid=False Conf=16.2
2026-08-15 14:49:46,466 INFO TARGETED OCR: Field=IMEI 1 Region={'x': 34, 'y': 62, 'width': 1190, 'height': 59} Variant=3x_adaptive PSM=6 Result='England Vodafone Tango - 4616541 VfoneB4YT!@##&T3 JiVawBi50239130I089 GSM Siemens MCé60 473871 - 33 - 751054 - 6 7 @5!$ - #1-521315-% TurboCall MasterCardPremium Gold €580 06/07/2020 06/01/2022' Candidate='46165414350239130089604738713375105467515213155800607202006012022' Valid=False Conf=67.7
2026-08-15 14:49:46,685 INFO TARGETED OCR: Field=IMEI 1 Region={'x': 34, 'y': 62, 'width': 1190, 'height': 59} Variant=3x_adaptive PSM=13 Result='Te ee nd nang netig Tae EEE' Candidate='' Valid=False Conf=16.2
2026-08-15 14:49:46,716 WARNING TARGETED OCR FAILED: Record=1 Field=IMEI 1 Decision=NO_SAFE_CORRECTION Reason=INVALID_IMEI1
2026-08-15 14:49:46,716 INFO TARGETED OCR START: Record=1 Field=Email Region={'x': 223, 'y': 19, 'width': 138, 'height': 19}
2026-08-15 14:49:46,841 INFO TARGETED OCR: Field=Email Region={'x': 223, 'y': 19, 'width': 138, 'height': 19} Variant=3x_contrast PSM=7 Result='hilary@jisc.ac.uk' Candidate='hilary@jisc.ac.uk' Valid=True Conf=92.0
2026-08-15 14:49:46,955 INFO TARGETED OCR: Field=Email Region={'x': 223, 'y': 19, 'width': 138, 'height': 19} Variant=3x_contrast PSM=8 Result='hilary@jisc.ac.uk.' Candidate='hilary@jisc.ac.uk.' Valid=True Conf=9.0
2026-08-15 14:49:47,068 INFO TARGETED OCR: Field=Email Region={'x': 223, 'y': 19, 'width': 138, 'height': 19} Variant=3x_contrast PSM=6 Result='hilary@jisc.ac.uk' Candidate='hilary@jisc.ac.uk' Valid=True Conf=92.0
2026-08-15 14:49:47,178 INFO TARGETED OCR: Field=Email Region={'x': 223, 'y': 19, 'width': 138, 'height': 19} Variant=3x_contrast PSM=13 Result='hilary@jisc.ac.uk.' Candidate='hilary@jisc.ac.uk.' Valid=True Conf=9.0
2026-08-15 14:49:47,302 INFO TARGETED OCR: Field=Email Region={'x': 223, 'y': 19, 'width': 138, 'height': 19} Variant=4x_contrast PSM=7 Result='hilary@jisc.ac.uk' Candidate='hilary@jisc.ac.uk' Valid=True Conf=90.0
2026-08-15 14:49:47,422 INFO TARGETED OCR: Field=Email Region={'x': 223, 'y': 19, 'width': 138, 'height': 19} Variant=4x_contrast PSM=8 Result='hilary@jisc.ac.uk.' Candidate='hilary@jisc.ac.uk.' Valid=True Conf=0.0
2026-08-15 14:49:47,547 INFO TARGETED OCR: Field=Email Region={'x': 223, 'y': 19, 'width': 138, 'height': 19} Variant=4x_contrast PSM=6 Result='hilary@jisc.ac.uk' Candidate='hilary@jisc.ac.uk' Valid=True Conf=90.0
2026-08-15 14:49:47,665 INFO TARGETED OCR: Field=Email Region={'x': 223, 'y': 19, 'width': 138, 'height': 19} Variant=4x_contrast PSM=13 Result='hilary@jisc.ac.uk.' Candidate='hilary@jisc.ac.uk.' Valid=True Conf=0.0
2026-08-15 14:49:47,776 INFO TARGETED OCR: Field=Email Region={'x': 223, 'y': 19, 'width': 138, 'height': 19} Variant=4x_otsu PSM=7 Result='hilary@jisc.ac.uk' Candidate='hilary@jisc.ac.uk' Valid=True Conf=87.0
2026-08-15 14:49:47,884 INFO TARGETED OCR: Field=Email Region={'x': 223, 'y': 19, 'width': 138, 'height': 19} Variant=4x_otsu PSM=8 Result='hilary@jisc.ac.uk' Candidate='hilary@jisc.ac.uk' Valid=True Conf=6.0
2026-08-15 14:49:47,995 INFO TARGETED OCR: Field=Email Region={'x': 223, 'y': 19, 'width': 138, 'height': 19} Variant=4x_otsu PSM=6 Result='hilary@jisc.ac.uk' Candidate='hilary@jisc.ac.uk' Valid=True Conf=87.0
2026-08-15 14:49:48,104 INFO TARGETED OCR: Field=Email Region={'x': 223, 'y': 19, 'width': 138, 'height': 19} Variant=4x_otsu PSM=13 Result='hilary@jisc.ac.uk' Candidate='hilary@jisc.ac.uk' Valid=True Conf=6.0
2026-08-15 14:49:48,223 INFO TARGETED OCR: Field=Email Region={'x': 223, 'y': 19, 'width': 138, 'height': 19} Variant=3x_adaptive PSM=7 Result='hilary@jisc.ac.uk' Candidate='hilary@jisc.ac.uk' Valid=True Conf=90.0
2026-08-15 14:49:48,355 INFO TARGETED OCR: Field=Email Region={'x': 223, 'y': 19, 'width': 138, 'height': 19} Variant=3x_adaptive PSM=8 Result='hilary@jisc.ac.uk' Candidate='hilary@jisc.ac.uk' Valid=True Conf=0.0
2026-08-15 14:49:48,470 INFO TARGETED OCR: Field=Email Region={'x': 223, 'y': 19, 'width': 138, 'height': 19} Variant=3x_adaptive PSM=6 Result='hilary@jisc.ac.uk' Candidate='hilary@jisc.ac.uk' Valid=True Conf=90.0
2026-08-15 14:49:48,587 INFO TARGETED OCR: Field=Email Region={'x': 223, 'y': 19, 'width': 138, 'height': 19} Variant=3x_adaptive PSM=13 Result='hilary@jisc.ac.uk' Candidate='hilary@jisc.ac.uk' Valid=True Conf=0.0
2026-08-15 14:49:48,589 INFO TARGETED OCR ACCEPTED: Record=1 Field=Email Value='hilary@jisc.ac.uk' Conf=73.0 Decision=ACCEPTED_CONSENSUS
2026-08-15 14:49:48,589 INFO TARGETED OCR START: Record=1 Field=SIM No Region={'x': 597, 'y': 62, 'width': 175, 'height': 17}
2026-08-15 14:49:48,715 INFO TARGETED OCR: Field=SIM No Region={'x': 597, 'y': 62, 'width': 175, 'height': 17} Variant=3x_contrast PSM=7 Result='JIVawB1502391301089' Candidate='JIVawB1502391301089' Valid=True Conf=60.0
2026-08-15 14:49:48,842 INFO TARGETED OCR: Field=SIM No Region={'x': 597, 'y': 62, 'width': 175, 'height': 17} Variant=3x_contrast PSM=8 Result='JIVawB1502391301089' Candidate='JIVawB1502391301089' Valid=True Conf=18.0
2026-08-15 14:49:48,964 INFO TARGETED OCR: Field=SIM No Region={'x': 597, 'y': 62, 'width': 175, 'height': 17} Variant=3x_contrast PSM=6 Result='JIVawB1502391301089' Candidate='JIVawB1502391301089' Valid=True Conf=60.0
2026-08-15 14:49:49,080 INFO TARGETED OCR: Field=SIM No Region={'x': 597, 'y': 62, 'width': 175, 'height': 17} Variant=3x_contrast PSM=13 Result='JIVawB1502391301089' Candidate='JIVawB1502391301089' Valid=True Conf=18.0
2026-08-15 14:49:49,231 INFO TARGETED OCR: Field=SIM No Region={'x': 597, 'y': 62, 'width': 175, 'height': 17} Variant=4x_contrast PSM=7 Result='JiVawB1502391301089' Candidate='JiVawB1502391301089' Valid=True Conf=54.0
2026-08-15 14:49:49,369 INFO TARGETED OCR: Field=SIM No Region={'x': 597, 'y': 62, 'width': 175, 'height': 17} Variant=4x_contrast PSM=8 Result='JIVawB1502391301089' Candidate='JIVawB1502391301089' Valid=True Conf=26.0
2026-08-15 14:49:49,509 INFO TARGETED OCR: Field=SIM No Region={'x': 597, 'y': 62, 'width': 175, 'height': 17} Variant=4x_contrast PSM=6 Result='JiVawB1502391301089' Candidate='JiVawB1502391301089' Valid=True Conf=54.0
2026-08-15 14:49:49,656 INFO TARGETED OCR: Field=SIM No Region={'x': 597, 'y': 62, 'width': 175, 'height': 17} Variant=4x_contrast PSM=13 Result='JIVawB1502391301089' Candidate='JIVawB1502391301089' Valid=True Conf=26.0
2026-08-15 14:49:49,773 INFO TARGETED OCR: Field=SIM No Region={'x': 597, 'y': 62, 'width': 175, 'height': 17} Variant=4x_otsu PSM=7 Result='JIVawB1502391301089' Candidate='JIVawB1502391301089' Valid=True Conf=58.0
2026-08-15 14:49:49,893 INFO TARGETED OCR: Field=SIM No Region={'x': 597, 'y': 62, 'width': 175, 'height': 17} Variant=4x_otsu PSM=8 Result='‘JIVawB1502391301089' Candidate='‘JIVawB1502391301089' Valid=True Conf=7.0
2026-08-15 14:49:50,017 INFO TARGETED OCR: Field=SIM No Region={'x': 597, 'y': 62, 'width': 175, 'height': 17} Variant=4x_otsu PSM=6 Result='JIVawB1502391301089' Candidate='JIVawB1502391301089' Valid=True Conf=58.0
2026-08-15 14:49:50,136 INFO TARGETED OCR: Field=SIM No Region={'x': 597, 'y': 62, 'width': 175, 'height': 17} Variant=4x_otsu PSM=13 Result='‘JIVawB1502391301089' Candidate='‘JIVawB1502391301089' Valid=True Conf=7.0
2026-08-15 14:49:50,271 INFO TARGETED OCR: Field=SIM No Region={'x': 597, 'y': 62, 'width': 175, 'height': 17} Variant=3x_adaptive PSM=7 Result='JIVawB1502391301089' Candidate='JIVawB1502391301089' Valid=True Conf=80.0
2026-08-15 14:49:50,389 INFO TARGETED OCR: Field=SIM No Region={'x': 597, 'y': 62, 'width': 175, 'height': 17} Variant=3x_adaptive PSM=8 Result='JIVawB1502391301089' Candidate='JIVawB1502391301089' Valid=True Conf=0.0
2026-08-15 14:49:50,523 INFO TARGETED OCR: Field=SIM No Region={'x': 597, 'y': 62, 'width': 175, 'height': 17} Variant=3x_adaptive PSM=6 Result='JIVawB1502391301089' Candidate='JIVawB1502391301089' Valid=True Conf=80.0
2026-08-15 14:49:50,686 INFO TARGETED OCR: Field=SIM No Region={'x': 597, 'y': 62, 'width': 175, 'height': 17} Variant=3x_adaptive PSM=13 Result='JIVawB1502391301089' Candidate='JIVawB1502391301089' Valid=True Conf=0.0
2026-08-15 14:49:50,686 INFO TARGETED OCR ACCEPTED: Record=1 Field=SIM No Value='JIVawB1502391301089' Conf=48.4 Decision=ACCEPTED_CONSENSUS
2026-08-15 14:49:50,687 INFO TARGETED OCR START: Record=1 Field=Reference No Region={'x': 396, 'y': 62, 'width': 165, 'height': 21}
2026-08-15 14:49:50,822 INFO TARGETED OCR: Field=Reference No Region={'x': 396, 'y': 62, 'width': 165, 'height': 21} Variant=3x_contrast PSM=7 Result='VfoneB4YT!@#F&T3' Candidate='VfoneB4YT!@#F&T3' Valid=True Conf=32.0
2026-08-15 14:49:50,956 INFO TARGETED OCR: Field=Reference No Region={'x': 396, 'y': 62, 'width': 165, 'height': 21} Variant=3x_contrast PSM=8 Result='VioneBAYTI@##&T3' Candidate='VioneBAYTI@##&T3' Valid=True Conf=8.0
2026-08-15 14:49:51,078 INFO TARGETED OCR: Field=Reference No Region={'x': 396, 'y': 62, 'width': 165, 'height': 21} Variant=3x_contrast PSM=6 Result='VfoneB4YT!@#F&T3' Candidate='VfoneB4YT!@#F&T3' Valid=True Conf=32.0
2026-08-15 14:49:51,201 INFO TARGETED OCR: Field=Reference No Region={'x': 396, 'y': 62, 'width': 165, 'height': 21} Variant=3x_contrast PSM=13 Result='VioneBAYTI@##&T3' Candidate='VioneBAYTI@##&T3' Valid=True Conf=8.0
2026-08-15 14:49:51,325 INFO TARGETED OCR: Field=Reference No Region={'x': 396, 'y': 62, 'width': 165, 'height': 21} Variant=4x_contrast PSM=7 Result='VfoneB4YT! @#FET3' Candidate='VfoneB4YT! @#FET3' Valid=True Conf=0.0
2026-08-15 14:49:51,446 INFO TARGETED OCR: Field=Reference No Region={'x': 396, 'y': 62, 'width': 165, 'height': 21} Variant=4x_contrast PSM=8 Result='VioneBAYTI@##ET3' Candidate='VioneBAYTI@##ET3' Valid=True Conf=0.0
2026-08-15 14:49:51,571 INFO TARGETED OCR: Field=Reference No Region={'x': 396, 'y': 62, 'width': 165, 'height': 21} Variant=4x_contrast PSM=6 Result='VfoneB4YT! @#FET3' Candidate='VfoneB4YT! @#FET3' Valid=True Conf=0.0
2026-08-15 14:49:51,699 INFO TARGETED OCR: Field=Reference No Region={'x': 396, 'y': 62, 'width': 165, 'height': 21} Variant=4x_contrast PSM=13 Result='VioneBAYTI@##ET3' Candidate='VioneBAYTI@##ET3' Valid=True Conf=0.0
2026-08-15 14:49:51,815 INFO TARGETED OCR: Field=Reference No Region={'x': 396, 'y': 62, 'width': 165, 'height': 21} Variant=4x_otsu PSM=7 Result='VfoneB4YT!@#F&T3' Candidate='VfoneB4YT!@#F&T3' Valid=True Conf=34.0
2026-08-15 14:49:51,961 INFO TARGETED OCR: Field=Reference No Region={'x': 396, 'y': 62, 'width': 165, 'height': 21} Variant=4x_otsu PSM=8 Result='VioneBsYTI@#4&T3' Candidate='VioneBsYTI@#4&T3' Valid=True Conf=0.0
2026-08-15 14:49:52,080 INFO TARGETED OCR: Field=Reference No Region={'x': 396, 'y': 62, 'width': 165, 'height': 21} Variant=4x_otsu PSM=6 Result='VfoneB4YT!@#F&T3' Candidate='VfoneB4YT!@#F&T3' Valid=True Conf=34.0
2026-08-15 14:49:52,204 INFO TARGETED OCR: Field=Reference No Region={'x': 396, 'y': 62, 'width': 165, 'height': 21} Variant=4x_otsu PSM=13 Result='VioneBsYTI@#4&T3' Candidate='VioneBsYTI@#4&T3' Valid=True Conf=0.0
2026-08-15 14:49:52,326 INFO TARGETED OCR: Field=Reference No Region={'x': 396, 'y': 62, 'width': 165, 'height': 21} Variant=3x_adaptive PSM=7 Result='VfoneB4YT!@#A&T3' Candidate='VfoneB4YT!@#A&T3' Valid=True Conf=14.0
2026-08-15 14:49:52,449 INFO TARGETED OCR: Field=Reference No Region={'x': 396, 'y': 62, 'width': 165, 'height': 21} Variant=3x_adaptive PSM=8 Result='VioneBAYT@##&3' Candidate='VioneBAYT@##&3' Valid=True Conf=16.0
2026-08-15 14:49:52,573 INFO TARGETED OCR: Field=Reference No Region={'x': 396, 'y': 62, 'width': 165, 'height': 21} Variant=3x_adaptive PSM=6 Result='VfoneB4YT!@#A&T3' Candidate='VfoneB4YT!@#A&T3' Valid=True Conf=14.0
2026-08-15 14:49:52,695 INFO TARGETED OCR: Field=Reference No Region={'x': 396, 'y': 62, 'width': 165, 'height': 21} Variant=3x_adaptive PSM=13 Result='VioneBAYT@##&3' Candidate='VioneBAYT@##&3' Valid=True Conf=16.0
2026-08-15 14:49:52,696 INFO TARGETED OCR ACCEPTED: Record=1 Field=Reference No Value='VfoneB4YT!@#F&T3' Conf=33.0 Decision=ACCEPTED_CONSENSUS
2026-08-15 14:49:52,696 WARNING RECORD 1 FIELD First Name | raw='Hillary' normalized='Hillary' confidence=0.0 validation=REVIEW reasons=LOW_OCR_CONFIDENCE targeted={'attempted': False, 'decision': 'NOT_REQUIRED'}
2026-08-15 14:49:52,696 WARNING RECORD 1 FIELD Last Name | raw='Benton' normalized='Benton' confidence=0.0 validation=REVIEW reasons=LOW_OCR_CONFIDENCE targeted={'attempted': False, 'decision': 'NOT_REQUIRED'}
2026-08-15 14:49:52,696 WARNING RECORD 1 FIELD City | raw='Leeds, North Yorkshire' normalized='Leeds, North Yorkshire' confidence=37.0 validation=REVIEW reasons=LOW_OCR_CONFIDENCE targeted={'attempted': False, 'decision': 'NOT_REQUIRED'}
2026-08-15 14:49:52,696 WARNING RECORD 1 FIELD IMEI 1 | raw='473871 - 33 - 751054 - 6 7' normalized='473871 - 33 - 751054 - 6 7' confidence=91.86 validation=REVIEW reasons=INVALID_IMEI1 targeted={'attempted': True, 'decision': 'NO_SAFE_CORRECTION', 'reason': 'INVALID_IMEI1', 'detail': 'No confident 15-digit candidate produced from IMEI 1 region', 'runs': [{'variant': '3x_contrast', 'psm': 8, 'whitelist': False, 'raw_text': 'Tee eg nc eek. nan natin TaN EME', 'cleaned': '', 'confidence': 9.5, 'is_valid': False}, {'variant': '3x_contrast', 'psm': 6, 'whitelist': False, 'raw_text': 'England Vodafone Tango - 4616541 VfoneB4YT!@##&T3 JiVawBl50239190I089 GSM Siemens MC60 473871 - 33 - 751054 - 6 7 @SiS - #1-521315-9 TurboCall MasterCardPremium Gold €580 06/07/2020 06/01/2022', 'cleaned': '46165414350239190089604738713375105467152131595800607202006012022', 'confidence': 69.78, 'is_valid': False}, {'variant': '3x_contrast', 'psm': 13, 'whitelist': False, 'raw_text': 'Tee eg nc eek. nan natin TaN EME', 'cleaned': '', 'confidence': 9.5, 'is_valid': False}, {'variant': '4x_contrast', 'psm': 8, 'whitelist': False, 'raw_text': 'Te ee nc eek nan nettig tae NN ENE MES', 'cleaned': '', 'confidence': 12.67, 'is_valid': False}, {'variant': '4x_contrast', 'psm': 6, 'whitelist': False, 'raw_text': 'England Vodafone Tango - 4616541 VfoneB4YT!@##&T3 JiVawBl50239190I089 GSM Siemens MC60 473871 - 33 - 751054 - 6 7@sis - #!-521315-9 TurboCall Master Card Premium Gold E580 06/07/2020 06/01/2022', 'cleaned': '4616541435023919008960473871337510546752131595800607202006012022', 'confidence': 77.11, 'is_valid': False}, {'variant': '4x_contrast', 'psm': 13, 'whitelist': False, 'raw_text': 'Te ee nc eek nan nettig tae NN ENE MES', 'cleaned': '', 'confidence': 12.67, 'is_valid': False}, {'variant': '4x_otsu', 'psm': 8, 'whitelist': False, 'raw_text': 'Te a Ne rk aa nettig tae N ENE MES', 'cleaned': '', 'confidence': 14.33, 'is_valid': False}, {'variant': '4x_otsu', 'psm': 6, 'whitelist': False, 'raw_text': 'England Vodafone Tango - 4616541 VfoneB4YT!@##&T3 JiVawB150239190I089 GSM Siemens MC60 473871 - 33 - 751054 - 6 @S!$ - #1-521315-9 TurboCall MasterCardPremium Gold £580 06/07/2020 06/01/2022', 'cleaned': '46165414315023919008960473871337510546152131595800607202006012022', 'confidence': 67.38, 'is_valid': False}, {'variant': '4x_otsu', 'psm': 13, 'whitelist': False, 'raw_text': 'Te a Ne rk aa nettig tae N ENE MES', 'cleaned': '', 'confidence': 14.33, 'is_valid': False}, {'variant': '3x_adaptive', 'psm': 8, 'whitelist': False, 'raw_text': 'Te ee nd nang netig Tae EEE', 'cleaned': '', 'confidence': 16.25, 'is_valid': False}, {'variant': '3x_adaptive', 'psm': 6, 'whitelist': False, 'raw_text': 'England Vodafone Tango - 4616541 VfoneB4YT!@##&T3 JiVawBi50239130I089 GSM Siemens MCé60 473871 - 33 - 751054 - 6 7 @5!$ - #1-521315-% TurboCall MasterCardPremium Gold €580 06/07/2020 06/01/2022', 'cleaned': '46165414350239130089604738713375105467515213155800607202006012022', 'confidence': 67.67, 'is_valid': False}, {'variant': '3x_adaptive', 'psm': 13, 'whitelist': False, 'raw_text': 'Te ee nd nang netig Tae EEE', 'cleaned': '', 'confidence': 16.25, 'is_valid': False}]}
2026-08-15 14:49:52,697 WARNING RECORD 1 FIELD Contact | raw='' normalized='' confidence=0.0 validation=REVIEW reasons=MISSING_REQUIRED_FIELD,FIELD_REGION_NOT_LOCATED targeted={'attempted': False, 'decision': 'FIELD_REGION_NOT_LOCATED'}
2026-08-15 14:49:52,697 WARNING RECORD 1 FIELD Installments | raw='' normalized='' confidence=0.0 validation=REVIEW reasons=MISSING_REQUIRED_FIELD,INVALID_INSTALLMENTS targeted={'attempted': False, 'decision': 'NOT_REQUIRED'}
2026-08-15 14:49:52,697 WARNING RECORD 1 FIELD Amount in Words | raw='' normalized='' confidence=0.0 validation=REVIEW reasons=MISSING_REQUIRED_FIELD,EMPTY_AMOUNT_WORDS targeted={'attempted': False, 'decision': 'NOT_REQUIRED'}
2026-08-15 14:49:52,697 WARNING RECORD 1 STATUS: REVIEW_REQUIRED
2026-08-15 14:49:52,756 INFO FIELD REGION: Record=2 Field=Card Type Label='Card' Label bbox={'x': 722, 'y': 321, 'width': 37, 'height': 15} Value region={'x': 766, 'y': 319, 'width': 401, 'height': 21} Region confidence=0.95
2026-08-15 14:49:52,757 INFO TARGETED OCR START: Record=2 Field=IMEI 2 Region={'x': 268, 'y': 319, 'width': 180, 'height': 19}
2026-08-15 14:49:52,885 INFO TARGETED OCR: Field=IMEI 2 Region={'x': 268, 'y': 319, 'width': 180, 'height': 19} Variant=3x_contrast PSM=7 Result='|&t*? - $1 - 995095 - 2' Candidate='|&t*? - $1 - 995095 - 2' Valid=True Conf=76.7
2026-08-15 14:49:53,000 INFO TARGETED OCR: Field=IMEI 2 Region={'x': 268, 'y': 319, 'width': 180, 'height': 19} Variant=3x_contrast PSM=8 Result='gut? - $1 - 995095 -2' Candidate='gut? - $1 - 995095 -2' Valid=True Conf=62.3
2026-08-15 14:49:53,115 INFO TARGETED OCR: Field=IMEI 2 Region={'x': 268, 'y': 319, 'width': 180, 'height': 19} Variant=3x_contrast PSM=6 Result='|&t*? - $1 - 995095 - 2' Candidate='|&t*? - $1 - 995095 - 2' Valid=True Conf=76.7
2026-08-15 14:49:53,229 INFO TARGETED OCR: Field=IMEI 2 Region={'x': 268, 'y': 319, 'width': 180, 'height': 19} Variant=3x_contrast PSM=13 Result='gut? - $1 - 995095 -2' Candidate='gut? - $1 - 995095 -2' Valid=True Conf=62.3
2026-08-15 14:49:53,352 INFO TARGETED OCR: Field=IMEI 2 Region={'x': 268, 'y': 319, 'width': 180, 'height': 19} Variant=4x_contrast PSM=7 Result='|gi*? - $1 - 995095 - 2' Candidate='|gi*? - $1 - 995095 - 2' Valid=True Conf=87.8
2026-08-15 14:49:53,491 INFO TARGETED OCR: Field=IMEI 2 Region={'x': 268, 'y': 319, 'width': 180, 'height': 19} Variant=4x_contrast PSM=8 Result='[eut? - $1 - 995095 -2' Candidate='[eut? - $1 - 995095 -2' Valid=True Conf=71.6
2026-08-15 14:49:53,626 INFO TARGETED OCR: Field=IMEI 2 Region={'x': 268, 'y': 319, 'width': 180, 'height': 19} Variant=4x_contrast PSM=6 Result='|gi*? - $1 - 995095 - 2' Candidate='|gi*? - $1 - 995095 - 2' Valid=True Conf=87.8
2026-08-15 14:49:53,749 INFO TARGETED OCR: Field=IMEI 2 Region={'x': 268, 'y': 319, 'width': 180, 'height': 19} Variant=4x_contrast PSM=13 Result='[eut? - $1 - 995095 -2' Candidate='[eut? - $1 - 995095 -2' Valid=True Conf=71.6
2026-08-15 14:49:53,865 INFO TARGETED OCR: Field=IMEI 2 Region={'x': 268, 'y': 319, 'width': 180, 'height': 19} Variant=4x_otsu PSM=7 Result='[StI°? - $1 - 995095 - 2' Candidate='[StI°? - $1 - 995095 - 2' Valid=True Conf=59.1
2026-08-15 14:49:53,981 INFO TARGETED OCR: Field=IMEI 2 Region={'x': 268, 'y': 319, 'width': 180, 'height': 19} Variant=4x_otsu PSM=8 Result='[gut? - $1- 995095 -2' Candidate='[gut? - $1- 995095 -2' Valid=True Conf=82.8
2026-08-15 14:49:54,099 INFO TARGETED OCR: Field=IMEI 2 Region={'x': 268, 'y': 319, 'width': 180, 'height': 19} Variant=4x_otsu PSM=6 Result='[StI°? - $1 - 995095 - 2' Candidate='[StI°? - $1 - 995095 - 2' Valid=True Conf=59.1
2026-08-15 14:49:54,215 INFO TARGETED OCR: Field=IMEI 2 Region={'x': 268, 'y': 319, 'width': 180, 'height': 19} Variant=4x_otsu PSM=13 Result='[gut? - $1- 995095 -2' Candidate='[gut? - $1- 995095 -2' Valid=True Conf=82.8
2026-08-15 14:49:54,348 INFO TARGETED OCR: Field=IMEI 2 Region={'x': 268, 'y': 319, 'width': 180, 'height': 19} Variant=3x_adaptive PSM=7 Result='[St*? - $1 - 995095 - 2' Candidate='[St*? - $1 - 995095 - 2' Valid=True Conf=70.5
2026-08-15 14:49:54,488 INFO TARGETED OCR: Field=IMEI 2 Region={'x': 268, 'y': 319, 'width': 180, 'height': 19} Variant=3x_adaptive PSM=8 Result='[guit? - $1 - 995095 -2' Candidate='[guit? - $1 - 995095 -2' Valid=True Conf=54.3
2026-08-15 14:49:54,613 INFO TARGETED OCR: Field=IMEI 2 Region={'x': 268, 'y': 319, 'width': 180, 'height': 19} Variant=3x_adaptive PSM=6 Result='[St*? - $1 - 995095 - 2' Candidate='[St*? - $1 - 995095 - 2' Valid=True Conf=70.5
2026-08-15 14:49:54,734 INFO TARGETED OCR: Field=IMEI 2 Region={'x': 268, 'y': 319, 'width': 180, 'height': 19} Variant=3x_adaptive PSM=13 Result='[guit? - $1 - 995095 -2' Candidate='[guit? - $1 - 995095 -2' Valid=True Conf=54.3
2026-08-15 14:49:54,735 INFO TARGETED OCR ACCEPTED: Record=2 Field=IMEI 2 Value='|&t*? - $1 - 995095 - 2' Conf=76.7 Decision=ACCEPTED_CONSENSUS
2026-08-15 14:49:54,735 INFO TARGETED OCR START: Record=2 Field=SIM No Region={'x': 789, 'y': 278, 'width': 198, 'height': 19}
2026-08-15 14:49:54,879 INFO TARGETED OCR: Field=SIM No Region={'x': 789, 'y': 278, 'width': 198, 'height': 19} Variant=3x_contrast PSM=7 Result='YTAujw2223295806KM81' Candidate='YTAujw2223295806KM81' Valid=True Conf=64.0
2026-08-15 14:49:55,001 INFO TARGETED OCR: Field=SIM No Region={'x': 789, 'y': 278, 'width': 198, 'height': 19} Variant=3x_contrast PSM=8 Result='YTAujW2223295806KMB1' Candidate='YTAujW2223295806KMB1' Valid=True Conf=15.0
2026-08-15 14:49:55,124 INFO TARGETED OCR: Field=SIM No Region={'x': 789, 'y': 278, 'width': 198, 'height': 19} Variant=3x_contrast PSM=6 Result='YTAujw2223295806KM81' Candidate='YTAujw2223295806KM81' Valid=True Conf=64.0
2026-08-15 14:49:55,256 INFO TARGETED OCR: Field=SIM No Region={'x': 789, 'y': 278, 'width': 198, 'height': 19} Variant=3x_contrast PSM=13 Result='YTAujW2223295806KMB1' Candidate='YTAujW2223295806KMB1' Valid=True Conf=15.0
2026-08-15 14:49:55,385 INFO TARGETED OCR: Field=SIM No Region={'x': 789, 'y': 278, 'width': 198, 'height': 19} Variant=4x_contrast PSM=7 Result='YTAujw2223295806KM81' Candidate='YTAujw2223295806KM81' Valid=True Conf=31.0
2026-08-15 14:49:55,530 INFO TARGETED OCR: Field=SIM No Region={'x': 789, 'y': 278, 'width': 198, 'height': 19} Variant=4x_contrast PSM=8 Result='YTAujW2223295806KMB1' Candidate='YTAujW2223295806KMB1' Valid=True Conf=0.0
2026-08-15 14:49:55,659 INFO TARGETED OCR: Field=SIM No Region={'x': 789, 'y': 278, 'width': 198, 'height': 19} Variant=4x_contrast PSM=6 Result='YTAujw2223295806KM81' Candidate='YTAujw2223295806KM81' Valid=True Conf=31.0
2026-08-15 14:49:55,792 INFO TARGETED OCR: Field=SIM No Region={'x': 789, 'y': 278, 'width': 198, 'height': 19} Variant=4x_contrast PSM=13 Result='YTAujW2223295806KMB1' Candidate='YTAujW2223295806KMB1' Valid=True Conf=0.0
2026-08-15 14:49:55,910 INFO TARGETED OCR: Field=SIM No Region={'x': 789, 'y': 278, 'width': 198, 'height': 19} Variant=4x_otsu PSM=7 Result='YTAujW2223295806KMB1' Candidate='YTAujW2223295806KMB1' Valid=True Conf=58.0
2026-08-15 14:49:56,043 INFO TARGETED OCR: Field=SIM No Region={'x': 789, 'y': 278, 'width': 198, 'height': 19} Variant=4x_otsu PSM=8 Result='YTAujW2223295806KMB1' Candidate='YTAujW2223295806KMB1' Valid=True Conf=16.0
2026-08-15 14:49:56,161 INFO TARGETED OCR: Field=SIM No Region={'x': 789, 'y': 278, 'width': 198, 'height': 19} Variant=4x_otsu PSM=6 Result='YTAujW2223295806KMB1' Candidate='YTAujW2223295806KMB1' Valid=True Conf=58.0
2026-08-15 14:49:56,280 INFO TARGETED OCR: Field=SIM No Region={'x': 789, 'y': 278, 'width': 198, 'height': 19} Variant=4x_otsu PSM=13 Result='YTAujW2223295806KMB1' Candidate='YTAujW2223295806KMB1' Valid=True Conf=16.0
2026-08-15 14:49:56,420 INFO TARGETED OCR: Field=SIM No Region={'x': 789, 'y': 278, 'width': 198, 'height': 19} Variant=3x_adaptive PSM=7 Result='YTAujw2223295806KM81' Candidate='YTAujw2223295806KM81' Valid=True Conf=78.0
2026-08-15 14:49:56,545 INFO TARGETED OCR: Field=SIM No Region={'x': 789, 'y': 278, 'width': 198, 'height': 19} Variant=3x_adaptive PSM=8 Result='‘YTAujW2223295806KM81' Candidate='‘YTAujW2223295806KM81' Valid=True Conf=8.0
2026-08-15 14:49:56,669 INFO TARGETED OCR: Field=SIM No Region={'x': 789, 'y': 278, 'width': 198, 'height': 19} Variant=3x_adaptive PSM=6 Result='YTAujw2223295806KM81' Candidate='YTAujw2223295806KM81' Valid=True Conf=78.0
2026-08-15 14:49:56,794 INFO TARGETED OCR: Field=SIM No Region={'x': 789, 'y': 278, 'width': 198, 'height': 19} Variant=3x_adaptive PSM=13 Result='‘YTAujW2223295806KM81' Candidate='‘YTAujW2223295806KM81' Valid=True Conf=8.0
2026-08-15 14:49:56,795 INFO TARGETED OCR ACCEPTED: Record=2 Field=SIM No Value='YTAujW2223295806KMB1' Conf=29.7 Decision=ACCEPTED_CONSENSUS
2026-08-15 14:49:56,795 INFO TARGETED OCR START: Record=2 Field=Reference No Region={'x': 561, 'y': 275, 'width': 193, 'height': 22}
2026-08-15 14:49:56,928 INFO TARGETED OCR: Field=Reference No Region={'x': 561, 'y': 275, 'width': 193, 'height': 22} Variant=3x_contrast PSM=7 Result='ORN39GK@E!S+P421942' Candidate='ORN39GK@E!S+P421942' Valid=True Conf=54.0
2026-08-15 14:49:57,049 INFO TARGETED OCR: Field=Reference No Region={'x': 561, 'y': 275, 'width': 193, 'height': 22} Variant=3x_contrast PSM=8 Result='ORN37GK@EIS+PAZ1942' Candidate='ORN37GK@EIS+PAZ1942' Valid=True Conf=0.0
2026-08-15 14:49:57,172 INFO TARGETED OCR: Field=Reference No Region={'x': 561, 'y': 275, 'width': 193, 'height': 22} Variant=3x_contrast PSM=6 Result='ORN39GK@E!S+P421942' Candidate='ORN39GK@E!S+P421942' Valid=True Conf=54.0
2026-08-15 14:49:57,293 INFO TARGETED OCR: Field=Reference No Region={'x': 561, 'y': 275, 'width': 193, 'height': 22} Variant=3x_contrast PSM=13 Result='ORN37GK@EIS+PAZ1942' Candidate='ORN37GK@EIS+PAZ1942' Valid=True Conf=0.0
2026-08-15 14:49:57,431 INFO TARGETED OCR: Field=Reference No Region={'x': 561, 'y': 275, 'width': 193, 'height': 22} Variant=4x_contrast PSM=7 Result='ORNSIGK@E!$+P421942' Candidate='ORNSIGK@E!$+P421942' Valid=True Conf=20.0
2026-08-15 14:49:57,555 INFO TARGETED OCR: Field=Reference No Region={'x': 561, 'y': 275, 'width': 193, 'height': 22} Variant=4x_contrast PSM=8 Result='ORN37GK@EIS+PAZ1942' Candidate='ORN37GK@EIS+PAZ1942' Valid=True Conf=5.0
2026-08-15 14:49:57,701 INFO TARGETED OCR: Field=Reference No Region={'x': 561, 'y': 275, 'width': 193, 'height': 22} Variant=4x_contrast PSM=6 Result='ORNSIGK@E!$+P421942' Candidate='ORNSIGK@E!$+P421942' Valid=True Conf=20.0
2026-08-15 14:49:57,829 INFO TARGETED OCR: Field=Reference No Region={'x': 561, 'y': 275, 'width': 193, 'height': 22} Variant=4x_contrast PSM=13 Result='ORN37GK@EIS+PAZ1942' Candidate='ORN37GK@EIS+PAZ1942' Valid=True Conf=5.0
2026-08-15 14:49:57,951 INFO TARGETED OCR: Field=Reference No Region={'x': 561, 'y': 275, 'width': 193, 'height': 22} Variant=4x_otsu PSM=7 Result='ORNSIGK@E!S+P421942' Candidate='ORNSIGK@E!S+P421942' Valid=True Conf=61.0
2026-08-15 14:49:58,069 INFO TARGETED OCR: Field=Reference No Region={'x': 561, 'y': 275, 'width': 193, 'height': 22} Variant=4x_otsu PSM=8 Result='ORN39GK@EIS+P4 21942' Candidate='ORN39GK@EIS+P4 21942' Valid=True Conf=0.0
2026-08-15 14:49:58,188 INFO TARGETED OCR: Field=Reference No Region={'x': 561, 'y': 275, 'width': 193, 'height': 22} Variant=4x_otsu PSM=6 Result='ORNSIGK@E!S+P421942' Candidate='ORNSIGK@E!S+P421942' Valid=True Conf=61.0
2026-08-15 14:49:58,306 INFO TARGETED OCR: Field=Reference No Region={'x': 561, 'y': 275, 'width': 193, 'height': 22} Variant=4x_otsu PSM=13 Result='ORN39GK@EIS+P4 21942' Candidate='ORN39GK@EIS+P4 21942' Valid=True Conf=0.0
2026-08-15 14:49:58,432 INFO TARGETED OCR: Field=Reference No Region={'x': 561, 'y': 275, 'width': 193, 'height': 22} Variant=3x_adaptive PSM=7 Result='ORN39GK@E&!S+P421942' Candidate='ORN39GK@E&!S+P421942' Valid=True Conf=18.0
2026-08-15 14:49:58,558 INFO TARGETED OCR: Field=Reference No Region={'x': 561, 'y': 275, 'width': 193, 'height': 22} Variant=3x_adaptive PSM=8 Result='ORN39GK@S&IS+PAZIFGZ' Candidate='ORN39GK@S&IS+PAZIFGZ' Valid=True Conf=0.0
2026-08-15 14:49:58,695 INFO TARGETED OCR: Field=Reference No Region={'x': 561, 'y': 275, 'width': 193, 'height': 22} Variant=3x_adaptive PSM=6 Result='ORN39GK@E&!S+P421942' Candidate='ORN39GK@E&!S+P421942' Valid=True Conf=18.0
2026-08-15 14:49:58,849 INFO TARGETED OCR: Field=Reference No Region={'x': 561, 'y': 275, 'width': 193, 'height': 22} Variant=3x_adaptive PSM=13 Result='ORN39GK@S&IS+PAZIFGZ' Candidate='ORN39GK@S&IS+PAZIFGZ' Valid=True Conf=0.0
2026-08-15 14:49:58,849 INFO TARGETED OCR ACCEPTED: Record=2 Field=Reference No Value='ORN37GK@EIS+PAZ1942' Conf=5.0 Decision=ACCEPTED_CONSENSUS
2026-08-15 14:49:58,850 WARNING RECORD 2 FIELD Profession | raw='self Employed' normalized='Self Employed' confidence=45.0 validation=REVIEW reasons=LOW_OCR_CONFIDENCE targeted={'attempted': False, 'decision': 'NOT_REQUIRED'}
2026-08-15 14:49:58,850 WARNING RECORD 2 FIELD Mailing Street | raw='Coxwold York,North' normalized='Coxwold York' confidence=51.0 validation=REVIEW reasons=LOW_OCR_CONFIDENCE targeted={'attempted': False, 'decision': 'NOT_REQUIRED'}
2026-08-15 14:49:58,850 WARNING RECORD 2 STATUS: REVIEW_REQUIRED
2026-08-15 14:49:58,919 INFO TARGETED OCR START: Record=3 Field=Email Region={'x': 218, 'y': 450, 'width': 114, 'height': 20}
2026-08-15 14:49:59,042 INFO TARGETED OCR: Field=Email Region={'x': 218, 'y': 450, 'width': 114, 'height': 20} Variant=3x_contrast PSM=7 Result='jimi@ed.ac.uk' Candidate='jimi@ed.ac.uk' Valid=True Conf=90.0
2026-08-15 14:49:59,156 INFO TARGETED OCR: Field=Email Region={'x': 218, 'y': 450, 'width': 114, 'height': 20} Variant=3x_contrast PSM=8 Result='jimi@ed.ac.uk' Candidate='jimi@ed.ac.uk' Valid=True Conf=54.0
2026-08-15 14:49:59,271 INFO TARGETED OCR: Field=Email Region={'x': 218, 'y': 450, 'width': 114, 'height': 20} Variant=3x_contrast PSM=6 Result='jimi@ed.ac.uk' Candidate='jimi@ed.ac.uk' Valid=True Conf=90.0
2026-08-15 14:49:59,384 INFO TARGETED OCR: Field=Email Region={'x': 218, 'y': 450, 'width': 114, 'height': 20} Variant=3x_contrast PSM=13 Result='jimi@ed.ac.uk' Candidate='jimi@ed.ac.uk' Valid=True Conf=54.0
2026-08-15 14:49:59,510 INFO TARGETED OCR: Field=Email Region={'x': 218, 'y': 450, 'width': 114, 'height': 20} Variant=4x_contrast PSM=7 Result='jimi@ed.ac.uk' Candidate='jimi@ed.ac.uk' Valid=True Conf=91.0
2026-08-15 14:49:59,633 INFO TARGETED OCR: Field=Email Region={'x': 218, 'y': 450, 'width': 114, 'height': 20} Variant=4x_contrast PSM=8 Result='jimi@ed.ac.uk' Candidate='jimi@ed.ac.uk' Valid=True Conf=50.0
2026-08-15 14:49:59,759 INFO TARGETED OCR: Field=Email Region={'x': 218, 'y': 450, 'width': 114, 'height': 20} Variant=4x_contrast PSM=6 Result='jimi@ed.ac.uk' Candidate='jimi@ed.ac.uk' Valid=True Conf=91.0
2026-08-15 14:49:59,882 INFO TARGETED OCR: Field=Email Region={'x': 218, 'y': 450, 'width': 114, 'height': 20} Variant=4x_contrast PSM=13 Result='jimi@ed.ac.uk' Candidate='jimi@ed.ac.uk' Valid=True Conf=50.0
2026-08-15 14:49:59,998 INFO TARGETED OCR: Field=Email Region={'x': 218, 'y': 450, 'width': 114, 'height': 20} Variant=4x_otsu PSM=7 Result='jimi@ed.ac.uk' Candidate='jimi@ed.ac.uk' Valid=True Conf=90.0
2026-08-15 14:50:00,118 INFO TARGETED OCR: Field=Email Region={'x': 218, 'y': 450, 'width': 114, 'height': 20} Variant=4x_otsu PSM=8 Result='jimi@ed.acuk' Candidate='jimi@ed.acuk' Valid=True Conf=78.0
2026-08-15 14:50:00,231 INFO TARGETED OCR: Field=Email Region={'x': 218, 'y': 450, 'width': 114, 'height': 20} Variant=4x_otsu PSM=6 Result='jimi@ed.ac.uk' Candidate='jimi@ed.ac.uk' Valid=True Conf=90.0
2026-08-15 14:50:00,344 INFO TARGETED OCR: Field=Email Region={'x': 218, 'y': 450, 'width': 114, 'height': 20} Variant=4x_otsu PSM=13 Result='jimi@ed.acuk' Candidate='jimi@ed.acuk' Valid=True Conf=78.0
2026-08-15 14:50:00,481 INFO TARGETED OCR: Field=Email Region={'x': 218, 'y': 450, 'width': 114, 'height': 20} Variant=3x_adaptive PSM=7 Result='jimi@ed.ac.uk' Candidate='jimi@ed.ac.uk' Valid=True Conf=90.0
2026-08-15 14:50:00,595 INFO TARGETED OCR: Field=Email Region={'x': 218, 'y': 450, 'width': 114, 'height': 20} Variant=3x_adaptive PSM=8 Result='jimi@ed.ac.uk' Candidate='jimi@ed.ac.uk' Valid=True Conf=72.0
2026-08-15 14:50:00,711 INFO TARGETED OCR: Field=Email Region={'x': 218, 'y': 450, 'width': 114, 'height': 20} Variant=3x_adaptive PSM=6 Result='jimi@ed.ac.uk' Candidate='jimi@ed.ac.uk' Valid=True Conf=90.0
2026-08-15 14:50:00,827 INFO TARGETED OCR: Field=Email Region={'x': 218, 'y': 450, 'width': 114, 'height': 20} Variant=3x_adaptive PSM=13 Result='jimi@ed.ac.uk' Candidate='jimi@ed.ac.uk' Valid=True Conf=72.0
2026-08-15 14:50:00,827 INFO TARGETED OCR ACCEPTED: Record=3 Field=Email Value='jimi@ed.ac.uk' Conf=76.7 Decision=ACCEPTED_CONSENSUS
2026-08-15 14:50:00,828 INFO TARGETED OCR START: Record=3 Field=SIM No Region={'x': 913, 'y': 494, 'width': 192, 'height': 16}
2026-08-15 14:50:00,965 INFO TARGETED OCR: Field=SIM No Region={'x': 913, 'y': 494, 'width': 192, 'height': 16} Variant=3x_contrast PSM=7 Result='CRDxuU3204766550¥84' Candidate='CRDxuU3204766550¥84' Valid=True Conf=13.0
2026-08-15 14:50:01,089 INFO TARGETED OCR: Field=SIM No Region={'x': 913, 'y': 494, 'width': 192, 'height': 16} Variant=3x_contrast PSM=8 Result='CRDxuU3204766550¥84' Candidate='CRDxuU3204766550¥84' Valid=True Conf=0.0
2026-08-15 14:50:01,248 INFO TARGETED OCR: Field=SIM No Region={'x': 913, 'y': 494, 'width': 192, 'height': 16} Variant=3x_contrast PSM=6 Result='CRDxuU3204766550¥84' Candidate='CRDxuU3204766550¥84' Valid=True Conf=13.0
2026-08-15 14:50:01,379 INFO TARGETED OCR: Field=SIM No Region={'x': 913, 'y': 494, 'width': 192, 'height': 16} Variant=3x_contrast PSM=13 Result='CRDxuU3204766550¥84' Candidate='CRDxuU3204766550¥84' Valid=True Conf=0.0
2026-08-15 14:50:01,525 INFO TARGETED OCR: Field=SIM No Region={'x': 913, 'y': 494, 'width': 192, 'height': 16} Variant=4x_contrast PSM=7 Result='CRDxuU320476655Q¥84' Candidate='CRDxuU320476655Q¥84' Valid=True Conf=38.0
2026-08-15 14:50:01,654 INFO TARGETED OCR: Field=SIM No Region={'x': 913, 'y': 494, 'width': 192, 'height': 16} Variant=4x_contrast PSM=8 Result='CRDxuU3204766550¥84' Candidate='CRDxuU3204766550¥84' Valid=True Conf=4.0
2026-08-15 14:50:01,783 INFO TARGETED OCR: Field=SIM No Region={'x': 913, 'y': 494, 'width': 192, 'height': 16} Variant=4x_contrast PSM=6 Result='CRDxuU320476655Q¥84' Candidate='CRDxuU320476655Q¥84' Valid=True Conf=38.0
2026-08-15 14:50:01,909 INFO TARGETED OCR: Field=SIM No Region={'x': 913, 'y': 494, 'width': 192, 'height': 16} Variant=4x_contrast PSM=13 Result='CRDxuU3204766550¥84' Candidate='CRDxuU3204766550¥84' Valid=True Conf=4.0
2026-08-15 14:50:02,029 INFO TARGETED OCR: Field=SIM No Region={'x': 913, 'y': 494, 'width': 192, 'height': 16} Variant=4x_otsu PSM=7 Result='CRDxuU3204766550¥84' Candidate='CRDxuU3204766550¥84' Valid=True Conf=0.0
2026-08-15 14:50:02,150 INFO TARGETED OCR: Field=SIM No Region={'x': 913, 'y': 494, 'width': 192, 'height': 16} Variant=4x_otsu PSM=8 Result='CRDxuU3204766550¥84' Candidate='CRDxuU3204766550¥84' Valid=True Conf=0.0
2026-08-15 14:50:02,271 INFO TARGETED OCR: Field=SIM No Region={'x': 913, 'y': 494, 'width': 192, 'height': 16} Variant=4x_otsu PSM=6 Result='CRDxuU3204766550¥84' Candidate='CRDxuU3204766550¥84' Valid=True Conf=0.0
2026-08-15 14:50:02,389 INFO TARGETED OCR: Field=SIM No Region={'x': 913, 'y': 494, 'width': 192, 'height': 16} Variant=4x_otsu PSM=13 Result='CRDxuU3204766550¥84' Candidate='CRDxuU3204766550¥84' Valid=True Conf=0.0
2026-08-15 14:50:02,522 INFO TARGETED OCR: Field=SIM No Region={'x': 913, 'y': 494, 'width': 192, 'height': 16} Variant=3x_adaptive PSM=7 Result='CRDxuU3204766550Y84' Candidate='CRDxuU3204766550Y84' Valid=True Conf=70.0
2026-08-15 14:50:02,646 INFO TARGETED OCR: Field=SIM No Region={'x': 913, 'y': 494, 'width': 192, 'height': 16} Variant=3x_adaptive PSM=8 Result='CRDxuU3204766550Y84' Candidate='CRDxuU3204766550Y84' Valid=True Conf=23.0
2026-08-15 14:50:02,774 INFO TARGETED OCR: Field=SIM No Region={'x': 913, 'y': 494, 'width': 192, 'height': 16} Variant=3x_adaptive PSM=6 Result='CRDxuU3204766550Y84' Candidate='CRDxuU3204766550Y84' Valid=True Conf=70.0
2026-08-15 14:50:02,905 INFO TARGETED OCR: Field=SIM No Region={'x': 913, 'y': 494, 'width': 192, 'height': 16} Variant=3x_adaptive PSM=13 Result='CRDxuU3204766550Y84' Candidate='CRDxuU3204766550Y84' Valid=True Conf=23.0
2026-08-15 14:50:02,906 INFO TARGETED OCR ACCEPTED: Record=3 Field=SIM No Value='CRDxuU3204766550¥84' Conf=8.5 Decision=ACCEPTED_CONSENSUS
2026-08-15 14:50:02,906 INFO TARGETED OCR START: Record=3 Field=Reference No Region={'x': 678, 'y': 494, 'width': 198, 'height': 18}
2026-08-15 14:50:03,044 INFO TARGETED OCR: Field=Reference No Region={'x': 678, 'y': 494, 'width': 198, 'height': 18} Variant=3x_contrast PSM=7 Result='HuWhé402%;%!;P1308831' Candidate='HuWhé402%;%!;P1308831' Valid=True Conf=14.0
2026-08-15 14:50:03,197 INFO TARGETED OCR: Field=Reference No Region={'x': 678, 'y': 494, 'width': 198, 'height': 18} Variant=3x_contrast PSM=8 Result='HuWh64DZ%;%!;P1308831' Candidate='HuWh64DZ%;%!;P1308831' Valid=True Conf=16.0
2026-08-15 14:50:03,327 INFO TARGETED OCR: Field=Reference No Region={'x': 678, 'y': 494, 'width': 198, 'height': 18} Variant=3x_contrast PSM=6 Result='HuWhé402%;%!;P1308831' Candidate='HuWhé402%;%!;P1308831' Valid=True Conf=14.0
2026-08-15 14:50:03,452 INFO TARGETED OCR: Field=Reference No Region={'x': 678, 'y': 494, 'width': 198, 'height': 18} Variant=3x_contrast PSM=13 Result='HuWh64DZ%;%!;P1308831' Candidate='HuWh64DZ%;%!;P1308831' Valid=True Conf=16.0
2026-08-15 14:50:03,583 INFO TARGETED OCR: Field=Reference No Region={'x': 678, 'y': 494, 'width': 198, 'height': 18} Variant=4x_contrast PSM=7 Result="HuWhé402Z%;%!'P1308831" Candidate="HuWhé402Z%;%!'P1308831" Valid=True Conf=0.0
2026-08-15 14:50:03,710 INFO TARGETED OCR: Field=Reference No Region={'x': 678, 'y': 494, 'width': 198, 'height': 18} Variant=4x_contrast PSM=8 Result='‘HuWh64D2%;%!;P1308831' Candidate='‘HuWh64D2%;%!;P1308831' Valid=True Conf=12.0
2026-08-15 14:50:03,843 INFO TARGETED OCR: Field=Reference No Region={'x': 678, 'y': 494, 'width': 198, 'height': 18} Variant=4x_contrast PSM=6 Result="HuWhé402Z%;%!'P1308831" Candidate="HuWhé402Z%;%!'P1308831" Valid=True Conf=0.0
2026-08-15 14:50:03,981 INFO TARGETED OCR: Field=Reference No Region={'x': 678, 'y': 494, 'width': 198, 'height': 18} Variant=4x_contrast PSM=13 Result='‘HuWh64D2%;%!;P1308831' Candidate='‘HuWh64D2%;%!;P1308831' Valid=True Conf=12.0
2026-08-15 14:50:04,104 INFO TARGETED OCR: Field=Reference No Region={'x': 678, 'y': 494, 'width': 198, 'height': 18} Variant=4x_otsu PSM=7 Result='HuWh6é402%;%!;P1308831' Candidate='HuWh6é402%;%!;P1308831' Valid=True Conf=40.0
2026-08-15 14:50:04,223 INFO TARGETED OCR: Field=Reference No Region={'x': 678, 'y': 494, 'width': 198, 'height': 18} Variant=4x_otsu PSM=8 Result='‘HuWh64D2Z%;%!;P1308831' Candidate='‘HuWh64D2Z%;%!;P1308831' Valid=True Conf=26.0
2026-08-15 14:50:04,349 INFO TARGETED OCR: Field=Reference No Region={'x': 678, 'y': 494, 'width': 198, 'height': 18} Variant=4x_otsu PSM=6 Result='HuWh6é402%;%!;P1308831' Candidate='HuWh6é402%;%!;P1308831' Valid=True Conf=40.0
2026-08-15 14:50:04,469 INFO TARGETED OCR: Field=Reference No Region={'x': 678, 'y': 494, 'width': 198, 'height': 18} Variant=4x_otsu PSM=13 Result='‘HuWh64D2Z%;%!;P1308831' Candidate='‘HuWh64D2Z%;%!;P1308831' Valid=True Conf=26.0
2026-08-15 14:50:04,637 INFO TARGETED OCR: Field=Reference No Region={'x': 678, 'y': 494, 'width': 198, 'height': 18} Variant=3x_adaptive PSM=7 Result='HuWhé4D2%;%!;P1308831' Candidate='HuWhé4D2%;%!;P1308831' Valid=True Conf=60.0
2026-08-15 14:50:04,769 INFO TARGETED OCR: Field=Reference No Region={'x': 678, 'y': 494, 'width': 198, 'height': 18} Variant=3x_adaptive PSM=8 Result='‘HuWh64D2%;%!;P1308831' Candidate='‘HuWh64D2%;%!;P1308831' Valid=True Conf=23.0
2026-08-15 14:50:04,902 INFO TARGETED OCR: Field=Reference No Region={'x': 678, 'y': 494, 'width': 198, 'height': 18} Variant=3x_adaptive PSM=6 Result='HuWhé4D2%;%!;P1308831' Candidate='HuWhé4D2%;%!;P1308831' Valid=True Conf=60.0
2026-08-15 14:50:05,027 INFO TARGETED OCR: Field=Reference No Region={'x': 678, 'y': 494, 'width': 198, 'height': 18} Variant=3x_adaptive PSM=13 Result='‘HuWh64D2%;%!;P1308831' Candidate='‘HuWh64D2%;%!;P1308831' Valid=True Conf=23.0
2026-08-15 14:50:05,028 INFO TARGETED OCR ACCEPTED: Record=3 Field=Reference No Value='‘HuWh64D2%;%!;P1308831' Conf=17.5 Decision=ACCEPTED_CONSENSUS
2026-08-15 14:50:05,028 INFO TARGETED OCR START: Record=3 Field=Contact Region={'x': 968, 'y': 538, 'width': 38, 'height': 15}
2026-08-15 14:50:05,154 INFO TARGETED OCR: Field=Contact Region={'x': 968, 'y': 538, 'width': 38, 'height': 15} Variant=3x_contrast PSM=7 Result='£507' Candidate='507' Valid=True Conf=89.0
2026-08-15 14:50:05,316 INFO TARGETED OCR: Field=Contact Region={'x': 968, 'y': 538, 'width': 38, 'height': 15} Variant=3x_contrast PSM=7 Result='507' Candidate='507' Valid=True Conf=0.0
2026-08-15 14:50:05,429 INFO TARGETED OCR: Field=Contact Region={'x': 968, 'y': 538, 'width': 38, 'height': 15} Variant=3x_contrast PSM=8 Result='‘£507' Candidate='507' Valid=True Conf=54.0
2026-08-15 14:50:05,538 INFO TARGETED OCR: Field=Contact Region={'x': 968, 'y': 538, 'width': 38, 'height': 15} Variant=3x_contrast PSM=8 Result='507' Candidate='507' Valid=True Conf=18.0
2026-08-15 14:50:05,649 INFO TARGETED OCR: Field=Contact Region={'x': 968, 'y': 538, 'width': 38, 'height': 15} Variant=3x_contrast PSM=6 Result='£507' Candidate='507' Valid=True Conf=89.0
2026-08-15 14:50:05,763 INFO TARGETED OCR: Field=Contact Region={'x': 968, 'y': 538, 'width': 38, 'height': 15} Variant=3x_contrast PSM=6 Result='507' Candidate='507' Valid=True Conf=0.0
2026-08-15 14:50:05,875 INFO TARGETED OCR: Field=Contact Region={'x': 968, 'y': 538, 'width': 38, 'height': 15} Variant=3x_contrast PSM=13 Result='‘£507' Candidate='507' Valid=True Conf=54.0
2026-08-15 14:50:05,985 INFO TARGETED OCR: Field=Contact Region={'x': 968, 'y': 538, 'width': 38, 'height': 15} Variant=3x_contrast PSM=13 Result='507' Candidate='507' Valid=True Conf=18.0
2026-08-15 14:50:06,097 INFO TARGETED OCR: Field=Contact Region={'x': 968, 'y': 538, 'width': 38, 'height': 15} Variant=4x_contrast PSM=7 Result='E507' Candidate='507' Valid=True Conf=68.0
2026-08-15 14:50:06,208 INFO TARGETED OCR: Field=Contact Region={'x': 968, 'y': 538, 'width': 38, 'height': 15} Variant=4x_contrast PSM=7 Result='507' Candidate='507' Valid=True Conf=0.0
2026-08-15 14:50:06,320 INFO TARGETED OCR: Field=Contact Region={'x': 968, 'y': 538, 'width': 38, 'height': 15} Variant=4x_contrast PSM=8 Result='£507' Candidate='507' Valid=True Conf=60.0
2026-08-15 14:50:06,432 INFO TARGETED OCR: Field=Contact Region={'x': 968, 'y': 538, 'width': 38, 'height': 15} Variant=4x_contrast PSM=8 Result='507' Candidate='507' Valid=True Conf=7.0
2026-08-15 14:50:06,542 INFO TARGETED OCR: Field=Contact Region={'x': 968, 'y': 538, 'width': 38, 'height': 15} Variant=4x_contrast PSM=6 Result='E507' Candidate='507' Valid=True Conf=68.0
2026-08-15 14:50:06,663 INFO TARGETED OCR: Field=Contact Region={'x': 968, 'y': 538, 'width': 38, 'height': 15} Variant=4x_contrast PSM=6 Result='507' Candidate='507' Valid=True Conf=0.0
2026-08-15 14:50:06,775 INFO TARGETED OCR: Field=Contact Region={'x': 968, 'y': 538, 'width': 38, 'height': 15} Variant=4x_contrast PSM=13 Result='£507' Candidate='507' Valid=True Conf=60.0
2026-08-15 14:50:06,888 INFO TARGETED OCR: Field=Contact Region={'x': 968, 'y': 538, 'width': 38, 'height': 15} Variant=4x_contrast PSM=13 Result='507' Candidate='507' Valid=True Conf=7.0
2026-08-15 14:50:06,997 INFO TARGETED OCR: Field=Contact Region={'x': 968, 'y': 538, 'width': 38, 'height': 15} Variant=4x_otsu PSM=7 Result='£507' Candidate='507' Valid=True Conf=73.0
2026-08-15 14:50:07,106 INFO TARGETED OCR: Field=Contact Region={'x': 968, 'y': 538, 'width': 38, 'height': 15} Variant=4x_otsu PSM=7 Result='507' Candidate='507' Valid=True Conf=0.0
2026-08-15 14:50:07,223 INFO TARGETED OCR: Field=Contact Region={'x': 968, 'y': 538, 'width': 38, 'height': 15} Variant=4x_otsu PSM=8 Result='£507' Candidate='507' Valid=True Conf=22.0
2026-08-15 14:50:07,333 INFO TARGETED OCR: Field=Contact Region={'x': 968, 'y': 538, 'width': 38, 'height': 15} Variant=4x_otsu PSM=8 Result='507' Candidate='507' Valid=True Conf=0.0
2026-08-15 14:50:07,440 INFO TARGETED OCR: Field=Contact Region={'x': 968, 'y': 538, 'width': 38, 'height': 15} Variant=4x_otsu PSM=6 Result='£507' Candidate='507' Valid=True Conf=73.0
2026-08-15 14:50:07,562 INFO TARGETED OCR: Field=Contact Region={'x': 968, 'y': 538, 'width': 38, 'height': 15} Variant=4x_otsu PSM=6 Result='507' Candidate='507' Valid=True Conf=0.0
2026-08-15 14:50:07,687 INFO TARGETED OCR: Field=Contact Region={'x': 968, 'y': 538, 'width': 38, 'height': 15} Variant=4x_otsu PSM=13 Result='£507' Candidate='507' Valid=True Conf=22.0
2026-08-15 14:50:07,794 INFO TARGETED OCR: Field=Contact Region={'x': 968, 'y': 538, 'width': 38, 'height': 15} Variant=4x_otsu PSM=13 Result='507' Candidate='507' Valid=True Conf=0.0
2026-08-15 14:50:07,910 INFO TARGETED OCR: Field=Contact Region={'x': 968, 'y': 538, 'width': 38, 'height': 15} Variant=3x_adaptive PSM=7 Result='E507' Candidate='507' Valid=True Conf=85.0
2026-08-15 14:50:08,026 INFO TARGETED OCR: Field=Contact Region={'x': 968, 'y': 538, 'width': 38, 'height': 15} Variant=3x_adaptive PSM=7 Result='507' Candidate='507' Valid=True Conf=0.0
2026-08-15 14:50:08,160 INFO TARGETED OCR: Field=Contact Region={'x': 968, 'y': 538, 'width': 38, 'height': 15} Variant=3x_adaptive PSM=8 Result='£507' Candidate='507' Valid=True Conf=63.0
2026-08-15 14:50:08,268 INFO TARGETED OCR: Field=Contact Region={'x': 968, 'y': 538, 'width': 38, 'height': 15} Variant=3x_adaptive PSM=8 Result='507' Candidate='507' Valid=True Conf=0.0
2026-08-15 14:50:08,388 INFO TARGETED OCR: Field=Contact Region={'x': 968, 'y': 538, 'width': 38, 'height': 15} Variant=3x_adaptive PSM=6 Result='E507' Candidate='507' Valid=True Conf=85.0
2026-08-15 14:50:08,495 INFO TARGETED OCR: Field=Contact Region={'x': 968, 'y': 538, 'width': 38, 'height': 15} Variant=3x_adaptive PSM=6 Result='507' Candidate='507' Valid=True Conf=0.0
2026-08-15 14:50:08,612 INFO TARGETED OCR: Field=Contact Region={'x': 968, 'y': 538, 'width': 38, 'height': 15} Variant=3x_adaptive PSM=13 Result='£507' Candidate='507' Valid=True Conf=63.0
2026-08-15 14:50:08,722 INFO TARGETED OCR: Field=Contact Region={'x': 968, 'y': 538, 'width': 38, 'height': 15} Variant=3x_adaptive PSM=13 Result='507' Candidate='507' Valid=True Conf=0.0
2026-08-15 14:50:08,723 INFO TARGETED OCR ACCEPTED: Record=3 Field=Contact Value='507' Conf=53.9 Decision=ACCEPTED_CONSENSUS
2026-08-15 14:50:08,723 WARNING RECORD 3 FIELD Postal Code | raw='' normalized='' confidence=0.0 validation=REVIEW reasons=MISSING_REQUIRED_FIELD,FIELD_REGION_NOT_LOCATED targeted={'attempted': False, 'decision': 'FIELD_REGION_NOT_LOCATED'}
2026-08-15 14:50:08,724 WARNING RECORD 3 FIELD Country | raw='UK' normalized='UK' confidence=19.0 validation=REVIEW reasons=LOW_OCR_CONFIDENCE targeted={'attempted': False, 'decision': 'NOT_REQUIRED'}
2026-08-15 14:50:08,724 WARNING RECORD 3 FIELD Contact | raw='£507' normalized='507' confidence=53.9 validation=REVIEW reasons=LOW_OCR_CONFIDENCE targeted={'attempted': True, 'decision': 'ACCEPTED_CONSENSUS', 'value': '507', 'raw_text': '£507', 'confidence': 53.9, 'votes': 32, 'tokens': [{'text': '£507', 'x': 968, 'y': 538, 'width': 38, 'height': 16, 'confidence': 89.0, 'needs_review': False}], 'runs': [{'variant': '3x_contrast', 'psm': 7, 'whitelist': False, 'raw_text': '£507', 'cleaned': '507', 'confidence': 89.0, 'is_valid': True}, {'variant': '3x_contrast', 'psm': 7, 'whitelist': True, 'raw_text': '507', 'cleaned': '507', 'confidence': 0.0, 'is_valid': True}, {'variant': '3x_contrast', 'psm': 8, 'whitelist': False, 'raw_text': '‘£507', 'cleaned': '507', 'confidence': 54.0, 'is_valid': True}, {'variant': '3x_contrast', 'psm': 8, 'whitelist': True, 'raw_text': '507', 'cleaned': '507', 'confidence': 18.0, 'is_valid': True}, {'variant': '3x_contrast', 'psm': 6, 'whitelist': False, 'raw_text': '£507', 'cleaned': '507', 'confidence': 89.0, 'is_valid': True}, {'variant': '3x_contrast', 'psm': 6, 'whitelist': True, 'raw_text': '507', 'cleaned': '507', 'confidence': 0.0, 'is_valid': True}, {'variant': '3x_contrast', 'psm': 13, 'whitelist': False, 'raw_text': '‘£507', 'cleaned': '507', 'confidence': 54.0, 'is_valid': True}, {'variant': '3x_contrast', 'psm': 13, 'whitelist': True, 'raw_text': '507', 'cleaned': '507', 'confidence': 18.0, 'is_valid': True}, {'variant': '4x_contrast', 'psm': 7, 'whitelist': False, 'raw_text': 'E507', 'cleaned': '507', 'confidence': 68.0, 'is_valid': True}, {'variant': '4x_contrast', 'psm': 7, 'whitelist': True, 'raw_text': '507', 'cleaned': '507', 'confidence': 0.0, 'is_valid': True}, {'variant': '4x_contrast', 'psm': 8, 'whitelist': False, 'raw_text': '£507', 'cleaned': '507', 'confidence': 60.0, 'is_valid': True}, {'variant': '4x_contrast', 'psm': 8, 'whitelist': True, 'raw_text': '507', 'cleaned': '507', 'confidence': 7.0, 'is_valid': True}, {'variant': '4x_contrast', 'psm': 6, 'whitelist': False, 'raw_text': 'E507', 'cleaned': '507', 'confidence': 68.0, 'is_valid': True}, {'variant': '4x_contrast', 'psm': 6, 'whitelist': True, 'raw_text': '507', 'cleaned': '507', 'confidence': 0.0, 'is_valid': True}, {'variant': '4x_contrast', 'psm': 13, 'whitelist': False, 'raw_text': '£507', 'cleaned': '507', 'confidence': 60.0, 'is_valid': True}, {'variant': '4x_contrast', 'psm': 13, 'whitelist': True, 'raw_text': '507', 'cleaned': '507', 'confidence': 7.0, 'is_valid': True}, {'variant': '4x_otsu', 'psm': 7, 'whitelist': False, 'raw_text': '£507', 'cleaned': '507', 'confidence': 73.0, 'is_valid': True}, {'variant': '4x_otsu', 'psm': 7, 'whitelist': True, 'raw_text': '507', 'cleaned': '507', 'confidence': 0.0, 'is_valid': True}, {'variant': '4x_otsu', 'psm': 8, 'whitelist': False, 'raw_text': '£507', 'cleaned': '507', 'confidence': 22.0, 'is_valid': True}, {'variant': '4x_otsu', 'psm': 8, 'whitelist': True, 'raw_text': '507', 'cleaned': '507', 'confidence': 0.0, 'is_valid': True}, {'variant': '4x_otsu', 'psm': 6, 'whitelist': False, 'raw_text': '£507', 'cleaned': '507', 'confidence': 73.0, 'is_valid': True}, {'variant': '4x_otsu', 'psm': 6, 'whitelist': True, 'raw_text': '507', 'cleaned': '507', 'confidence': 0.0, 'is_valid': True}, {'variant': '4x_otsu', 'psm': 13, 'whitelist': False, 'raw_text': '£507', 'cleaned': '507', 'confidence': 22.0, 'is_valid': True}, {'variant': '4x_otsu', 'psm': 13, 'whitelist': True, 'raw_text': '507', 'cleaned': '507', 'confidence': 0.0, 'is_valid': True}, {'variant': '3x_adaptive', 'psm': 7, 'whitelist': False, 'raw_text': 'E507', 'cleaned': '507', 'confidence': 85.0, 'is_valid': True}, {'variant': '3x_adaptive', 'psm': 7, 'whitelist': True, 'raw_text': '507', 'cleaned': '507', 'confidence': 0.0, 'is_valid': True}, {'variant': '3x_adaptive', 'psm': 8, 'whitelist': False, 'raw_text': '£507', 'cleaned': '507', 'confidence': 63.0, 'is_valid': True}, {'variant': '3x_adaptive', 'psm': 8, 'whitelist': True, 'raw_text': '507', 'cleaned': '507', 'confidence': 0.0, 'is_valid': True}, {'variant': '3x_adaptive', 'psm': 6, 'whitelist': False, 'raw_text': 'E507', 'cleaned': '507', 'confidence': 85.0, 'is_valid': True}, {'variant': '3x_adaptive', 'psm': 6, 'whitelist': True, 'raw_text': '507', 'cleaned': '507', 'confidence': 0.0, 'is_valid': True}, {'variant': '3x_adaptive', 'psm': 13, 'whitelist': False, 'raw_text': '£507', 'cleaned': '507', 'confidence': 63.0, 'is_valid': True}, {'variant': '3x_adaptive', 'psm': 13, 'whitelist': True, 'raw_text': '507', 'cleaned': '507', 'confidence': 0.0, 'is_valid': True}]}
2026-08-15 14:50:08,724 WARNING RECORD 3 STATUS: REVIEW_REQUIRED
2026-08-15 14:50:08,771 INFO FIELD REGION: Record=4 Field=Profession Label='ProFessional' Label bbox={'x': 788, 'y': 667, 'width': 104, 'height': 15} Value region={'x': 928, 'y': 666, 'width': 299, 'height': 20} Region confidence=0.95
2026-08-15 14:50:08,771 INFO TARGETED OCR START: Record=4 Field=IMEI 1 Region={'x': 389, 'y': 751, 'width': 194, 'height': 19}
2026-08-15 14:50:08,909 INFO TARGETED OCR: Field=IMEI 1 Region={'x': 389, 'y': 751, 'width': 194, 'height': 19} Variant=3x_contrast PSM=7 Result='I%%SS! - 1 - 798797 - 7' Candidate='17987977' Valid=False Conf=67.9
2026-08-15 14:50:09,053 INFO TARGETED OCR: Field=IMEI 1 Region={'x': 389, 'y': 751, 'width': 194, 'height': 19} Variant=3x_contrast PSM=8 Result='I%%SSI - HE - 798797 - 7' Candidate='7987977' Valid=False Conf=71.3
2026-08-15 14:50:09,200 INFO TARGETED OCR: Field=IMEI 1 Region={'x': 389, 'y': 751, 'width': 194, 'height': 19} Variant=3x_contrast PSM=6 Result='I%%SS! - 1 - 798797 - 7' Candidate='17987977' Valid=False Conf=67.9
2026-08-15 14:50:09,348 INFO TARGETED OCR: Field=IMEI 1 Region={'x': 389, 'y': 751, 'width': 194, 'height': 19} Variant=3x_contrast PSM=13 Result='I%%SSI - HE - 798797 - 7' Candidate='7987977' Valid=False Conf=71.3
2026-08-15 14:50:09,508 INFO TARGETED OCR: Field=IMEI 1 Region={'x': 389, 'y': 751, 'width': 194, 'height': 19} Variant=4x_contrast PSM=7 Result='I~%SS! - !# - 798797 - 7' Candidate='7987977' Valid=False Conf=69.8
2026-08-15 14:50:09,657 INFO TARGETED OCR: Field=IMEI 1 Region={'x': 389, 'y': 751, 'width': 194, 'height': 19} Variant=4x_contrast PSM=8 Result='I%%SSI - I - 798797 - 7' Candidate='7987977' Valid=False Conf=70.7
2026-08-15 14:50:09,816 INFO TARGETED OCR: Field=IMEI 1 Region={'x': 389, 'y': 751, 'width': 194, 'height': 19} Variant=4x_contrast PSM=6 Result='I~%SS! - !# - 798797 - 7' Candidate='7987977' Valid=False Conf=69.8
2026-08-15 14:50:09,967 INFO TARGETED OCR: Field=IMEI 1 Region={'x': 389, 'y': 751, 'width': 194, 'height': 19} Variant=4x_contrast PSM=13 Result='I%%SSI - I - 798797 - 7' Candidate='7987977' Valid=False Conf=70.7
2026-08-15 14:50:10,107 INFO TARGETED OCR: Field=IMEI 1 Region={'x': 389, 'y': 751, 'width': 194, 'height': 19} Variant=4x_otsu PSM=7 Result='I**99! - !# - 79B797 - 7' Candidate='99797977' Valid=False Conf=69.0
2026-08-15 14:50:10,244 INFO TARGETED OCR: Field=IMEI 1 Region={'x': 389, 'y': 751, 'width': 194, 'height': 19} Variant=4x_otsu PSM=8 Result='I%%SS! - HE - 798797 - 7' Candidate='7987977' Valid=False Conf=64.9
2026-08-15 14:50:10,385 INFO TARGETED OCR: Field=IMEI 1 Region={'x': 389, 'y': 751, 'width': 194, 'height': 19} Variant=4x_otsu PSM=6 Result='I**99! - !# - 79B797 - 7' Candidate='99797977' Valid=False Conf=69.0
2026-08-15 14:50:10,521 INFO TARGETED OCR: Field=IMEI 1 Region={'x': 389, 'y': 751, 'width': 194, 'height': 19} Variant=4x_otsu PSM=13 Result='I%%SS! - HE - 798797 - 7' Candidate='7987977' Valid=False Conf=64.9
2026-08-15 14:50:10,666 INFO TARGETED OCR: Field=IMEI 1 Region={'x': 389, 'y': 751, 'width': 194, 'height': 19} Variant=3x_adaptive PSM=7 Result='I~%SS! - 1 - T9BI9T - 7' Candidate='1997' Valid=False Conf=74.2
2026-08-15 14:50:10,825 INFO TARGETED OCR: Field=IMEI 1 Region={'x': 389, 'y': 751, 'width': 194, 'height': 19} Variant=3x_adaptive PSM=8 Result='I%%SS! - HE - 798797 - 7' Candidate='7987977' Valid=False Conf=73.4
2026-08-15 14:50:10,983 INFO TARGETED OCR: Field=IMEI 1 Region={'x': 389, 'y': 751, 'width': 194, 'height': 19} Variant=3x_adaptive PSM=6 Result='I~%SS! - 1 - T9BI9T - 7' Candidate='1997' Valid=False Conf=74.2
2026-08-15 14:50:11,148 INFO TARGETED OCR: Field=IMEI 1 Region={'x': 389, 'y': 751, 'width': 194, 'height': 19} Variant=3x_adaptive PSM=13 Result='I%%SS! - HE - 798797 - 7' Candidate='7987977' Valid=False Conf=73.4
2026-08-15 14:50:11,173 WARNING TARGETED OCR FAILED: Record=4 Field=IMEI 1 Decision=NO_SAFE_CORRECTION Reason=INVALID_IMEI1
2026-08-15 14:50:11,173 INFO TARGETED OCR START: Record=4 Field=Email Region={'x': 260, 'y': 667, 'width': 110, 'height': 19}
2026-08-15 14:50:11,292 INFO TARGETED OCR: Field=Email Region={'x': 260, 'y': 667, 'width': 110, 'height': 19} Variant=3x_contrast PSM=7 Result='alex@nhs.net' Candidate='alex@nhs.net' Valid=True Conf=89.0
2026-08-15 14:50:11,406 INFO TARGETED OCR: Field=Email Region={'x': 260, 'y': 667, 'width': 110, 'height': 19} Variant=3x_contrast PSM=8 Result='alex@nhs.net' Candidate='alex@nhs.net' Valid=True Conf=87.0
2026-08-15 14:50:11,520 INFO TARGETED OCR: Field=Email Region={'x': 260, 'y': 667, 'width': 110, 'height': 19} Variant=3x_contrast PSM=6 Result='alex@nhs.net' Candidate='alex@nhs.net' Valid=True Conf=89.0
2026-08-15 14:50:11,629 INFO TARGETED OCR: Field=Email Region={'x': 260, 'y': 667, 'width': 110, 'height': 19} Variant=3x_contrast PSM=13 Result='alex@nhs.net' Candidate='alex@nhs.net' Valid=True Conf=87.0
2026-08-15 14:50:11,750 INFO TARGETED OCR: Field=Email Region={'x': 260, 'y': 667, 'width': 110, 'height': 19} Variant=4x_contrast PSM=7 Result='alex@nhs.net' Candidate='alex@nhs.net' Valid=True Conf=91.0
2026-08-15 14:50:11,869 INFO TARGETED OCR: Field=Email Region={'x': 260, 'y': 667, 'width': 110, 'height': 19} Variant=4x_contrast PSM=8 Result='alex@nhs.net' Candidate='alex@nhs.net' Valid=True Conf=85.0
2026-08-15 14:50:11,987 INFO TARGETED OCR: Field=Email Region={'x': 260, 'y': 667, 'width': 110, 'height': 19} Variant=4x_contrast PSM=6 Result='alex@nhs.net' Candidate='alex@nhs.net' Valid=True Conf=91.0
2026-08-15 14:50:12,111 INFO TARGETED OCR: Field=Email Region={'x': 260, 'y': 667, 'width': 110, 'height': 19} Variant=4x_contrast PSM=13 Result='alex@nhs.net' Candidate='alex@nhs.net' Valid=True Conf=85.0
2026-08-15 14:50:12,223 INFO TARGETED OCR: Field=Email Region={'x': 260, 'y': 667, 'width': 110, 'height': 19} Variant=4x_otsu PSM=7 Result='alex@nhs.net' Candidate='alex@nhs.net' Valid=True Conf=92.0
2026-08-15 14:50:12,336 INFO TARGETED OCR: Field=Email Region={'x': 260, 'y': 667, 'width': 110, 'height': 19} Variant=4x_otsu PSM=8 Result='alex@nhs.net' Candidate='alex@nhs.net' Valid=True Conf=89.0
2026-08-15 14:50:12,450 INFO TARGETED OCR: Field=Email Region={'x': 260, 'y': 667, 'width': 110, 'height': 19} Variant=4x_otsu PSM=6 Result='alex@nhs.net' Candidate='alex@nhs.net' Valid=True Conf=92.0
2026-08-15 14:50:12,583 INFO TARGETED OCR: Field=Email Region={'x': 260, 'y': 667, 'width': 110, 'height': 19} Variant=4x_otsu PSM=13 Result='alex@nhs.net' Candidate='alex@nhs.net' Valid=True Conf=89.0
2026-08-15 14:50:12,695 INFO TARGETED OCR: Field=Email Region={'x': 260, 'y': 667, 'width': 110, 'height': 19} Variant=3x_adaptive PSM=7 Result='alex@nhs.net' Candidate='alex@nhs.net' Valid=True Conf=88.0
2026-08-15 14:50:12,804 INFO TARGETED OCR: Field=Email Region={'x': 260, 'y': 667, 'width': 110, 'height': 19} Variant=3x_adaptive PSM=8 Result='alex@nhs.net' Candidate='alex@nhs.net' Valid=True Conf=88.0
2026-08-15 14:50:12,918 INFO TARGETED OCR: Field=Email Region={'x': 260, 'y': 667, 'width': 110, 'height': 19} Variant=3x_adaptive PSM=6 Result='alex@nhs.net' Candidate='alex@nhs.net' Valid=True Conf=88.0
2026-08-15 14:50:13,030 INFO TARGETED OCR: Field=Email Region={'x': 260, 'y': 667, 'width': 110, 'height': 19} Variant=3x_adaptive PSM=13 Result='alex@nhs.net' Candidate='alex@nhs.net' Valid=True Conf=88.0
2026-08-15 14:50:13,031 INFO TARGETED OCR ACCEPTED: Record=4 Field=Email Value='alex@nhs.net' Conf=88.6 Decision=ACCEPTED_CONSENSUS
2026-08-15 14:50:13,031 INFO TARGETED OCR START: Record=4 Field=SIM No Region={'x': 939, 'y': 710, 'width': 184, 'height': 16}
2026-08-15 14:50:13,162 INFO TARGETED OCR: Field=SIM No Region={'x': 939, 'y': 710, 'width': 184, 'height': 16} Variant=3x_contrast PSM=7 Result='IVEkdC688070733DS72' Candidate='IVEkdC688070733DS72' Valid=True Conf=61.0
2026-08-15 14:50:13,285 INFO TARGETED OCR: Field=SIM No Region={'x': 939, 'y': 710, 'width': 184, 'height': 16} Variant=3x_contrast PSM=8 Result='|VEkd0688070733DS72' Candidate='|VEkd0688070733DS72' Valid=True Conf=0.0
2026-08-15 14:50:13,419 INFO TARGETED OCR: Field=SIM No Region={'x': 939, 'y': 710, 'width': 184, 'height': 16} Variant=3x_contrast PSM=6 Result='IVEkdC688070733DS72' Candidate='IVEkdC688070733DS72' Valid=True Conf=61.0
2026-08-15 14:50:13,561 INFO TARGETED OCR: Field=SIM No Region={'x': 939, 'y': 710, 'width': 184, 'height': 16} Variant=3x_contrast PSM=13 Result='|VEkd0688070733DS72' Candidate='|VEkd0688070733DS72' Valid=True Conf=0.0
2026-08-15 14:50:13,685 INFO TARGETED OCR: Field=SIM No Region={'x': 939, 'y': 710, 'width': 184, 'height': 16} Variant=4x_contrast PSM=7 Result='IVEkdC688070733DS72' Candidate='IVEkdC688070733DS72' Valid=True Conf=57.0
2026-08-15 14:50:13,828 INFO TARGETED OCR: Field=SIM No Region={'x': 939, 'y': 710, 'width': 184, 'height': 16} Variant=4x_contrast PSM=8 Result='|VEkd0688070733DS72' Candidate='|VEkd0688070733DS72' Valid=True Conf=0.0
2026-08-15 14:50:13,956 INFO TARGETED OCR: Field=SIM No Region={'x': 939, 'y': 710, 'width': 184, 'height': 16} Variant=4x_contrast PSM=6 Result='IVEkdC688070733DS72' Candidate='IVEkdC688070733DS72' Valid=True Conf=57.0
2026-08-15 14:50:14,079 INFO TARGETED OCR: Field=SIM No Region={'x': 939, 'y': 710, 'width': 184, 'height': 16} Variant=4x_contrast PSM=13 Result='|VEkd0688070733DS72' Candidate='|VEkd0688070733DS72' Valid=True Conf=0.0
2026-08-15 14:50:14,196 INFO TARGETED OCR: Field=SIM No Region={'x': 939, 'y': 710, 'width': 184, 'height': 16} Variant=4x_otsu PSM=7 Result='IVEkdC688070733DS72' Candidate='IVEkdC688070733DS72' Valid=True Conf=16.0
2026-08-15 14:50:14,313 INFO TARGETED OCR: Field=SIM No Region={'x': 939, 'y': 710, 'width': 184, 'height': 16} Variant=4x_otsu PSM=8 Result='(VEkd0688070733DS72.' Candidate='(VEkd0688070733DS72.' Valid=True Conf=6.0
2026-08-15 14:50:14,430 INFO TARGETED OCR: Field=SIM No Region={'x': 939, 'y': 710, 'width': 184, 'height': 16} Variant=4x_otsu PSM=6 Result='IVEkdC688070733DS72' Candidate='IVEkdC688070733DS72' Valid=True Conf=16.0
2026-08-15 14:50:14,545 INFO TARGETED OCR: Field=SIM No Region={'x': 939, 'y': 710, 'width': 184, 'height': 16} Variant=4x_otsu PSM=13 Result='(VEkd0688070733DS72.' Candidate='(VEkd0688070733DS72.' Valid=True Conf=6.0
2026-08-15 14:50:14,667 INFO TARGETED OCR: Field=SIM No Region={'x': 939, 'y': 710, 'width': 184, 'height': 16} Variant=3x_adaptive PSM=7 Result='IVEkdC688070733DS72' Candidate='IVEkdC688070733DS72' Valid=True Conf=29.0
2026-08-15 14:50:14,800 INFO TARGETED OCR: Field=SIM No Region={'x': 939, 'y': 710, 'width': 184, 'height': 16} Variant=3x_adaptive PSM=8 Result='IVEkd0688070733DS72' Candidate='IVEkd0688070733DS72' Valid=True Conf=52.0
2026-08-15 14:50:14,930 INFO TARGETED OCR: Field=SIM No Region={'x': 939, 'y': 710, 'width': 184, 'height': 16} Variant=3x_adaptive PSM=6 Result='IVEkdC688070733DS72' Candidate='IVEkdC688070733DS72' Valid=True Conf=29.0
2026-08-15 14:50:15,062 INFO TARGETED OCR: Field=SIM No Region={'x': 939, 'y': 710, 'width': 184, 'height': 16} Variant=3x_adaptive PSM=13 Result='IVEkd0688070733DS72' Candidate='IVEkd0688070733DS72' Valid=True Conf=52.0
2026-08-15 14:50:15,063 INFO TARGETED OCR ACCEPTED: Record=4 Field=SIM No Value='IVEkdC688070733DS72' Conf=40.8 Decision=ACCEPTED_CONSENSUS
2026-08-15 14:50:15,063 INFO TARGETED OCR START: Record=4 Field=Reference No Region={'x': 679, 'y': 706, 'width': 214, 'height': 25}
2026-08-15 14:50:15,206 INFO TARGETED OCR: Field=Reference No Region={'x': 679, 'y': 706, 'width': 214, 'height': 25} Variant=3x_contrast PSM=7 Result='HuWh570p+$!++764566528' Candidate='HuWh570p+$!++764566528' Valid=True Conf=26.0
2026-08-15 14:50:15,353 INFO TARGETED OCR: Field=Reference No Region={'x': 679, 'y': 706, 'width': 214, 'height': 25} Variant=3x_contrast PSM=8 Result='HuWhS70p+$!+4T64566528' Candidate='HuWhS70p+$!+4T64566528' Valid=True Conf=43.0
2026-08-15 14:50:15,475 INFO TARGETED OCR: Field=Reference No Region={'x': 679, 'y': 706, 'width': 214, 'height': 25} Variant=3x_contrast PSM=6 Result='HuWh570p+$!++764566528' Candidate='HuWh570p+$!++764566528' Valid=True Conf=26.0
2026-08-15 14:50:15,605 INFO TARGETED OCR: Field=Reference No Region={'x': 679, 'y': 706, 'width': 214, 'height': 25} Variant=3x_contrast PSM=13 Result='HuWhS70p+$!+4T64566528' Candidate='HuWhS70p+$!+4T64566528' Valid=True Conf=43.0
2026-08-15 14:50:15,735 INFO TARGETED OCR: Field=Reference No Region={'x': 679, 'y': 706, 'width': 214, 'height': 25} Variant=4x_contrast PSM=7 Result='HuWh57Dp+$!++764566528' Candidate='HuWh57Dp+$!++764566528' Valid=True Conf=31.0
2026-08-15 14:50:15,868 INFO TARGETED OCR: Field=Reference No Region={'x': 679, 'y': 706, 'width': 214, 'height': 25} Variant=4x_contrast PSM=8 Result='HuWhS70p+$!+4T64566528' Candidate='HuWhS70p+$!+4T64566528' Valid=True Conf=39.0
2026-08-15 14:50:16,002 INFO TARGETED OCR: Field=Reference No Region={'x': 679, 'y': 706, 'width': 214, 'height': 25} Variant=4x_contrast PSM=6 Result='HuWh57Dp+$!++764566528' Candidate='HuWh57Dp+$!++764566528' Valid=True Conf=31.0
2026-08-15 14:50:16,159 INFO TARGETED OCR: Field=Reference No Region={'x': 679, 'y': 706, 'width': 214, 'height': 25} Variant=4x_contrast PSM=13 Result='HuWhS70p+$!+4T64566528' Candidate='HuWhS70p+$!+4T64566528' Valid=True Conf=39.0
2026-08-15 14:50:16,292 INFO TARGETED OCR: Field=Reference No Region={'x': 679, 'y': 706, 'width': 214, 'height': 25} Variant=4x_otsu PSM=7 Result='HuWh570p+$!++T64566528' Candidate='HuWh570p+$!++T64566528' Valid=True Conf=39.0
2026-08-15 14:50:16,424 INFO TARGETED OCR: Field=Reference No Region={'x': 679, 'y': 706, 'width': 214, 'height': 25} Variant=4x_otsu PSM=8 Result='HuWh570p+$!+4T64566528' Candidate='HuWh570p+$!+4T64566528' Valid=True Conf=23.0
2026-08-15 14:50:16,551 INFO TARGETED OCR: Field=Reference No Region={'x': 679, 'y': 706, 'width': 214, 'height': 25} Variant=4x_otsu PSM=6 Result='HuWh570p+$!++T64566528' Candidate='HuWh570p+$!++T64566528' Valid=True Conf=39.0
2026-08-15 14:50:16,671 INFO TARGETED OCR: Field=Reference No Region={'x': 679, 'y': 706, 'width': 214, 'height': 25} Variant=4x_otsu PSM=13 Result='HuWh570p+$!+4T64566528' Candidate='HuWh570p+$!+4T64566528' Valid=True Conf=23.0
2026-08-15 14:50:16,834 INFO TARGETED OCR: Field=Reference No Region={'x': 679, 'y': 706, 'width': 214, 'height': 25} Variant=3x_adaptive PSM=7 Result='HuWh570p+$!++164566528' Candidate='HuWh570p+$!++164566528' Valid=True Conf=19.0
2026-08-15 14:50:16,999 INFO TARGETED OCR: Field=Reference No Region={'x': 679, 'y': 706, 'width': 214, 'height': 25} Variant=3x_adaptive PSM=8 Result='HuWh570p+$!+4T64566528' Candidate='HuWh570p+$!+4T64566528' Valid=True Conf=30.0
2026-08-15 14:50:17,175 INFO TARGETED OCR: Field=Reference No Region={'x': 679, 'y': 706, 'width': 214, 'height': 25} Variant=3x_adaptive PSM=6 Result='HuWh570p+$!++164566528' Candidate='HuWh570p+$!++164566528' Valid=True Conf=19.0
2026-08-15 14:50:17,326 INFO TARGETED OCR: Field=Reference No Region={'x': 679, 'y': 706, 'width': 214, 'height': 25} Variant=3x_adaptive PSM=13 Result='HuWh570p+$!+4T64566528' Candidate='HuWh570p+$!+4T64566528' Valid=True Conf=30.0
2026-08-15 14:50:17,327 INFO TARGETED OCR ACCEPTED: Record=4 Field=Reference No Value='HuWhS70p+$!+4T64566528' Conf=41.0 Decision=ACCEPTED_CONSENSUS
2026-08-15 14:50:17,328 INFO TARGETED OCR START: Record=4 Field=Contact Region={'x': 962, 'y': 752, 'width': 35, 'height': 17}
2026-08-15 14:50:17,494 INFO TARGETED OCR: Field=Contact Region={'x': 962, 'y': 752, 'width': 35, 'height': 17} Variant=3x_contrast PSM=7 Result='£341' Candidate='341' Valid=True Conf=68.0
2026-08-15 14:50:17,632 INFO TARGETED OCR: Field=Contact Region={'x': 962, 'y': 752, 'width': 35, 'height': 17} Variant=3x_contrast PSM=7 Result='341' Candidate='341' Valid=True Conf=0.0
2026-08-15 14:50:17,771 INFO TARGETED OCR: Field=Contact Region={'x': 962, 'y': 752, 'width': 35, 'height': 17} Variant=3x_contrast PSM=8 Result='£341' Candidate='341' Valid=True Conf=72.0
2026-08-15 14:50:17,910 INFO TARGETED OCR: Field=Contact Region={'x': 962, 'y': 752, 'width': 35, 'height': 17} Variant=3x_contrast PSM=8 Result='341' Candidate='341' Valid=True Conf=0.0
2026-08-15 14:50:18,052 INFO TARGETED OCR: Field=Contact Region={'x': 962, 'y': 752, 'width': 35, 'height': 17} Variant=3x_contrast PSM=6 Result='£341' Candidate='341' Valid=True Conf=68.0
2026-08-15 14:50:18,182 INFO TARGETED OCR: Field=Contact Region={'x': 962, 'y': 752, 'width': 35, 'height': 17} Variant=3x_contrast PSM=6 Result='341' Candidate='341' Valid=True Conf=0.0
2026-08-15 14:50:18,297 INFO TARGETED OCR: Field=Contact Region={'x': 962, 'y': 752, 'width': 35, 'height': 17} Variant=3x_contrast PSM=13 Result='£341' Candidate='341' Valid=True Conf=72.0
2026-08-15 14:50:18,410 INFO TARGETED OCR: Field=Contact Region={'x': 962, 'y': 752, 'width': 35, 'height': 17} Variant=3x_contrast PSM=13 Result='341' Candidate='341' Valid=True Conf=0.0
2026-08-15 14:50:18,537 INFO TARGETED OCR: Field=Contact Region={'x': 962, 'y': 752, 'width': 35, 'height': 17} Variant=4x_contrast PSM=7 Result='£341' Candidate='341' Valid=True Conf=75.0
2026-08-15 14:50:18,649 INFO TARGETED OCR: Field=Contact Region={'x': 962, 'y': 752, 'width': 35, 'height': 17} Variant=4x_contrast PSM=7 Result='341' Candidate='341' Valid=True Conf=0.0
2026-08-15 14:50:18,840 INFO TARGETED OCR: Field=Contact Region={'x': 962, 'y': 752, 'width': 35, 'height': 17} Variant=4x_contrast PSM=8 Result='£341' Candidate='341' Valid=True Conf=75.0
2026-08-15 14:50:18,965 INFO TARGETED OCR: Field=Contact Region={'x': 962, 'y': 752, 'width': 35, 'height': 17} Variant=4x_contrast PSM=8 Result='341' Candidate='341' Valid=True Conf=0.0
2026-08-15 14:50:19,084 INFO TARGETED OCR: Field=Contact Region={'x': 962, 'y': 752, 'width': 35, 'height': 17} Variant=4x_contrast PSM=6 Result='£341' Candidate='341' Valid=True Conf=75.0
2026-08-15 14:50:19,199 INFO TARGETED OCR: Field=Contact Region={'x': 962, 'y': 752, 'width': 35, 'height': 17} Variant=4x_contrast PSM=6 Result='341' Candidate='341' Valid=True Conf=0.0
2026-08-15 14:50:19,316 INFO TARGETED OCR: Field=Contact Region={'x': 962, 'y': 752, 'width': 35, 'height': 17} Variant=4x_contrast PSM=13 Result='£341' Candidate='341' Valid=True Conf=75.0
2026-08-15 14:50:19,430 INFO TARGETED OCR: Field=Contact Region={'x': 962, 'y': 752, 'width': 35, 'height': 17} Variant=4x_contrast PSM=13 Result='341' Candidate='341' Valid=True Conf=0.0
2026-08-15 14:50:19,545 INFO TARGETED OCR: Field=Contact Region={'x': 962, 'y': 752, 'width': 35, 'height': 17} Variant=4x_otsu PSM=7 Result='E341' Candidate='341' Valid=True Conf=71.0
2026-08-15 14:50:19,655 INFO TARGETED OCR: Field=Contact Region={'x': 962, 'y': 752, 'width': 35, 'height': 17} Variant=4x_otsu PSM=7 Result='341' Candidate='341' Valid=True Conf=0.0
2026-08-15 14:50:19,774 INFO TARGETED OCR: Field=Contact Region={'x': 962, 'y': 752, 'width': 35, 'height': 17} Variant=4x_otsu PSM=8 Result='£341' Candidate='341' Valid=True Conf=60.0
2026-08-15 14:50:19,884 INFO TARGETED OCR: Field=Contact Region={'x': 962, 'y': 752, 'width': 35, 'height': 17} Variant=4x_otsu PSM=8 Result='341' Candidate='341' Valid=True Conf=0.0
2026-08-15 14:50:19,993 INFO TARGETED OCR: Field=Contact Region={'x': 962, 'y': 752, 'width': 35, 'height': 17} Variant=4x_otsu PSM=6 Result='E341' Candidate='341' Valid=True Conf=71.0
2026-08-15 14:50:20,104 INFO TARGETED OCR: Field=Contact Region={'x': 962, 'y': 752, 'width': 35, 'height': 17} Variant=4x_otsu PSM=6 Result='341' Candidate='341' Valid=True Conf=0.0
2026-08-15 14:50:20,216 INFO TARGETED OCR: Field=Contact Region={'x': 962, 'y': 752, 'width': 35, 'height': 17} Variant=4x_otsu PSM=13 Result='£341' Candidate='341' Valid=True Conf=60.0
2026-08-15 14:50:20,328 INFO TARGETED OCR: Field=Contact Region={'x': 962, 'y': 752, 'width': 35, 'height': 17} Variant=4x_otsu PSM=13 Result='341' Candidate='341' Valid=True Conf=0.0
2026-08-15 14:50:20,445 INFO TARGETED OCR: Field=Contact Region={'x': 962, 'y': 752, 'width': 35, 'height': 17} Variant=3x_adaptive PSM=7 Result='£341' Candidate='341' Valid=True Conf=74.0
2026-08-15 14:50:20,556 INFO TARGETED OCR: Field=Contact Region={'x': 962, 'y': 752, 'width': 35, 'height': 17} Variant=3x_adaptive PSM=7 Result='341' Candidate='341' Valid=True Conf=0.0
2026-08-15 14:50:20,666 INFO TARGETED OCR: Field=Contact Region={'x': 962, 'y': 752, 'width': 35, 'height': 17} Variant=3x_adaptive PSM=8 Result='£341' Candidate='341' Valid=True Conf=80.0
2026-08-15 14:50:20,782 INFO TARGETED OCR: Field=Contact Region={'x': 962, 'y': 752, 'width': 35, 'height': 17} Variant=3x_adaptive PSM=8 Result='341' Candidate='341' Valid=True Conf=0.0
2026-08-15 14:50:20,906 INFO TARGETED OCR: Field=Contact Region={'x': 962, 'y': 752, 'width': 35, 'height': 17} Variant=3x_adaptive PSM=6 Result='£341' Candidate='341' Valid=True Conf=74.0
2026-08-15 14:50:21,020 INFO TARGETED OCR: Field=Contact Region={'x': 962, 'y': 752, 'width': 35, 'height': 17} Variant=3x_adaptive PSM=6 Result='341' Candidate='341' Valid=True Conf=0.0
2026-08-15 14:50:21,138 INFO TARGETED OCR: Field=Contact Region={'x': 962, 'y': 752, 'width': 35, 'height': 17} Variant=3x_adaptive PSM=13 Result='£341' Candidate='341' Valid=True Conf=80.0
2026-08-15 14:50:21,255 INFO TARGETED OCR: Field=Contact Region={'x': 962, 'y': 752, 'width': 35, 'height': 17} Variant=3x_adaptive PSM=13 Result='341' Candidate='341' Valid=True Conf=0.0
2026-08-15 14:50:21,256 INFO TARGETED OCR ACCEPTED: Record=4 Field=Contact Value='341' Conf=71.9 Decision=ACCEPTED_CONSENSUS
2026-08-15 14:50:21,257 WARNING RECORD 4 FIELD Last Name | raw='Mccracken' normalized='Mccracken' confidence=49.0 validation=REVIEW reasons=LOW_OCR_CONFIDENCE targeted={'attempted': False, 'decision': 'NOT_REQUIRED'}
2026-08-15 14:50:21,257 WARNING RECORD 4 FIELD Gender | raw='Male' normalized='Male' confidence=59.0 validation=REVIEW reasons=LOW_OCR_CONFIDENCE targeted={'attempted': False, 'decision': 'NOT_REQUIRED'}
2026-08-15 14:50:21,257 WARNING RECORD 4 FIELD Profession | raw='ProFessional' normalized='Professional' confidence=51.0 validation=REVIEW reasons=LOW_OCR_CONFIDENCE targeted={'attempted': False, 'decision': 'NOT_REQUIRED'}
2026-08-15 14:50:21,257 WARNING RECORD 4 FIELD Country | raw='UK' normalized='UK' confidence=13.0 validation=REVIEW reasons=LOW_OCR_CONFIDENCE targeted={'attempted': False, 'decision': 'NOT_REQUIRED'}
2026-08-15 14:50:21,257 WARNING RECORD 4 FIELD IMEI 1 | raw='!%%SS!-!#-798797-7' normalized='!%%SS!-!#-798797-7' confidence=22.0 validation=REVIEW reasons=LOW_OCR_CONFIDENCE,INVALID_IMEI1,AMBIGUOUS_IMEI1 targeted={'attempted': True, 'decision': 'NO_SAFE_CORRECTION', 'reason': 'INVALID_IMEI1', 'detail': 'No confident 15-digit candidate produced from IMEI 1 region', 'runs': [{'variant': '3x_contrast', 'psm': 7, 'whitelist': False, 'raw_text': 'I%%SS! - 1 - 798797 - 7', 'cleaned': '17987977', 'confidence': 67.86, 'is_valid': False}, {'variant': '3x_contrast', 'psm': 8, 'whitelist': False, 'raw_text': 'I%%SSI - HE - 798797 - 7', 'cleaned': '7987977', 'confidence': 71.29, 'is_valid': False}, {'variant': '3x_contrast', 'psm': 6, 'whitelist': False, 'raw_text': 'I%%SS! - 1 - 798797 - 7', 'cleaned': '17987977', 'confidence': 67.86, 'is_valid': False}, {'variant': '3x_contrast', 'psm': 13, 'whitelist': False, 'raw_text': 'I%%SSI - HE - 798797 - 7', 'cleaned': '7987977', 'confidence': 71.29, 'is_valid': False}, {'variant': '4x_contrast', 'psm': 7, 'whitelist': False, 'raw_text': 'I~%SS! - !# - 798797 - 7', 'cleaned': '7987977', 'confidence': 69.83, 'is_valid': False}, {'variant': '4x_contrast', 'psm': 8, 'whitelist': False, 'raw_text': 'I%%SSI - I - 798797 - 7', 'cleaned': '7987977', 'confidence': 70.71, 'is_valid': False}, {'variant': '4x_contrast', 'psm': 6, 'whitelist': False, 'raw_text': 'I~%SS! - !# - 798797 - 7', 'cleaned': '7987977', 'confidence': 69.83, 'is_valid': False}, {'variant': '4x_contrast', 'psm': 13, 'whitelist': False, 'raw_text': 'I%%SSI - I - 798797 - 7', 'cleaned': '7987977', 'confidence': 70.71, 'is_valid': False}, {'variant': '4x_otsu', 'psm': 7, 'whitelist': False, 'raw_text': 'I**99! - !# - 79B797 - 7', 'cleaned': '99797977', 'confidence': 69.0, 'is_valid': False}, {'variant': '4x_otsu', 'psm': 8, 'whitelist': False, 'raw_text': 'I%%SS! - HE - 798797 - 7', 'cleaned': '7987977', 'confidence': 64.86, 'is_valid': False}, {'variant': '4x_otsu', 'psm': 6, 'whitelist': False, 'raw_text': 'I**99! - !# - 79B797 - 7', 'cleaned': '99797977', 'confidence': 69.0, 'is_valid': False}, {'variant': '4x_otsu', 'psm': 13, 'whitelist': False, 'raw_text': 'I%%SS! - HE - 798797 - 7', 'cleaned': '7987977', 'confidence': 64.86, 'is_valid': False}, {'variant': '3x_adaptive', 'psm': 7, 'whitelist': False, 'raw_text': 'I~%SS! - 1 - T9BI9T - 7', 'cleaned': '1997', 'confidence': 74.17, 'is_valid': False}, {'variant': '3x_adaptive', 'psm': 8, 'whitelist': False, 'raw_text': 'I%%SS! - HE - 798797 - 7', 'cleaned': '7987977', 'confidence': 73.43, 'is_valid': False}, {'variant': '3x_adaptive', 'psm': 6, 'whitelist': False, 'raw_text': 'I~%SS! - 1 - T9BI9T - 7', 'cleaned': '1997', 'confidence': 74.17, 'is_valid': False}, {'variant': '3x_adaptive', 'psm': 13, 'whitelist': False, 'raw_text': 'I%%SS! - HE - 798797 - 7', 'cleaned': '7987977', 'confidence': 73.43, 'is_valid': False}]}
2026-08-15 14:50:21,257 WARNING RECORD 4 FIELD IMEI 2 | raw='' normalized='' confidence=0.0 validation=REVIEW reasons=FIELD_REGION_NOT_LOCATED targeted={'attempted': False, 'decision': 'FIELD_REGION_NOT_LOCATED'}
2026-08-15 14:50:21,257 WARNING RECORD 4 STATUS: REVIEW_REQUIRED
2026-08-15 14:50:21,271 INFO Processed sample.png (File No 28): {'VALIDATED': 0, 'REVIEW_REQUIRED': 4, 'FAILED': 0}
2026-08-15 14:54:26,442 INFO Watcher stopped safely.
2026-08-15 14:54:28,758 INFO StateStore active | Form No: max=113, next=114 | File No: max=28, next=28
2026-08-15 14:54:48,170 INFO Operator selected new daily numbering configuration
2026-08-15 14:55:20,660 WARNING New numbering configuration rejected: File No 44 already exists. Choose a different File No.
2026-08-15 14:55:41,742 WARNING New numbering configuration rejected: File No 44 already exists. Choose a different File No.
2026-08-15 14:55:48,883 WARNING New numbering configuration rejected: File No 44 already exists. Choose a different File No.
2026-08-15 14:56:03,206 INFO New daily numbering configuration confirmed: File No=45 Starting Form No=175
2026-08-15 14:56:03,207 INFO Watching images\inbox for new images (.png, .jpg, .jpeg, .bmp, .webp). Polling latency ~1s. Ctrl+C to stop.
2026-08-15 14:56:24,219 INFO Image detected: Screenshot 2026-08-15 145623.png (size: 106549 bytes)
2026-08-15 14:56:24,219 INFO IMAGE STABILITY CHECK: Screenshot 2026-08-15 145623.png (SIZE=106549)
2026-08-15 14:56:24,735 INFO IMAGE DECODE OK: Screenshot 2026-08-15 145623.png
2026-08-15 14:56:24,735 INFO Image ready: Screenshot 2026-08-15 145623.png (file stable and readable)
2026-08-15 14:56:24,735 INFO Processing started: Screenshot 2026-08-15 145623.png
2026-08-15 14:56:25,087 INFO OCR variant A on Screenshot 2026-08-15 145623.png: records=1 mean_confidence=69.4
2026-08-15 14:56:25,401 INFO OCR variant B on Screenshot 2026-08-15 145623.png: records=1 mean_confidence=68.2
2026-08-15 14:56:25,739 INFO OCR variant C on Screenshot 2026-08-15 145623.png: records=1 mean_confidence=67.1
2026-08-15 14:56:25,739 INFO Selected OCR variant A for Screenshot 2026-08-15 145623.png
2026-08-15 14:56:25,797 INFO FIELD REGION: Record=1 Field=Card Type Label='Card' Label bbox={'x': 1050, 'y': 119, 'width': 42, 'height': 18} Value region={'x': 1099, 'y': 119, 'width': 150, 'height': 18} Region confidence=0.95
2026-08-15 14:56:25,803 INFO TARGETED OCR START: Record=1 Field=Mailing Street Region={'x': 1018, 'y': 20, 'width': 136, 'height': 23}
2026-08-15 14:56:25,931 INFO TARGETED OCR: Field=Mailing Street Region={'x': 1018, 'y': 20, 'width': 136, 'height': 23} Variant=3x_contrast PSM=7 Result='139 Kings Road' Candidate='139 Kings Road' Valid=True Conf=96.0
2026-08-15 14:56:26,045 INFO TARGETED OCR: Field=Mailing Street Region={'x': 1018, 'y': 20, 'width': 136, 'height': 23} Variant=3x_contrast PSM=7 Result='139KingsRoad' Candidate='139KingsRoad' Valid=True Conf=0.0
2026-08-15 14:56:26,154 INFO TARGETED OCR: Field=Mailing Street Region={'x': 1018, 'y': 20, 'width': 136, 'height': 23} Variant=3x_contrast PSM=8 Result='139 Kings Road' Candidate='139 Kings Road' Valid=True Conf=89.3
2026-08-15 14:56:26,266 INFO TARGETED OCR: Field=Mailing Street Region={'x': 1018, 'y': 20, 'width': 136, 'height': 23} Variant=3x_contrast PSM=8 Result='139KingsRoad' Candidate='139KingsRoad' Valid=True Conf=0.0
2026-08-15 14:56:26,377 INFO TARGETED OCR: Field=Mailing Street Region={'x': 1018, 'y': 20, 'width': 136, 'height': 23} Variant=3x_contrast PSM=6 Result='139 Kings Road' Candidate='139 Kings Road' Valid=True Conf=96.0
2026-08-15 14:56:26,490 INFO TARGETED OCR: Field=Mailing Street Region={'x': 1018, 'y': 20, 'width': 136, 'height': 23} Variant=3x_contrast PSM=6 Result='139KingsRoad' Candidate='139KingsRoad' Valid=True Conf=0.0
2026-08-15 14:56:26,600 INFO TARGETED OCR: Field=Mailing Street Region={'x': 1018, 'y': 20, 'width': 136, 'height': 23} Variant=3x_contrast PSM=13 Result='139 Kings Road' Candidate='139 Kings Road' Valid=True Conf=89.3
2026-08-15 14:56:26,713 INFO TARGETED OCR: Field=Mailing Street Region={'x': 1018, 'y': 20, 'width': 136, 'height': 23} Variant=3x_contrast PSM=13 Result='139KingsRoad' Candidate='139KingsRoad' Valid=True Conf=0.0
2026-08-15 14:56:26,839 INFO TARGETED OCR: Field=Mailing Street Region={'x': 1018, 'y': 20, 'width': 136, 'height': 23} Variant=4x_contrast PSM=7 Result='139 Kings Road' Candidate='139 Kings Road' Valid=True Conf=95.7
2026-08-15 14:56:26,963 INFO TARGETED OCR: Field=Mailing Street Region={'x': 1018, 'y': 20, 'width': 136, 'height': 23} Variant=4x_contrast PSM=7 Result='139KingsRoad' Candidate='139KingsRoad' Valid=True Conf=0.0
2026-08-15 14:56:27,082 INFO TARGETED OCR: Field=Mailing Street Region={'x': 1018, 'y': 20, 'width': 136, 'height': 23} Variant=4x_contrast PSM=8 Result='139 Kings Road' Candidate='139 Kings Road' Valid=True Conf=89.7
2026-08-15 14:56:27,199 INFO TARGETED OCR: Field=Mailing Street Region={'x': 1018, 'y': 20, 'width': 136, 'height': 23} Variant=4x_contrast PSM=8 Result='139KingsRoad' Candidate='139KingsRoad' Valid=True Conf=0.0
2026-08-15 14:56:27,316 INFO TARGETED OCR: Field=Mailing Street Region={'x': 1018, 'y': 20, 'width': 136, 'height': 23} Variant=4x_contrast PSM=6 Result='139 Kings Road' Candidate='139 Kings Road' Valid=True Conf=95.7
2026-08-15 14:56:27,436 INFO TARGETED OCR: Field=Mailing Street Region={'x': 1018, 'y': 20, 'width': 136, 'height': 23} Variant=4x_contrast PSM=6 Result='139KingsRoad' Candidate='139KingsRoad' Valid=True Conf=0.0
2026-08-15 14:56:27,550 INFO TARGETED OCR: Field=Mailing Street Region={'x': 1018, 'y': 20, 'width': 136, 'height': 23} Variant=4x_contrast PSM=13 Result='139 Kings Road' Candidate='139 Kings Road' Valid=True Conf=89.7
2026-08-15 14:56:27,668 INFO TARGETED OCR: Field=Mailing Street Region={'x': 1018, 'y': 20, 'width': 136, 'height': 23} Variant=4x_contrast PSM=13 Result='139KingsRoad' Candidate='139KingsRoad' Valid=True Conf=0.0
2026-08-15 14:56:27,795 INFO TARGETED OCR: Field=Mailing Street Region={'x': 1018, 'y': 20, 'width': 136, 'height': 23} Variant=4x_otsu PSM=7 Result='139 Kings Road' Candidate='139 Kings Road' Valid=True Conf=96.0
2026-08-15 14:56:27,907 INFO TARGETED OCR: Field=Mailing Street Region={'x': 1018, 'y': 20, 'width': 136, 'height': 23} Variant=4x_otsu PSM=7 Result='139KingsRoad' Candidate='139KingsRoad' Valid=True Conf=0.0
2026-08-15 14:56:28,019 INFO TARGETED OCR: Field=Mailing Street Region={'x': 1018, 'y': 20, 'width': 136, 'height': 23} Variant=4x_otsu PSM=8 Result='139 Kings Read' Candidate='139 Kings Read' Valid=True Conf=93.0
2026-08-15 14:56:28,132 INFO TARGETED OCR: Field=Mailing Street Region={'x': 1018, 'y': 20, 'width': 136, 'height': 23} Variant=4x_otsu PSM=8 Result='139KingsRead' Candidate='139KingsRead' Valid=True Conf=0.0
2026-08-15 14:56:28,253 INFO TARGETED OCR: Field=Mailing Street Region={'x': 1018, 'y': 20, 'width': 136, 'height': 23} Variant=4x_otsu PSM=6 Result='139 Kings Road' Candidate='139 Kings Road' Valid=True Conf=96.0
2026-08-15 14:56:28,378 INFO TARGETED OCR: Field=Mailing Street Region={'x': 1018, 'y': 20, 'width': 136, 'height': 23} Variant=4x_otsu PSM=6 Result='139KingsRoad' Candidate='139KingsRoad' Valid=True Conf=0.0
2026-08-15 14:56:28,488 INFO TARGETED OCR: Field=Mailing Street Region={'x': 1018, 'y': 20, 'width': 136, 'height': 23} Variant=4x_otsu PSM=13 Result='139 Kings Read' Candidate='139 Kings Read' Valid=True Conf=93.0
2026-08-15 14:56:28,595 INFO TARGETED OCR: Field=Mailing Street Region={'x': 1018, 'y': 20, 'width': 136, 'height': 23} Variant=4x_otsu PSM=13 Result='139KingsRead' Candidate='139KingsRead' Valid=True Conf=0.0
2026-08-15 14:56:28,722 INFO TARGETED OCR: Field=Mailing Street Region={'x': 1018, 'y': 20, 'width': 136, 'height': 23} Variant=3x_adaptive PSM=7 Result='139 Kings Road' Candidate='139 Kings Road' Valid=True Conf=95.7
2026-08-15 14:56:28,837 INFO TARGETED OCR: Field=Mailing Street Region={'x': 1018, 'y': 20, 'width': 136, 'height': 23} Variant=3x_adaptive PSM=7 Result='139KingsRoad' Candidate='139KingsRoad' Valid=True Conf=0.0
2026-08-15 14:56:28,950 INFO TARGETED OCR: Field=Mailing Street Region={'x': 1018, 'y': 20, 'width': 136, 'height': 23} Variant=3x_adaptive PSM=8 Result='139 Kings Road' Candidate='139 Kings Road' Valid=True Conf=91.7
2026-08-15 14:56:29,060 INFO TARGETED OCR: Field=Mailing Street Region={'x': 1018, 'y': 20, 'width': 136, 'height': 23} Variant=3x_adaptive PSM=8 Result='139KingsRoad' Candidate='139KingsRoad' Valid=True Conf=0.0
2026-08-15 14:56:29,185 INFO TARGETED OCR: Field=Mailing Street Region={'x': 1018, 'y': 20, 'width': 136, 'height': 23} Variant=3x_adaptive PSM=6 Result='139 Kings Road' Candidate='139 Kings Road' Valid=True Conf=95.7
2026-08-15 14:56:29,300 INFO TARGETED OCR: Field=Mailing Street Region={'x': 1018, 'y': 20, 'width': 136, 'height': 23} Variant=3x_adaptive PSM=6 Result='139KingsRoad' Candidate='139KingsRoad' Valid=True Conf=0.0
2026-08-15 14:56:29,412 INFO TARGETED OCR: Field=Mailing Street Region={'x': 1018, 'y': 20, 'width': 136, 'height': 23} Variant=3x_adaptive PSM=13 Result='139 Kings Road' Candidate='139 Kings Road' Valid=True Conf=91.7
2026-08-15 14:56:29,521 INFO TARGETED OCR: Field=Mailing Street Region={'x': 1018, 'y': 20, 'width': 136, 'height': 23} Variant=3x_adaptive PSM=13 Result='139KingsRoad' Candidate='139KingsRoad' Valid=True Conf=0.0
2026-08-15 14:56:29,523 INFO TARGETED OCR ACCEPTED: Record=1 Field=Mailing Street Value='139 Kings Road' Conf=93.4 Decision=ACCEPTED_CONSENSUS
2026-08-15 14:56:29,523 INFO TARGETED OCR START: Record=1 Field=File Ref Region={'x': 468, 'y': 70, 'width': 302, 'height': 23}
2026-08-15 14:56:29,661 INFO TARGETED OCR: Field=File Ref Region={'x': 468, 'y': 70, 'width': 302, 'height': 23} Variant=3x_contrast PSM=7 Result='Whampoa Tango - 423916390' Candidate='Whampoa Tango - 423916390' Valid=True Conf=64.0
2026-08-15 14:56:29,779 INFO TARGETED OCR: Field=File Ref Region={'x': 468, 'y': 70, 'width': 302, 'height': 23} Variant=3x_contrast PSM=8 Result='Whampoa Tango - 423916390' Candidate='Whampoa Tango - 423916390' Valid=True Conf=91.0
2026-08-15 14:56:29,902 INFO TARGETED OCR: Field=File Ref Region={'x': 468, 'y': 70, 'width': 302, 'height': 23} Variant=3x_contrast PSM=6 Result='Whampoa Tango - 423916390' Candidate='Whampoa Tango - 423916390' Valid=True Conf=64.0
2026-08-15 14:56:30,028 INFO TARGETED OCR: Field=File Ref Region={'x': 468, 'y': 70, 'width': 302, 'height': 23} Variant=3x_contrast PSM=13 Result='Whampoa Tango - 423916390' Candidate='Whampoa Tango - 423916390' Valid=True Conf=91.0
2026-08-15 14:56:30,154 INFO TARGETED OCR: Field=File Ref Region={'x': 468, 'y': 70, 'width': 302, 'height': 23} Variant=4x_contrast PSM=7 Result='Whampoa Tango - 423916390' Candidate='Whampoa Tango - 423916390' Valid=True Conf=66.2
2026-08-15 14:56:30,277 INFO TARGETED OCR: Field=File Ref Region={'x': 468, 'y': 70, 'width': 302, 'height': 23} Variant=4x_contrast PSM=8 Result='Whampoa —Tango - 423916390' Candidate='Whampoa —Tango - 423916390' Valid=True Conf=71.8
2026-08-15 14:56:30,401 INFO TARGETED OCR: Field=File Ref Region={'x': 468, 'y': 70, 'width': 302, 'height': 23} Variant=4x_contrast PSM=6 Result='Whampoa Tango - 423916390' Candidate='Whampoa Tango - 423916390' Valid=True Conf=66.2
2026-08-15 14:56:30,522 INFO TARGETED OCR: Field=File Ref Region={'x': 468, 'y': 70, 'width': 302, 'height': 23} Variant=4x_contrast PSM=13 Result='Whampoa —Tango - 423916390' Candidate='Whampoa —Tango - 423916390' Valid=True Conf=71.8
2026-08-15 14:56:30,647 INFO TARGETED OCR: Field=File Ref Region={'x': 468, 'y': 70, 'width': 302, 'height': 23} Variant=4x_otsu PSM=7 Result='Whampoa Tango - 423916390' Candidate='Whampoa Tango - 423916390' Valid=True Conf=77.0
2026-08-15 14:56:30,760 INFO TARGETED OCR: Field=File Ref Region={'x': 468, 'y': 70, 'width': 302, 'height': 23} Variant=4x_otsu PSM=8 Result='Whampoa Tango - 423916390' Candidate='Whampoa Tango - 423916390' Valid=True Conf=88.7
2026-08-15 14:56:30,884 INFO TARGETED OCR: Field=File Ref Region={'x': 468, 'y': 70, 'width': 302, 'height': 23} Variant=4x_otsu PSM=6 Result='Whampoa Tango - 423916390' Candidate='Whampoa Tango - 423916390' Valid=True Conf=77.0
2026-08-15 14:56:30,997 INFO TARGETED OCR: Field=File Ref Region={'x': 468, 'y': 70, 'width': 302, 'height': 23} Variant=4x_otsu PSM=13 Result='Whampoa Tango - 423916390' Candidate='Whampoa Tango - 423916390' Valid=True Conf=88.7
2026-08-15 14:56:31,123 INFO TARGETED OCR: Field=File Ref Region={'x': 468, 'y': 70, 'width': 302, 'height': 23} Variant=3x_adaptive PSM=7 Result='Whampoa Tango - 423916390' Candidate='Whampoa Tango - 423916390' Valid=True Conf=77.0
2026-08-15 14:56:31,248 INFO TARGETED OCR: Field=File Ref Region={'x': 468, 'y': 70, 'width': 302, 'height': 23} Variant=3x_adaptive PSM=8 Result='Whampoa ‘Tango - 423916390' Candidate='Whampoa ‘Tango - 423916390' Valid=True Conf=68.8
2026-08-15 14:56:31,373 INFO TARGETED OCR: Field=File Ref Region={'x': 468, 'y': 70, 'width': 302, 'height': 23} Variant=3x_adaptive PSM=6 Result='Whampoa Tango - 423916390' Candidate='Whampoa Tango - 423916390' Valid=True Conf=77.0
2026-08-15 14:56:31,492 INFO TARGETED OCR: Field=File Ref Region={'x': 468, 'y': 70, 'width': 302, 'height': 23} Variant=3x_adaptive PSM=13 Result='Whampoa ‘Tango - 423916390' Candidate='Whampoa ‘Tango - 423916390' Valid=True Conf=68.8
2026-08-15 14:56:31,492 INFO TARGETED OCR ACCEPTED: Record=1 Field=File Ref Value='Whampoa Tango - 423916390' Conf=77.3 Decision=ACCEPTED_CONSENSUS
2026-08-15 14:56:31,492 INFO TARGETED OCR START: Record=1 Field=Reference No Region={'x': 812, 'y': 70, 'width': 255, 'height': 23}
2026-08-15 14:56:31,621 INFO TARGETED OCR: Field=Reference No Region={'x': 812, 'y': 70, 'width': 255, 'height': 23} Variant=3x_contrast PSM=7 Result='HuWhéinr+#!@#&28405650' Candidate='HuWhéinr+#!@#&28405650' Valid=True Conf=53.0
2026-08-15 14:56:31,738 INFO TARGETED OCR: Field=Reference No Region={'x': 812, 'y': 70, 'width': 255, 'height': 23} Variant=3x_contrast PSM=8 Result='HuWhélnr+#!@#&28405650' Candidate='HuWhélnr+#!@#&28405650' Valid=True Conf=45.0
2026-08-15 14:56:31,865 INFO TARGETED OCR: Field=Reference No Region={'x': 812, 'y': 70, 'width': 255, 'height': 23} Variant=3x_contrast PSM=6 Result='HuWhéinr+#!@#&28405650' Candidate='HuWhéinr+#!@#&28405650' Valid=True Conf=53.0
2026-08-15 14:56:31,980 INFO TARGETED OCR: Field=Reference No Region={'x': 812, 'y': 70, 'width': 255, 'height': 23} Variant=3x_contrast PSM=13 Result='HuWhélnr+#!@#&28405650' Candidate='HuWhélnr+#!@#&28405650' Valid=True Conf=45.0
2026-08-15 14:56:32,115 INFO TARGETED OCR: Field=Reference No Region={'x': 812, 'y': 70, 'width': 255, 'height': 23} Variant=4x_contrast PSM=7 Result='HuWhéinr+#!@#&28405650' Candidate='HuWhéinr+#!@#&28405650' Valid=True Conf=40.0
2026-08-15 14:56:32,236 INFO TARGETED OCR: Field=Reference No Region={'x': 812, 'y': 70, 'width': 255, 'height': 23} Variant=4x_contrast PSM=8 Result='HuWhélnr+#!@#&28405650' Candidate='HuWhélnr+#!@#&28405650' Valid=True Conf=24.0
2026-08-15 14:56:32,359 INFO TARGETED OCR: Field=Reference No Region={'x': 812, 'y': 70, 'width': 255, 'height': 23} Variant=4x_contrast PSM=6 Result='HuWhéinr+#!@#&28405650' Candidate='HuWhéinr+#!@#&28405650' Valid=True Conf=40.0
2026-08-15 14:56:32,479 INFO TARGETED OCR: Field=Reference No Region={'x': 812, 'y': 70, 'width': 255, 'height': 23} Variant=4x_contrast PSM=13 Result='HuWhélnr+#!@#&28405650' Candidate='HuWhélnr+#!@#&28405650' Valid=True Conf=24.0
2026-08-15 14:56:32,611 INFO TARGETED OCR: Field=Reference No Region={'x': 812, 'y': 70, 'width': 255, 'height': 23} Variant=4x_otsu PSM=7 Result='HuWhéinr+#!@#&28405650' Candidate='HuWhéinr+#!@#&28405650' Valid=True Conf=28.0
2026-08-15 14:56:32,722 INFO TARGETED OCR: Field=Reference No Region={'x': 812, 'y': 70, 'width': 255, 'height': 23} Variant=4x_otsu PSM=8 Result='HuWhélnr+#!@#&28605650' Candidate='HuWhélnr+#!@#&28605650' Valid=True Conf=48.0
2026-08-15 14:56:32,835 INFO TARGETED OCR: Field=Reference No Region={'x': 812, 'y': 70, 'width': 255, 'height': 23} Variant=4x_otsu PSM=6 Result='HuWhéinr+#!@#&28405650' Candidate='HuWhéinr+#!@#&28405650' Valid=True Conf=28.0
2026-08-15 14:56:32,946 INFO TARGETED OCR: Field=Reference No Region={'x': 812, 'y': 70, 'width': 255, 'height': 23} Variant=4x_otsu PSM=13 Result='HuWhélnr+#!@#&28605650' Candidate='HuWhélnr+#!@#&28605650' Valid=True Conf=48.0
2026-08-15 14:56:33,067 INFO TARGETED OCR: Field=Reference No Region={'x': 812, 'y': 70, 'width': 255, 'height': 23} Variant=3x_adaptive PSM=7 Result='HuWhéinr+#!@#&28405650' Candidate='HuWhéinr+#!@#&28405650' Valid=True Conf=82.0
2026-08-15 14:56:33,200 INFO TARGETED OCR: Field=Reference No Region={'x': 812, 'y': 70, 'width': 255, 'height': 23} Variant=3x_adaptive PSM=8 Result='HuWhéinr+#!@#&28405650' Candidate='HuWhéinr+#!@#&28405650' Valid=True Conf=43.0
2026-08-15 14:56:33,320 INFO TARGETED OCR: Field=Reference No Region={'x': 812, 'y': 70, 'width': 255, 'height': 23} Variant=3x_adaptive PSM=6 Result='HuWhéinr+#!@#&28405650' Candidate='HuWhéinr+#!@#&28405650' Valid=True Conf=82.0
2026-08-15 14:56:33,440 INFO TARGETED OCR: Field=Reference No Region={'x': 812, 'y': 70, 'width': 255, 'height': 23} Variant=3x_adaptive PSM=13 Result='HuWhéinr+#!@#&28405650' Candidate='HuWhéinr+#!@#&28405650' Valid=True Conf=43.0
2026-08-15 14:56:33,441 INFO TARGETED OCR ACCEPTED: Record=1 Field=Reference No Value='HuWhéinr+#!@#&28405650' Conf=49.2 Decision=ACCEPTED_CONSENSUS
2026-08-15 14:56:33,441 INFO TARGETED OCR START: Record=1 Field=IMEI 1 Region={'x': 25, 'y': 115, 'width': 459, 'height': 31}
2026-08-15 14:56:33,589 INFO TARGETED OCR: Field=IMEI 1 Region={'x': 25, 'y': 115, 'width': 459, 'height': 31} Variant=3x_contrast PSM=7 Result='CDMA+CDMA) = T722 943826 - 52 - 988142 - 5' Candidate='722943826529881425' Valid=False Conf=77.4
2026-08-15 14:56:33,732 INFO TARGETED OCR: Field=IMEI 1 Region={'x': 25, 'y': 115, 'width': 459, 'height': 31} Variant=3x_contrast PSM=8 Result='CDMA+CDMA = T722_--943826 - 52 - 988142 - 5' Candidate='722943826529881425' Valid=False Conf=69.6
2026-08-15 14:56:33,885 INFO TARGETED OCR: Field=IMEI 1 Region={'x': 25, 'y': 115, 'width': 459, 'height': 31} Variant=3x_contrast PSM=6 Result='CDMA+CDMA) = T722 943826 - 52 - 988142 - 5' Candidate='722943826529881425' Valid=False Conf=77.4
2026-08-15 14:56:34,027 INFO TARGETED OCR: Field=IMEI 1 Region={'x': 25, 'y': 115, 'width': 459, 'height': 31} Variant=3x_contrast PSM=13 Result='CDMA+CDMA = T722_--943826 - 52 - 988142 - 5' Candidate='722943826529881425' Valid=False Conf=69.6
2026-08-15 14:56:34,184 INFO TARGETED OCR: Field=IMEI 1 Region={'x': 25, 'y': 115, 'width': 459, 'height': 31} Variant=4x_contrast PSM=7 Result='CDMA+CDMA) = T7722 =. 943826 - 52 - 988142 - 5' Candidate='7722943826529881425' Valid=False Conf=66.5
2026-08-15 14:56:34,335 INFO TARGETED OCR: Field=IMEI 1 Region={'x': 25, 'y': 115, 'width': 459, 'height': 31} Variant=4x_contrast PSM=8 Result='CDMA+CDMA = T722_-943826 - 52 - 988142 - 5' Candidate='722943826529881425' Valid=False Conf=76.6
2026-08-15 14:56:34,502 INFO TARGETED OCR: Field=IMEI 1 Region={'x': 25, 'y': 115, 'width': 459, 'height': 31} Variant=4x_contrast PSM=6 Result='CDMA+CDMA) = T7722 =. 943826 - 52 - 988142 - 5' Candidate='7722943826529881425' Valid=False Conf=66.5
2026-08-15 14:56:34,657 INFO TARGETED OCR: Field=IMEI 1 Region={'x': 25, 'y': 115, 'width': 459, 'height': 31} Variant=4x_contrast PSM=13 Result='CDMA+CDMA = T722_-943826 - 52 - 988142 - 5' Candidate='722943826529881425' Valid=False Conf=76.6
2026-08-15 14:56:34,814 INFO TARGETED OCR: Field=IMEI 1 Region={'x': 25, 'y': 115, 'width': 459, 'height': 31} Variant=4x_otsu PSM=7 Result='CDMA+CDMA) =T722 = =943826 - 52 - 988142 - 5' Candidate='722943826529881425' Valid=False Conf=63.5
2026-08-15 14:56:34,956 INFO TARGETED OCR: Field=IMEI 1 Region={'x': 25, 'y': 115, 'width': 459, 'height': 31} Variant=4x_otsu PSM=8 Result='CDMA+CDMA = T722_ (943826 - 52 - 988142 - 5' Candidate='722943826529881425' Valid=False Conf=66.0
2026-08-15 14:56:35,100 INFO TARGETED OCR: Field=IMEI 1 Region={'x': 25, 'y': 115, 'width': 459, 'height': 31} Variant=4x_otsu PSM=6 Result='CDMA+CDMA) =T722 = =943826 - 52 - 988142 - 5' Candidate='722943826529881425' Valid=False Conf=63.5
2026-08-15 14:56:35,238 INFO TARGETED OCR: Field=IMEI 1 Region={'x': 25, 'y': 115, 'width': 459, 'height': 31} Variant=4x_otsu PSM=13 Result='CDMA+CDMA = T722_ (943826 - 52 - 988142 - 5' Candidate='722943826529881425' Valid=False Conf=66.0
2026-08-15 14:56:35,390 INFO TARGETED OCR: Field=IMEI 1 Region={'x': 25, 'y': 115, 'width': 459, 'height': 31} Variant=3x_adaptive PSM=7 Result='CDMA+CDMA) = T7722) = 9.43826 - 52 - 988142 - 5' Candidate='7722943826529881425' Valid=False Conf=55.2
2026-08-15 14:56:35,539 INFO TARGETED OCR: Field=IMEI 1 Region={'x': 25, 'y': 115, 'width': 459, 'height': 31} Variant=3x_adaptive PSM=8 Result='CDMA‘CDMA = T722_-943826 - 52 - 988142 - 5' Candidate='722943826529881425' Valid=False Conf=68.1
2026-08-15 14:56:35,691 INFO TARGETED OCR: Field=IMEI 1 Region={'x': 25, 'y': 115, 'width': 459, 'height': 31} Variant=3x_adaptive PSM=6 Result='CDMA+CDMA) = T7722) = 9.43826 - 52 - 988142 - 5' Candidate='7722943826529881425' Valid=False Conf=55.2
2026-08-15 14:56:35,839 INFO TARGETED OCR: Field=IMEI 1 Region={'x': 25, 'y': 115, 'width': 459, 'height': 31} Variant=3x_adaptive PSM=13 Result='CDMA‘CDMA = T722_-943826 - 52 - 988142 - 5' Candidate='722943826529881425' Valid=False Conf=68.1
2026-08-15 14:56:35,862 WARNING TARGETED OCR FAILED: Record=1 Field=IMEI 1 Decision=NO_SAFE_CORRECTION Reason=INVALID_IMEI1
2026-08-15 14:56:35,862 INFO TARGETED OCR START: Record=1 Field=IMEI 2 Region={'x': 533, 'y': 117, 'width': 221, 'height': 22}
2026-08-15 14:56:35,991 INFO TARGETED OCR: Field=IMEI 2 Region={'x': 533, 'y': 117, 'width': 221, 'height': 22} Variant=3x_contrast PSM=7 Result="'#SS# - $? - 468976 - 2" Candidate="'#SS# - $? - 468976 - 2" Valid=True Conf=90.2
2026-08-15 14:56:36,109 INFO TARGETED OCR: Field=IMEI 2 Region={'x': 533, 'y': 117, 'width': 221, 'height': 22} Variant=3x_contrast PSM=8 Result='INMSS# - $? - 468976 - 2' Candidate='INMSS# - $? - 468976 - 2' Valid=True Conf=84.8
2026-08-15 14:56:36,225 INFO TARGETED OCR: Field=IMEI 2 Region={'x': 533, 'y': 117, 'width': 221, 'height': 22} Variant=3x_contrast PSM=6 Result="'#SS# - $? - 468976 - 2" Candidate="'#SS# - $? - 468976 - 2" Valid=True Conf=90.2
2026-08-15 14:56:36,342 INFO TARGETED OCR: Field=IMEI 2 Region={'x': 533, 'y': 117, 'width': 221, 'height': 22} Variant=3x_contrast PSM=13 Result='INMSS# - $? - 468976 - 2' Candidate='INMSS# - $? - 468976 - 2' Valid=True Conf=84.8
2026-08-15 14:56:36,464 INFO TARGETED OCR: Field=IMEI 2 Region={'x': 533, 'y': 117, 'width': 221, 'height': 22} Variant=4x_contrast PSM=7 Result='"SSH - $? - 468976 - 2' Candidate='"SSH - $? - 468976 - 2' Valid=True Conf=91.2
2026-08-15 14:56:36,583 INFO TARGETED OCR: Field=IMEI 2 Region={'x': 533, 'y': 117, 'width': 221, 'height': 22} Variant=4x_contrast PSM=8 Result='IMSS# - $? - 468976 - 2' Candidate='IMSS# - $? - 468976 - 2' Valid=True Conf=85.8
2026-08-15 14:56:36,702 INFO TARGETED OCR: Field=IMEI 2 Region={'x': 533, 'y': 117, 'width': 221, 'height': 22} Variant=4x_contrast PSM=6 Result='"SSH - $? - 468976 - 2' Candidate='"SSH - $? - 468976 - 2' Valid=True Conf=91.2
2026-08-15 14:56:36,818 INFO TARGETED OCR: Field=IMEI 2 Region={'x': 533, 'y': 117, 'width': 221, 'height': 22} Variant=4x_contrast PSM=13 Result='IMSS# - $? - 468976 - 2' Candidate='IMSS# - $? - 468976 - 2' Valid=True Conf=85.8
2026-08-15 14:56:36,947 INFO TARGETED OCR: Field=IMEI 2 Region={'x': 533, 'y': 117, 'width': 221, 'height': 22} Variant=4x_otsu PSM=7 Result='"4SS# - $? - 468976 - 2' Candidate='"4SS# - $? - 468976 - 2' Valid=True Conf=90.2
2026-08-15 14:56:37,056 INFO TARGETED OCR: Field=IMEI 2 Region={'x': 533, 'y': 117, 'width': 221, 'height': 22} Variant=4x_otsu PSM=8 Result='I#SS# - $? - 468976 - 2' Candidate='I#SS# - $? - 468976 - 2' Valid=True Conf=85.2
2026-08-15 14:56:37,166 INFO TARGETED OCR: Field=IMEI 2 Region={'x': 533, 'y': 117, 'width': 221, 'height': 22} Variant=4x_otsu PSM=6 Result='"4SS# - $? - 468976 - 2' Candidate='"4SS# - $? - 468976 - 2' Valid=True Conf=90.2
2026-08-15 14:56:37,275 INFO TARGETED OCR: Field=IMEI 2 Region={'x': 533, 'y': 117, 'width': 221, 'height': 22} Variant=4x_otsu PSM=13 Result='I#SS# - $? - 468976 - 2' Candidate='I#SS# - $? - 468976 - 2' Valid=True Conf=85.2
2026-08-15 14:56:37,396 INFO TARGETED OCR: Field=IMEI 2 Region={'x': 533, 'y': 117, 'width': 221, 'height': 22} Variant=3x_adaptive PSM=7 Result='!W#SS# - $? - 468976 - 2' Candidate='!W#SS# - $? - 468976 - 2' Valid=True Conf=90.0
2026-08-15 14:56:37,512 INFO TARGETED OCR: Field=IMEI 2 Region={'x': 533, 'y': 117, 'width': 221, 'height': 22} Variant=3x_adaptive PSM=8 Result='INMSSH# - $? - 468976 - 2' Candidate='INMSSH# - $? - 468976 - 2' Valid=True Conf=88.0
2026-08-15 14:56:37,631 INFO TARGETED OCR: Field=IMEI 2 Region={'x': 533, 'y': 117, 'width': 221, 'height': 22} Variant=3x_adaptive PSM=6 Result='!W#SS# - $? - 468976 - 2' Candidate='!W#SS# - $? - 468976 - 2' Valid=True Conf=90.0
2026-08-15 14:56:37,746 INFO TARGETED OCR: Field=IMEI 2 Region={'x': 533, 'y': 117, 'width': 221, 'height': 22} Variant=3x_adaptive PSM=13 Result='INMSSH# - $? - 468976 - 2' Candidate='INMSSH# - $? - 468976 - 2' Valid=True Conf=88.0
2026-08-15 14:56:37,746 INFO TARGETED OCR ACCEPTED: Record=1 Field=IMEI 2 Value="'#SS# - $? - 468976 - 2" Conf=90.2 Decision=ACCEPTED_CONSENSUS
2026-08-15 14:56:37,747 WARNING RECORD 1 FIELD Mobile Model | raw='' normalized='' confidence=0.0 validation=REVIEW reasons=FIELD_REGION_NOT_LOCATED targeted={'attempted': False, 'decision': 'FIELD_REGION_NOT_LOCATED'}
2026-08-15 14:56:37,747 WARNING RECORD 1 FIELD IMEI 1 | raw='CDMA+CDMA T7722 «= 943826 - 52- 988142-5' normalized='CDMA+CDMA T7722 «= 943826 - 52- 988142-5' confidence=57.5 validation=REVIEW reasons=LOW_OCR_CONFIDENCE,INVALID_IMEI1 targeted={'attempted': True, 'decision': 'NO_SAFE_CORRECTION', 'reason': 'INVALID_IMEI1', 'detail': 'No confident 15-digit candidate produced from IMEI 1 region', 'runs': [{'variant': '3x_contrast', 'psm': 7, 'whitelist': False, 'raw_text': 'CDMA+CDMA) = T722 943826 - 52 - 988142 - 5', 'cleaned': '722943826529881425', 'confidence': 77.4, 'is_valid': False}, {'variant': '3x_contrast', 'psm': 8, 'whitelist': False, 'raw_text': 'CDMA+CDMA = T722_--943826 - 52 - 988142 - 5', 'cleaned': '722943826529881425', 'confidence': 69.62, 'is_valid': False}, {'variant': '3x_contrast', 'psm': 6, 'whitelist': False, 'raw_text': 'CDMA+CDMA) = T722 943826 - 52 - 988142 - 5', 'cleaned': '722943826529881425', 'confidence': 77.4, 'is_valid': False}, {'variant': '3x_contrast', 'psm': 13, 'whitelist': False, 'raw_text': 'CDMA+CDMA = T722_--943826 - 52 - 988142 - 5', 'cleaned': '722943826529881425', 'confidence': 69.62, 'is_valid': False}, {'variant': '4x_contrast', 'psm': 7, 'whitelist': False, 'raw_text': 'CDMA+CDMA) = T7722 =. 943826 - 52 - 988142 - 5', 'cleaned': '7722943826529881425', 'confidence': 66.55, 'is_valid': False}, {'variant': '4x_contrast', 'psm': 8, 'whitelist': False, 'raw_text': 'CDMA+CDMA = T722_-943826 - 52 - 988142 - 5', 'cleaned': '722943826529881425', 'confidence': 76.62, 'is_valid': False}, {'variant': '4x_contrast', 'psm': 6, 'whitelist': False, 'raw_text': 'CDMA+CDMA) = T7722 =. 943826 - 52 - 988142 - 5', 'cleaned': '7722943826529881425', 'confidence': 66.55, 'is_valid': False}, {'variant': '4x_contrast', 'psm': 13, 'whitelist': False, 'raw_text': 'CDMA+CDMA = T722_-943826 - 52 - 988142 - 5', 'cleaned': '722943826529881425', 'confidence': 76.62, 'is_valid': False}, {'variant': '4x_otsu', 'psm': 7, 'whitelist': False, 'raw_text': 'CDMA+CDMA) =T722 = =943826 - 52 - 988142 - 5', 'cleaned': '722943826529881425', 'confidence': 63.5, 'is_valid': False}, {'variant': '4x_otsu', 'psm': 8, 'whitelist': False, 'raw_text': 'CDMA+CDMA = T722_ (943826 - 52 - 988142 - 5', 'cleaned': '722943826529881425', 'confidence': 66.0, 'is_valid': False}, {'variant': '4x_otsu', 'psm': 6, 'whitelist': False, 'raw_text': 'CDMA+CDMA) =T722 = =943826 - 52 - 988142 - 5', 'cleaned': '722943826529881425', 'confidence': 63.5, 'is_valid': False}, {'variant': '4x_otsu', 'psm': 13, 'whitelist': False, 'raw_text': 'CDMA+CDMA = T722_ (943826 - 52 - 988142 - 5', 'cleaned': '722943826529881425', 'confidence': 66.0, 'is_valid': False}, {'variant': '3x_adaptive', 'psm': 7, 'whitelist': False, 'raw_text': 'CDMA+CDMA) = T7722) = 9.43826 - 52 - 988142 - 5', 'cleaned': '7722943826529881425', 'confidence': 55.18, 'is_valid': False}, {'variant': '3x_adaptive', 'psm': 8, 'whitelist': False, 'raw_text': 'CDMA‘CDMA = T722_-943826 - 52 - 988142 - 5', 'cleaned': '722943826529881425', 'confidence': 68.12, 'is_valid': False}, {'variant': '3x_adaptive', 'psm': 6, 'whitelist': False, 'raw_text': 'CDMA+CDMA) = T7722) = 9.43826 - 52 - 988142 - 5', 'cleaned': '7722943826529881425', 'confidence': 55.18, 'is_valid': False}, {'variant': '3x_adaptive', 'psm': 13, 'whitelist': False, 'raw_text': 'CDMA‘CDMA = T722_-943826 - 52 - 988142 - 5', 'cleaned': '722943826529881425', 'confidence': 68.12, 'is_valid': False}]}
2026-08-15 14:56:37,747 WARNING RECORD 1 STATUS: REVIEW_REQUIRED
2026-08-15 14:56:37,754 INFO Processed Screenshot 2026-08-15 145623.png (File No 45): {'VALIDATED': 0, 'REVIEW_REQUIRED': 1, 'FAILED': 0}
2026-08-15 14:56:37,754 INFO Processing completed: Screenshot 2026-08-15 145623.png
2026-08-15 15:02:07,090 INFO FIELD REGION: Record=1 Field=Card Type Label='Card' Label bbox={'x': 434, 'y': 105, 'width': 37, 'height': 16} Value region={'x': 477, 'y': 103, 'width': 459, 'height': 24} Region confidence=0.95
2026-08-15 15:02:07,177 INFO FIELD REGION: Record=2 Field=Card Type Label='Card' Label bbox={'x': 722, 'y': 321, 'width': 37, 'height': 15} Value region={'x': 766, 'y': 319, 'width': 401, 'height': 21} Region confidence=0.95
2026-08-15 15:02:07,341 INFO FIELD REGION: Record=4 Field=Profession Label='ProFessional' Label bbox={'x': 788, 'y': 667, 'width': 104, 'height': 15} Value region={'x': 928, 'y': 666, 'width': 299, 'height': 20} Region confidence=0.95
2026-08-15 15:02:18,144 INFO StateStore successfully reset: Starting File No = 28, Starting Form No = 110
2026-08-15 15:02:24,303 INFO StateStore active | Form No: max=None, next=110 | File No: max=None, next=28
2026-08-15 15:02:25,263 INFO OCR variant A on sample.png: records=4 mean_confidence=66.4
2026-08-15 15:02:26,122 INFO OCR variant B on sample.png: records=4 mean_confidence=66.9
2026-08-15 15:02:27,129 INFO OCR variant C on sample.png: records=4 mean_confidence=69.6
2026-08-15 15:02:27,129 INFO Selected OCR variant C for sample.png
2026-08-15 15:02:27,192 INFO FIELD REGION: Record=1 Field=Card Type Label='Card' Label bbox={'x': 434, 'y': 105, 'width': 37, 'height': 16} Value region={'x': 477, 'y': 103, 'width': 459, 'height': 24} Region confidence=0.95
2026-08-15 15:02:27,192 INFO FIELD OWNERSHIP: Record=1 Field=Mobile Model Tokens='Siemens MC60'
2026-08-15 15:02:27,192 INFO FIELD OWNERSHIP: Record=1 Field=IMEI 1 Tokens='473871 - 33 - 751054 - 6 7'
2026-08-15 15:02:27,196 INFO TARGETED OCR START: Record=1 Field=First Name Region={'x': 77, 'y': 19, 'width': 53, 'height': 19}
2026-08-15 15:02:27,322 INFO TARGETED OCR: Field=First Name Region={'x': 77, 'y': 19, 'width': 53, 'height': 19} Variant=3x_contrast PSM=7 Whitelist=False Result='Hillary' Candidate='Hillary' Valid=True Conf=86.0
2026-08-15 15:02:27,431 INFO TARGETED OCR: Field=First Name Region={'x': 77, 'y': 19, 'width': 53, 'height': 19} Variant=3x_contrast PSM=7 Whitelist=True Result='Hillary' Candidate='Hillary' Valid=True Conf=86.0
2026-08-15 15:02:27,537 INFO TARGETED OCR: Field=First Name Region={'x': 77, 'y': 19, 'width': 53, 'height': 19} Variant=3x_contrast PSM=8 Whitelist=False Result='Hillary |' Candidate='Hillary' Valid=True Conf=76.0
2026-08-15 15:02:27,657 INFO TARGETED OCR: Field=First Name Region={'x': 77, 'y': 19, 'width': 53, 'height': 19} Variant=3x_contrast PSM=8 Whitelist=True Result='Hillary' Candidate='Hillary' Valid=True Conf=0.0
2026-08-15 15:02:27,765 INFO TARGETED OCR: Field=First Name Region={'x': 77, 'y': 19, 'width': 53, 'height': 19} Variant=3x_contrast PSM=6 Whitelist=False Result='Hillary' Candidate='Hillary' Valid=True Conf=86.0
2026-08-15 15:02:27,893 INFO TARGETED OCR: Field=First Name Region={'x': 77, 'y': 19, 'width': 53, 'height': 19} Variant=3x_contrast PSM=6 Whitelist=True Result='Hillary' Candidate='Hillary' Valid=True Conf=86.0
2026-08-15 15:02:28,005 INFO TARGETED OCR: Field=First Name Region={'x': 77, 'y': 19, 'width': 53, 'height': 19} Variant=3x_contrast PSM=13 Whitelist=False Result='Hillary |' Candidate='Hillary' Valid=True Conf=76.0
2026-08-15 15:02:28,118 INFO TARGETED OCR: Field=First Name Region={'x': 77, 'y': 19, 'width': 53, 'height': 19} Variant=3x_contrast PSM=13 Whitelist=True Result='Hillary' Candidate='Hillary' Valid=True Conf=0.0
2026-08-15 15:02:28,235 INFO TARGETED OCR: Field=First Name Region={'x': 77, 'y': 19, 'width': 53, 'height': 19} Variant=4x_contrast PSM=7 Whitelist=False Result='Hillary |' Candidate='Hillary' Valid=True Conf=82.0
2026-08-15 15:02:28,345 INFO TARGETED OCR: Field=First Name Region={'x': 77, 'y': 19, 'width': 53, 'height': 19} Variant=4x_contrast PSM=7 Whitelist=True Result="Hillary'" Candidate='Hillary' Valid=True Conf=0.0
2026-08-15 15:02:28,454 INFO TARGETED OCR: Field=First Name Region={'x': 77, 'y': 19, 'width': 53, 'height': 19} Variant=4x_contrast PSM=8 Whitelist=False Result='Hillary |' Candidate='Hillary' Valid=True Conf=71.5
2026-08-15 15:02:28,575 INFO TARGETED OCR: Field=First Name Region={'x': 77, 'y': 19, 'width': 53, 'height': 19} Variant=4x_contrast PSM=8 Whitelist=True Result='Hillary' Candidate='Hillary' Valid=True Conf=46.0
2026-08-15 15:02:28,683 INFO TARGETED OCR: Field=First Name Region={'x': 77, 'y': 19, 'width': 53, 'height': 19} Variant=4x_contrast PSM=6 Whitelist=False Result='Hillary |' Candidate='Hillary' Valid=True Conf=82.0
2026-08-15 15:02:28,789 INFO TARGETED OCR: Field=First Name Region={'x': 77, 'y': 19, 'width': 53, 'height': 19} Variant=4x_contrast PSM=6 Whitelist=True Result="Hillary'" Candidate='Hillary' Valid=True Conf=0.0
2026-08-15 15:02:28,897 INFO TARGETED OCR: Field=First Name Region={'x': 77, 'y': 19, 'width': 53, 'height': 19} Variant=4x_contrast PSM=13 Whitelist=False Result='Hillary |' Candidate='Hillary' Valid=True Conf=71.5
2026-08-15 15:02:29,003 INFO TARGETED OCR: Field=First Name Region={'x': 77, 'y': 19, 'width': 53, 'height': 19} Variant=4x_contrast PSM=13 Whitelist=True Result='Hillary' Candidate='Hillary' Valid=True Conf=46.0
2026-08-15 15:02:29,130 INFO TARGETED OCR: Field=First Name Region={'x': 77, 'y': 19, 'width': 53, 'height': 19} Variant=4x_otsu PSM=7 Whitelist=False Result='Hillary' Candidate='Hillary' Valid=True Conf=56.0
2026-08-15 15:02:29,238 INFO TARGETED OCR: Field=First Name Region={'x': 77, 'y': 19, 'width': 53, 'height': 19} Variant=4x_otsu PSM=7 Whitelist=True Result='Hillary' Candidate='Hillary' Valid=True Conf=56.0
2026-08-15 15:02:29,349 INFO TARGETED OCR: Field=First Name Region={'x': 77, 'y': 19, 'width': 53, 'height': 19} Variant=4x_otsu PSM=8 Whitelist=False Result='Hillary,' Candidate='Hillary' Valid=True Conf=38.0
2026-08-15 15:02:29,457 INFO TARGETED OCR: Field=First Name Region={'x': 77, 'y': 19, 'width': 53, 'height': 19} Variant=4x_otsu PSM=8 Whitelist=True Result='Hillary' Candidate='Hillary' Valid=True Conf=10.0
2026-08-15 15:02:29,593 INFO TARGETED OCR: Field=First Name Region={'x': 77, 'y': 19, 'width': 53, 'height': 19} Variant=4x_otsu PSM=6 Whitelist=False Result='Hillary' Candidate='Hillary' Valid=True Conf=56.0
2026-08-15 15:02:29,702 INFO TARGETED OCR: Field=First Name Region={'x': 77, 'y': 19, 'width': 53, 'height': 19} Variant=4x_otsu PSM=6 Whitelist=True Result='Hillary' Candidate='Hillary' Valid=True Conf=56.0
2026-08-15 15:02:29,810 INFO TARGETED OCR: Field=First Name Region={'x': 77, 'y': 19, 'width': 53, 'height': 19} Variant=4x_otsu PSM=13 Whitelist=False Result='Hillary,' Candidate='Hillary' Valid=True Conf=38.0
2026-08-15 15:02:29,919 INFO TARGETED OCR: Field=First Name Region={'x': 77, 'y': 19, 'width': 53, 'height': 19} Variant=4x_otsu PSM=13 Whitelist=True Result='Hillary' Candidate='Hillary' Valid=True Conf=10.0
2026-08-15 15:02:30,043 INFO TARGETED OCR: Field=First Name Region={'x': 77, 'y': 19, 'width': 53, 'height': 19} Variant=3x_adaptive PSM=7 Whitelist=False Result='Hillary' Candidate='Hillary' Valid=True Conf=96.0
2026-08-15 15:02:30,148 INFO TARGETED OCR: Field=First Name Region={'x': 77, 'y': 19, 'width': 53, 'height': 19} Variant=3x_adaptive PSM=7 Whitelist=True Result='Hillary' Candidate='Hillary' Valid=True Conf=96.0
2026-08-15 15:02:30,259 INFO TARGETED OCR: Field=First Name Region={'x': 77, 'y': 19, 'width': 53, 'height': 19} Variant=3x_adaptive PSM=8 Whitelist=False Result='Hillary |' Candidate='Hillary' Valid=True Conf=79.0
2026-08-15 15:02:30,375 INFO TARGETED OCR: Field=First Name Region={'x': 77, 'y': 19, 'width': 53, 'height': 19} Variant=3x_adaptive PSM=8 Whitelist=True Result='Hillary' Candidate='Hillary' Valid=True Conf=0.0
2026-08-15 15:02:30,484 INFO TARGETED OCR: Field=First Name Region={'x': 77, 'y': 19, 'width': 53, 'height': 19} Variant=3x_adaptive PSM=6 Whitelist=False Result='Hillary' Candidate='Hillary' Valid=True Conf=96.0
2026-08-15 15:02:30,595 INFO TARGETED OCR: Field=First Name Region={'x': 77, 'y': 19, 'width': 53, 'height': 19} Variant=3x_adaptive PSM=6 Whitelist=True Result='Hillary' Candidate='Hillary' Valid=True Conf=96.0
2026-08-15 15:02:30,711 INFO TARGETED OCR: Field=First Name Region={'x': 77, 'y': 19, 'width': 53, 'height': 19} Variant=3x_adaptive PSM=13 Whitelist=False Result='Hillary |' Candidate='Hillary' Valid=True Conf=79.0
2026-08-15 15:02:30,828 INFO TARGETED OCR: Field=First Name Region={'x': 77, 'y': 19, 'width': 53, 'height': 19} Variant=3x_adaptive PSM=13 Whitelist=True Result='Hillary' Candidate='Hillary' Valid=True Conf=0.0
2026-08-15 15:02:30,830 INFO TARGETED OCR ACCEPTED: Record=1 Field=First Name Value='Hillary' Conf=67.6 Decision=ACCEPTED_CONSENSUS
2026-08-15 15:02:30,830 INFO TARGETED OCR START: Record=1 Field=Last Name Region={'x': 135, 'y': 19, 'width': 56, 'height': 16}
2026-08-15 15:02:30,977 INFO TARGETED OCR: Field=Last Name Region={'x': 135, 'y': 19, 'width': 56, 'height': 16} Variant=3x_contrast PSM=7 Whitelist=False Result='‘Benton' Candidate='‘Benton' Valid=True Conf=53.0
2026-08-15 15:02:31,086 INFO TARGETED OCR: Field=Last Name Region={'x': 135, 'y': 19, 'width': 56, 'height': 16} Variant=3x_contrast PSM=7 Whitelist=True Result='Benton' Candidate='Benton' Valid=True Conf=61.0
2026-08-15 15:02:31,197 INFO TARGETED OCR: Field=Last Name Region={'x': 135, 'y': 19, 'width': 56, 'height': 16} Variant=3x_contrast PSM=8 Whitelist=False Result='Benton' Candidate='Benton' Valid=True Conf=85.0
2026-08-15 15:02:31,307 INFO TARGETED OCR: Field=Last Name Region={'x': 135, 'y': 19, 'width': 56, 'height': 16} Variant=3x_contrast PSM=8 Whitelist=True Result='Benton' Candidate='Benton' Valid=True Conf=85.0
2026-08-15 15:02:31,425 INFO TARGETED OCR: Field=Last Name Region={'x': 135, 'y': 19, 'width': 56, 'height': 16} Variant=3x_contrast PSM=6 Whitelist=False Result='‘Benton' Candidate='‘Benton' Valid=True Conf=53.0
2026-08-15 15:02:31,532 INFO TARGETED OCR: Field=Last Name Region={'x': 135, 'y': 19, 'width': 56, 'height': 16} Variant=3x_contrast PSM=6 Whitelist=True Result='Benton' Candidate='Benton' Valid=True Conf=61.0
2026-08-15 15:02:31,639 INFO TARGETED OCR: Field=Last Name Region={'x': 135, 'y': 19, 'width': 56, 'height': 16} Variant=3x_contrast PSM=13 Whitelist=False Result='Benton' Candidate='Benton' Valid=True Conf=85.0
2026-08-15 15:02:31,757 INFO TARGETED OCR: Field=Last Name Region={'x': 135, 'y': 19, 'width': 56, 'height': 16} Variant=3x_contrast PSM=13 Whitelist=True Result='Benton' Candidate='Benton' Valid=True Conf=85.0
2026-08-15 15:02:31,873 INFO TARGETED OCR: Field=Last Name Region={'x': 135, 'y': 19, 'width': 56, 'height': 16} Variant=4x_contrast PSM=7 Whitelist=False Result='‘Benton' Candidate='‘Benton' Valid=True Conf=73.0
2026-08-15 15:02:31,985 INFO TARGETED OCR: Field=Last Name Region={'x': 135, 'y': 19, 'width': 56, 'height': 16} Variant=4x_contrast PSM=7 Whitelist=True Result='Benton' Candidate='Benton' Valid=True Conf=47.0
2026-08-15 15:02:32,093 INFO TARGETED OCR: Field=Last Name Region={'x': 135, 'y': 19, 'width': 56, 'height': 16} Variant=4x_contrast PSM=8 Whitelist=False Result='Benton' Candidate='Benton' Valid=True Conf=84.0
2026-08-15 15:02:32,203 INFO TARGETED OCR: Field=Last Name Region={'x': 135, 'y': 19, 'width': 56, 'height': 16} Variant=4x_contrast PSM=8 Whitelist=True Result='Benton' Candidate='Benton' Valid=True Conf=84.0
2026-08-15 15:02:32,309 INFO TARGETED OCR: Field=Last Name Region={'x': 135, 'y': 19, 'width': 56, 'height': 16} Variant=4x_contrast PSM=6 Whitelist=False Result='‘Benton' Candidate='‘Benton' Valid=True Conf=73.0
2026-08-15 15:02:32,417 INFO TARGETED OCR: Field=Last Name Region={'x': 135, 'y': 19, 'width': 56, 'height': 16} Variant=4x_contrast PSM=6 Whitelist=True Result='Benton' Candidate='Benton' Valid=True Conf=47.0
2026-08-15 15:02:32,561 INFO TARGETED OCR: Field=Last Name Region={'x': 135, 'y': 19, 'width': 56, 'height': 16} Variant=4x_contrast PSM=13 Whitelist=False Result='Benton' Candidate='Benton' Valid=True Conf=84.0
2026-08-15 15:02:32,669 INFO TARGETED OCR: Field=Last Name Region={'x': 135, 'y': 19, 'width': 56, 'height': 16} Variant=4x_contrast PSM=13 Whitelist=True Result='Benton' Candidate='Benton' Valid=True Conf=84.0
2026-08-15 15:02:32,782 INFO TARGETED OCR: Field=Last Name Region={'x': 135, 'y': 19, 'width': 56, 'height': 16} Variant=4x_otsu PSM=7 Whitelist=False Result='Benton' Candidate='Benton' Valid=True Conf=96.0
2026-08-15 15:02:32,891 INFO TARGETED OCR: Field=Last Name Region={'x': 135, 'y': 19, 'width': 56, 'height': 16} Variant=4x_otsu PSM=7 Whitelist=True Result='Benton' Candidate='Benton' Valid=True Conf=96.0
2026-08-15 15:02:32,997 INFO TARGETED OCR: Field=Last Name Region={'x': 135, 'y': 19, 'width': 56, 'height': 16} Variant=4x_otsu PSM=8 Whitelist=False Result='Benton' Candidate='Benton' Valid=True Conf=83.0
2026-08-15 15:02:33,102 INFO TARGETED OCR: Field=Last Name Region={'x': 135, 'y': 19, 'width': 56, 'height': 16} Variant=4x_otsu PSM=8 Whitelist=True Result='Benton' Candidate='Benton' Valid=True Conf=83.0
2026-08-15 15:02:33,210 INFO TARGETED OCR: Field=Last Name Region={'x': 135, 'y': 19, 'width': 56, 'height': 16} Variant=4x_otsu PSM=6 Whitelist=False Result='Benton' Candidate='Benton' Valid=True Conf=96.0
2026-08-15 15:02:33,340 INFO TARGETED OCR: Field=Last Name Region={'x': 135, 'y': 19, 'width': 56, 'height': 16} Variant=4x_otsu PSM=6 Whitelist=True Result='Benton' Candidate='Benton' Valid=True Conf=96.0
2026-08-15 15:02:33,468 INFO TARGETED OCR: Field=Last Name Region={'x': 135, 'y': 19, 'width': 56, 'height': 16} Variant=4x_otsu PSM=13 Whitelist=False Result='Benton' Candidate='Benton' Valid=True Conf=83.0
2026-08-15 15:02:33,591 INFO TARGETED OCR: Field=Last Name Region={'x': 135, 'y': 19, 'width': 56, 'height': 16} Variant=4x_otsu PSM=13 Whitelist=True Result='Benton' Candidate='Benton' Valid=True Conf=83.0
2026-08-15 15:02:33,745 INFO TARGETED OCR: Field=Last Name Region={'x': 135, 'y': 19, 'width': 56, 'height': 16} Variant=3x_adaptive PSM=7 Whitelist=False Result='Benton' Candidate='Benton' Valid=True Conf=61.0
2026-08-15 15:02:33,869 INFO TARGETED OCR: Field=Last Name Region={'x': 135, 'y': 19, 'width': 56, 'height': 16} Variant=3x_adaptive PSM=7 Whitelist=True Result='Benton' Candidate='Benton' Valid=True Conf=61.0
2026-08-15 15:02:33,983 INFO TARGETED OCR: Field=Last Name Region={'x': 135, 'y': 19, 'width': 56, 'height': 16} Variant=3x_adaptive PSM=8 Whitelist=False Result='‘Benton' Candidate='‘Benton' Valid=True Conf=64.0
2026-08-15 15:02:34,108 INFO TARGETED OCR: Field=Last Name Region={'x': 135, 'y': 19, 'width': 56, 'height': 16} Variant=3x_adaptive PSM=8 Whitelist=True Result='Benton' Candidate='Benton' Valid=True Conf=56.0
2026-08-15 15:02:34,218 INFO TARGETED OCR: Field=Last Name Region={'x': 135, 'y': 19, 'width': 56, 'height': 16} Variant=3x_adaptive PSM=6 Whitelist=False Result='Benton' Candidate='Benton' Valid=True Conf=61.0
2026-08-15 15:02:34,337 INFO TARGETED OCR: Field=Last Name Region={'x': 135, 'y': 19, 'width': 56, 'height': 16} Variant=3x_adaptive PSM=6 Whitelist=True Result='Benton' Candidate='Benton' Valid=True Conf=61.0
2026-08-15 15:02:34,468 INFO TARGETED OCR: Field=Last Name Region={'x': 135, 'y': 19, 'width': 56, 'height': 16} Variant=3x_adaptive PSM=13 Whitelist=False Result='‘Benton' Candidate='‘Benton' Valid=True Conf=64.0
2026-08-15 15:02:34,581 INFO TARGETED OCR: Field=Last Name Region={'x': 135, 'y': 19, 'width': 56, 'height': 16} Variant=3x_adaptive PSM=13 Whitelist=True Result='Benton' Candidate='Benton' Valid=True Conf=56.0
2026-08-15 15:02:34,582 INFO TARGETED OCR ACCEPTED: Record=1 Field=Last Name Value='Benton' Conf=75.5 Decision=ACCEPTED_CONSENSUS
2026-08-15 15:02:34,582 INFO TARGETED OCR START: Record=1 Field=Email Region={'x': 223, 'y': 19, 'width': 138, 'height': 19}
2026-08-15 15:02:34,703 INFO TARGETED OCR: Field=Email Region={'x': 223, 'y': 19, 'width': 138, 'height': 19} Variant=3x_contrast PSM=7 Whitelist=False Result='hilary@jisc.ac.uk' Candidate='hilary@jisc.ac.uk' Valid=True Conf=92.0
2026-08-15 15:02:34,815 INFO TARGETED OCR: Field=Email Region={'x': 223, 'y': 19, 'width': 138, 'height': 19} Variant=3x_contrast PSM=8 Whitelist=False Result='hilary@jisc.ac.uk.' Candidate='hilary@jisc.ac.uk.' Valid=True Conf=9.0
2026-08-15 15:02:34,931 INFO TARGETED OCR: Field=Email Region={'x': 223, 'y': 19, 'width': 138, 'height': 19} Variant=3x_contrast PSM=6 Whitelist=False Result='hilary@jisc.ac.uk' Candidate='hilary@jisc.ac.uk' Valid=True Conf=92.0
2026-08-15 15:02:35,043 INFO TARGETED OCR: Field=Email Region={'x': 223, 'y': 19, 'width': 138, 'height': 19} Variant=3x_contrast PSM=13 Whitelist=False Result='hilary@jisc.ac.uk.' Candidate='hilary@jisc.ac.uk.' Valid=True Conf=9.0
2026-08-15 15:02:35,179 INFO TARGETED OCR: Field=Email Region={'x': 223, 'y': 19, 'width': 138, 'height': 19} Variant=4x_contrast PSM=7 Whitelist=False Result='hilary@jisc.ac.uk' Candidate='hilary@jisc.ac.uk' Valid=True Conf=90.0
2026-08-15 15:02:35,299 INFO TARGETED OCR: Field=Email Region={'x': 223, 'y': 19, 'width': 138, 'height': 19} Variant=4x_contrast PSM=8 Whitelist=False Result='hilary@jisc.ac.uk.' Candidate='hilary@jisc.ac.uk.' Valid=True Conf=0.0
2026-08-15 15:02:35,422 INFO TARGETED OCR: Field=Email Region={'x': 223, 'y': 19, 'width': 138, 'height': 19} Variant=4x_contrast PSM=6 Whitelist=False Result='hilary@jisc.ac.uk' Candidate='hilary@jisc.ac.uk' Valid=True Conf=90.0
2026-08-15 15:02:35,543 INFO TARGETED OCR: Field=Email Region={'x': 223, 'y': 19, 'width': 138, 'height': 19} Variant=4x_contrast PSM=13 Whitelist=False Result='hilary@jisc.ac.uk.' Candidate='hilary@jisc.ac.uk.' Valid=True Conf=0.0
2026-08-15 15:02:35,660 INFO TARGETED OCR: Field=Email Region={'x': 223, 'y': 19, 'width': 138, 'height': 19} Variant=4x_otsu PSM=7 Whitelist=False Result='hilary@jisc.ac.uk' Candidate='hilary@jisc.ac.uk' Valid=True Conf=87.0
2026-08-15 15:02:35,775 INFO TARGETED OCR: Field=Email Region={'x': 223, 'y': 19, 'width': 138, 'height': 19} Variant=4x_otsu PSM=8 Whitelist=False Result='hilary@jisc.ac.uk' Candidate='hilary@jisc.ac.uk' Valid=True Conf=6.0
2026-08-15 15:02:35,889 INFO TARGETED OCR: Field=Email Region={'x': 223, 'y': 19, 'width': 138, 'height': 19} Variant=4x_otsu PSM=6 Whitelist=False Result='hilary@jisc.ac.uk' Candidate='hilary@jisc.ac.uk' Valid=True Conf=87.0
2026-08-15 15:02:36,021 INFO TARGETED OCR: Field=Email Region={'x': 223, 'y': 19, 'width': 138, 'height': 19} Variant=4x_otsu PSM=13 Whitelist=False Result='hilary@jisc.ac.uk' Candidate='hilary@jisc.ac.uk' Valid=True Conf=6.0
2026-08-15 15:02:36,144 INFO TARGETED OCR: Field=Email Region={'x': 223, 'y': 19, 'width': 138, 'height': 19} Variant=3x_adaptive PSM=7 Whitelist=False Result='hilary@jisc.ac.uk' Candidate='hilary@jisc.ac.uk' Valid=True Conf=90.0
2026-08-15 15:02:36,266 INFO TARGETED OCR: Field=Email Region={'x': 223, 'y': 19, 'width': 138, 'height': 19} Variant=3x_adaptive PSM=8 Whitelist=False Result='hilary@jisc.ac.uk' Candidate='hilary@jisc.ac.uk' Valid=True Conf=0.0
2026-08-15 15:02:36,389 INFO TARGETED OCR: Field=Email Region={'x': 223, 'y': 19, 'width': 138, 'height': 19} Variant=3x_adaptive PSM=6 Whitelist=False Result='hilary@jisc.ac.uk' Candidate='hilary@jisc.ac.uk' Valid=True Conf=90.0
2026-08-15 15:02:36,511 INFO TARGETED OCR: Field=Email Region={'x': 223, 'y': 19, 'width': 138, 'height': 19} Variant=3x_adaptive PSM=13 Whitelist=False Result='hilary@jisc.ac.uk' Candidate='hilary@jisc.ac.uk' Valid=True Conf=0.0
2026-08-15 15:02:36,511 INFO TARGETED OCR ACCEPTED: Record=1 Field=Email Value='hilary@jisc.ac.uk' Conf=73.0 Decision=ACCEPTED_CONSENSUS
2026-08-15 15:02:36,511 INFO TARGETED OCR START: Record=1 Field=Father Name Region={'x': 385, 'y': 19, 'width': 106, 'height': 19}
2026-08-15 15:02:36,647 INFO TARGETED OCR: Field=Father Name Region={'x': 385, 'y': 19, 'width': 106, 'height': 19} Variant=3x_contrast PSM=7 Whitelist=False Result='Phy.D Benton' Candidate='Phy.D Benton' Valid=True Conf=93.0
2026-08-15 15:02:36,767 INFO TARGETED OCR: Field=Father Name Region={'x': 385, 'y': 19, 'width': 106, 'height': 19} Variant=3x_contrast PSM=7 Whitelist=True Result='Phy.DBenton' Candidate='Phy.DBenton' Valid=True Conf=0.0
2026-08-15 15:02:36,897 INFO TARGETED OCR: Field=Father Name Region={'x': 385, 'y': 19, 'width': 106, 'height': 19} Variant=3x_contrast PSM=8 Whitelist=False Result='Phy.D Benton' Candidate='Phy.D Benton' Valid=True Conf=91.0
2026-08-15 15:02:37,016 INFO TARGETED OCR: Field=Father Name Region={'x': 385, 'y': 19, 'width': 106, 'height': 19} Variant=3x_contrast PSM=8 Whitelist=True Result='Phy.DBenton' Candidate='Phy.DBenton' Valid=True Conf=0.0
2026-08-15 15:02:37,132 INFO TARGETED OCR: Field=Father Name Region={'x': 385, 'y': 19, 'width': 106, 'height': 19} Variant=3x_contrast PSM=6 Whitelist=False Result='Phy.D Benton' Candidate='Phy.D Benton' Valid=True Conf=93.0
2026-08-15 15:02:37,262 INFO TARGETED OCR: Field=Father Name Region={'x': 385, 'y': 19, 'width': 106, 'height': 19} Variant=3x_contrast PSM=6 Whitelist=True Result='Phy.DBenton' Candidate='Phy.DBenton' Valid=True Conf=0.0
2026-08-15 15:02:37,385 INFO TARGETED OCR: Field=Father Name Region={'x': 385, 'y': 19, 'width': 106, 'height': 19} Variant=3x_contrast PSM=13 Whitelist=False Result='Phy.D Benton' Candidate='Phy.D Benton' Valid=True Conf=91.0
2026-08-15 15:02:37,498 INFO TARGETED OCR: Field=Father Name Region={'x': 385, 'y': 19, 'width': 106, 'height': 19} Variant=3x_contrast PSM=13 Whitelist=True Result='Phy.DBenton' Candidate='Phy.DBenton' Valid=True Conf=0.0
2026-08-15 15:02:37,631 INFO TARGETED OCR: Field=Father Name Region={'x': 385, 'y': 19, 'width': 106, 'height': 19} Variant=4x_contrast PSM=7 Whitelist=False Result='Phy.D Benton' Candidate='Phy.D Benton' Valid=True Conf=93.0
2026-08-15 15:02:37,751 INFO TARGETED OCR: Field=Father Name Region={'x': 385, 'y': 19, 'width': 106, 'height': 19} Variant=4x_contrast PSM=7 Whitelist=True Result='Phy.DBenton' Candidate='Phy.DBenton' Valid=True Conf=0.0
2026-08-15 15:02:37,865 INFO TARGETED OCR: Field=Father Name Region={'x': 385, 'y': 19, 'width': 106, 'height': 19} Variant=4x_contrast PSM=8 Whitelist=False Result='Phy.D Benton' Candidate='Phy.D Benton' Valid=True Conf=89.5
2026-08-15 15:02:37,978 INFO TARGETED OCR: Field=Father Name Region={'x': 385, 'y': 19, 'width': 106, 'height': 19} Variant=4x_contrast PSM=8 Whitelist=True Result='Phy.DBenton' Candidate='Phy.DBenton' Valid=True Conf=0.0
2026-08-15 15:02:38,097 INFO TARGETED OCR: Field=Father Name Region={'x': 385, 'y': 19, 'width': 106, 'height': 19} Variant=4x_contrast PSM=6 Whitelist=False Result='Phy.D Benton' Candidate='Phy.D Benton' Valid=True Conf=93.0
2026-08-15 15:02:38,215 INFO TARGETED OCR: Field=Father Name Region={'x': 385, 'y': 19, 'width': 106, 'height': 19} Variant=4x_contrast PSM=6 Whitelist=True Result='Phy.DBenton' Candidate='Phy.DBenton' Valid=True Conf=0.0
2026-08-15 15:02:38,332 INFO TARGETED OCR: Field=Father Name Region={'x': 385, 'y': 19, 'width': 106, 'height': 19} Variant=4x_contrast PSM=13 Whitelist=False Result='Phy.D Benton' Candidate='Phy.D Benton' Valid=True Conf=89.5
2026-08-15 15:02:38,444 INFO TARGETED OCR: Field=Father Name Region={'x': 385, 'y': 19, 'width': 106, 'height': 19} Variant=4x_contrast PSM=13 Whitelist=True Result='Phy.DBenton' Candidate='Phy.DBenton' Valid=True Conf=0.0
2026-08-15 15:02:38,580 INFO TARGETED OCR: Field=Father Name Region={'x': 385, 'y': 19, 'width': 106, 'height': 19} Variant=4x_otsu PSM=7 Whitelist=False Result='Phy.D Benton' Candidate='Phy.D Benton' Valid=True Conf=91.5
2026-08-15 15:02:38,715 INFO TARGETED OCR: Field=Father Name Region={'x': 385, 'y': 19, 'width': 106, 'height': 19} Variant=4x_otsu PSM=7 Whitelist=True Result='Phy.DBenton' Candidate='Phy.DBenton' Valid=True Conf=0.0
2026-08-15 15:02:38,835 INFO TARGETED OCR: Field=Father Name Region={'x': 385, 'y': 19, 'width': 106, 'height': 19} Variant=4x_otsu PSM=8 Whitelist=False Result='Phy.D Benton' Candidate='Phy.D Benton' Valid=True Conf=92.5
2026-08-15 15:02:38,951 INFO TARGETED OCR: Field=Father Name Region={'x': 385, 'y': 19, 'width': 106, 'height': 19} Variant=4x_otsu PSM=8 Whitelist=True Result='Phy.DBenton' Candidate='Phy.DBenton' Valid=True Conf=0.0
2026-08-15 15:02:39,069 INFO TARGETED OCR: Field=Father Name Region={'x': 385, 'y': 19, 'width': 106, 'height': 19} Variant=4x_otsu PSM=6 Whitelist=False Result='Phy.D Benton' Candidate='Phy.D Benton' Valid=True Conf=91.5
2026-08-15 15:02:39,208 INFO TARGETED OCR: Field=Father Name Region={'x': 385, 'y': 19, 'width': 106, 'height': 19} Variant=4x_otsu PSM=6 Whitelist=True Result='Phy.DBenton' Candidate='Phy.DBenton' Valid=True Conf=0.0
2026-08-15 15:02:39,326 INFO TARGETED OCR: Field=Father Name Region={'x': 385, 'y': 19, 'width': 106, 'height': 19} Variant=4x_otsu PSM=13 Whitelist=False Result='Phy.D Benton' Candidate='Phy.D Benton' Valid=True Conf=92.5
2026-08-15 15:02:39,458 INFO TARGETED OCR: Field=Father Name Region={'x': 385, 'y': 19, 'width': 106, 'height': 19} Variant=4x_otsu PSM=13 Whitelist=True Result='Phy.DBenton' Candidate='Phy.DBenton' Valid=True Conf=0.0
2026-08-15 15:02:39,581 INFO TARGETED OCR: Field=Father Name Region={'x': 385, 'y': 19, 'width': 106, 'height': 19} Variant=3x_adaptive PSM=7 Whitelist=False Result='Phy.D Benton' Candidate='Phy.D Benton' Valid=True Conf=93.0
2026-08-15 15:02:39,699 INFO TARGETED OCR: Field=Father Name Region={'x': 385, 'y': 19, 'width': 106, 'height': 19} Variant=3x_adaptive PSM=7 Whitelist=True Result='Phy.DBenton' Candidate='Phy.DBenton' Valid=True Conf=0.0
2026-08-15 15:02:39,813 INFO TARGETED OCR: Field=Father Name Region={'x': 385, 'y': 19, 'width': 106, 'height': 19} Variant=3x_adaptive PSM=8 Whitelist=False Result='Phy.D Benton' Candidate='Phy.D Benton' Valid=True Conf=92.5
2026-08-15 15:02:39,929 INFO TARGETED OCR: Field=Father Name Region={'x': 385, 'y': 19, 'width': 106, 'height': 19} Variant=3x_adaptive PSM=8 Whitelist=True Result='Phy.DBenton' Candidate='Phy.DBenton' Valid=True Conf=0.0
2026-08-15 15:02:40,043 INFO TARGETED OCR: Field=Father Name Region={'x': 385, 'y': 19, 'width': 106, 'height': 19} Variant=3x_adaptive PSM=6 Whitelist=False Result='Phy.D Benton' Candidate='Phy.D Benton' Valid=True Conf=93.0
2026-08-15 15:02:40,158 INFO TARGETED OCR: Field=Father Name Region={'x': 385, 'y': 19, 'width': 106, 'height': 19} Variant=3x_adaptive PSM=6 Whitelist=True Result='Phy.DBenton' Candidate='Phy.DBenton' Valid=True Conf=0.0
2026-08-15 15:02:40,276 INFO TARGETED OCR: Field=Father Name Region={'x': 385, 'y': 19, 'width': 106, 'height': 19} Variant=3x_adaptive PSM=13 Whitelist=False Result='Phy.D Benton' Candidate='Phy.D Benton' Valid=True Conf=92.5
2026-08-15 15:02:40,389 INFO TARGETED OCR: Field=Father Name Region={'x': 385, 'y': 19, 'width': 106, 'height': 19} Variant=3x_adaptive PSM=13 Whitelist=True Result='Phy.DBenton' Candidate='Phy.DBenton' Valid=True Conf=0.0
2026-08-15 15:02:40,390 INFO TARGETED OCR ACCEPTED: Record=1 Field=Father Name Value='Phy.D Benton' Conf=92.0 Decision=ACCEPTED_CONSENSUS
2026-08-15 15:02:40,390 INFO TARGETED OCR START: Record=1 Field=City Region={'x': 879, 'y': 19, 'width': 183, 'height': 18}
2026-08-15 15:02:40,526 INFO TARGETED OCR: Field=City Region={'x': 879, 'y': 19, 'width': 183, 'height': 18} Variant=3x_contrast PSM=7 Whitelist=False Result='Leeds, North Yorkshire' Candidate='Leeds, North Yorkshire' Valid=True Conf=96.0
2026-08-15 15:02:40,653 INFO TARGETED OCR: Field=City Region={'x': 879, 'y': 19, 'width': 183, 'height': 18} Variant=3x_contrast PSM=7 Whitelist=True Result='Leeds,NorthYorkshire' Candidate='Leeds,NorthYorkshire' Valid=True Conf=0.0
2026-08-15 15:02:40,795 INFO TARGETED OCR: Field=City Region={'x': 879, 'y': 19, 'width': 183, 'height': 18} Variant=3x_contrast PSM=8 Whitelist=False Result='Leeds, North Yorkshire' Candidate='Leeds, North Yorkshire' Valid=True Conf=94.7
2026-08-15 15:02:40,924 INFO TARGETED OCR: Field=City Region={'x': 879, 'y': 19, 'width': 183, 'height': 18} Variant=3x_contrast PSM=8 Whitelist=True Result='Leeds,NorthYorkshire' Candidate='Leeds,NorthYorkshire' Valid=True Conf=0.0
2026-08-15 15:02:41,053 INFO TARGETED OCR: Field=City Region={'x': 879, 'y': 19, 'width': 183, 'height': 18} Variant=3x_contrast PSM=6 Whitelist=False Result='Leeds, North Yorkshire' Candidate='Leeds, North Yorkshire' Valid=True Conf=96.0
2026-08-15 15:02:41,183 INFO TARGETED OCR: Field=City Region={'x': 879, 'y': 19, 'width': 183, 'height': 18} Variant=3x_contrast PSM=6 Whitelist=True Result='Leeds,NorthYorkshire' Candidate='Leeds,NorthYorkshire' Valid=True Conf=0.0
2026-08-15 15:02:41,315 INFO TARGETED OCR: Field=City Region={'x': 879, 'y': 19, 'width': 183, 'height': 18} Variant=3x_contrast PSM=13 Whitelist=False Result='Leeds, North Yorkshire' Candidate='Leeds, North Yorkshire' Valid=True Conf=94.7
2026-08-15 15:02:41,455 INFO TARGETED OCR: Field=City Region={'x': 879, 'y': 19, 'width': 183, 'height': 18} Variant=3x_contrast PSM=13 Whitelist=True Result='Leeds,NorthYorkshire' Candidate='Leeds,NorthYorkshire' Valid=True Conf=0.0
2026-08-15 15:02:41,585 INFO TARGETED OCR: Field=City Region={'x': 879, 'y': 19, 'width': 183, 'height': 18} Variant=4x_contrast PSM=7 Whitelist=False Result='Leeds, North Yorkshire' Candidate='Leeds, North Yorkshire' Valid=True Conf=96.0
2026-08-15 15:02:41,724 INFO TARGETED OCR: Field=City Region={'x': 879, 'y': 19, 'width': 183, 'height': 18} Variant=4x_contrast PSM=7 Whitelist=True Result='Leeds,NorthYorkshire' Candidate='Leeds,NorthYorkshire' Valid=True Conf=0.0
2026-08-15 15:02:41,856 INFO TARGETED OCR: Field=City Region={'x': 879, 'y': 19, 'width': 183, 'height': 18} Variant=4x_contrast PSM=8 Whitelist=False Result='Leeds, North Yorkshire' Candidate='Leeds, North Yorkshire' Valid=True Conf=94.3
2026-08-15 15:02:41,983 INFO TARGETED OCR: Field=City Region={'x': 879, 'y': 19, 'width': 183, 'height': 18} Variant=4x_contrast PSM=8 Whitelist=True Result='Leeds,NorthYorkshire' Candidate='Leeds,NorthYorkshire' Valid=True Conf=0.0
2026-08-15 15:02:42,118 INFO TARGETED OCR: Field=City Region={'x': 879, 'y': 19, 'width': 183, 'height': 18} Variant=4x_contrast PSM=6 Whitelist=False Result='Leeds, North Yorkshire' Candidate='Leeds, North Yorkshire' Valid=True Conf=96.0
2026-08-15 15:02:42,261 INFO TARGETED OCR: Field=City Region={'x': 879, 'y': 19, 'width': 183, 'height': 18} Variant=4x_contrast PSM=6 Whitelist=True Result='Leeds,NorthYorkshire' Candidate='Leeds,NorthYorkshire' Valid=True Conf=0.0
2026-08-15 15:02:42,404 INFO TARGETED OCR: Field=City Region={'x': 879, 'y': 19, 'width': 183, 'height': 18} Variant=4x_contrast PSM=13 Whitelist=False Result='Leeds, North Yorkshire' Candidate='Leeds, North Yorkshire' Valid=True Conf=94.3
2026-08-15 15:02:42,531 INFO TARGETED OCR: Field=City Region={'x': 879, 'y': 19, 'width': 183, 'height': 18} Variant=4x_contrast PSM=13 Whitelist=True Result='Leeds,NorthYorkshire' Candidate='Leeds,NorthYorkshire' Valid=True Conf=0.0
2026-08-15 15:02:42,670 INFO TARGETED OCR: Field=City Region={'x': 879, 'y': 19, 'width': 183, 'height': 18} Variant=4x_otsu PSM=7 Whitelist=False Result='Leeds, North Yorkshire' Candidate='Leeds, North Yorkshire' Valid=True Conf=95.3
2026-08-15 15:02:42,793 INFO TARGETED OCR: Field=City Region={'x': 879, 'y': 19, 'width': 183, 'height': 18} Variant=4x_otsu PSM=7 Whitelist=True Result='Leeds,NorthYorkshire' Candidate='Leeds,NorthYorkshire' Valid=True Conf=0.0
2026-08-15 15:02:42,911 INFO TARGETED OCR: Field=City Region={'x': 879, 'y': 19, 'width': 183, 'height': 18} Variant=4x_otsu PSM=8 Whitelist=False Result='Leeds, North Yorkshire' Candidate='Leeds, North Yorkshire' Valid=True Conf=94.0
2026-08-15 15:02:43,028 INFO TARGETED OCR: Field=City Region={'x': 879, 'y': 19, 'width': 183, 'height': 18} Variant=4x_otsu PSM=8 Whitelist=True Result='Leeds,NorthYorkshire' Candidate='Leeds,NorthYorkshire' Valid=True Conf=0.0
2026-08-15 15:02:43,148 INFO TARGETED OCR: Field=City Region={'x': 879, 'y': 19, 'width': 183, 'height': 18} Variant=4x_otsu PSM=6 Whitelist=False Result='Leeds, North Yorkshire' Candidate='Leeds, North Yorkshire' Valid=True Conf=95.3
2026-08-15 15:02:43,270 INFO TARGETED OCR: Field=City Region={'x': 879, 'y': 19, 'width': 183, 'height': 18} Variant=4x_otsu PSM=6 Whitelist=True Result='Leeds,NorthYorkshire' Candidate='Leeds,NorthYorkshire' Valid=True Conf=0.0
2026-08-15 15:02:43,392 INFO TARGETED OCR: Field=City Region={'x': 879, 'y': 19, 'width': 183, 'height': 18} Variant=4x_otsu PSM=13 Whitelist=False Result='Leeds, North Yorkshire' Candidate='Leeds, North Yorkshire' Valid=True Conf=94.0
2026-08-15 15:02:43,515 INFO TARGETED OCR: Field=City Region={'x': 879, 'y': 19, 'width': 183, 'height': 18} Variant=4x_otsu PSM=13 Whitelist=True Result='Leeds,NorthYorkshire' Candidate='Leeds,NorthYorkshire' Valid=True Conf=0.0
2026-08-15 15:02:43,642 INFO TARGETED OCR: Field=City Region={'x': 879, 'y': 19, 'width': 183, 'height': 18} Variant=3x_adaptive PSM=7 Whitelist=False Result='Leeds, North Yorkshire' Candidate='Leeds, North Yorkshire' Valid=True Conf=95.3
2026-08-15 15:02:43,787 INFO TARGETED OCR: Field=City Region={'x': 879, 'y': 19, 'width': 183, 'height': 18} Variant=3x_adaptive PSM=7 Whitelist=True Result='Leeds,NorthYorkshire' Candidate='Leeds,NorthYorkshire' Valid=True Conf=0.0
2026-08-15 15:02:43,917 INFO TARGETED OCR: Field=City Region={'x': 879, 'y': 19, 'width': 183, 'height': 18} Variant=3x_adaptive PSM=8 Whitelist=False Result='Leeds, North Yorkshire' Candidate='Leeds, North Yorkshire' Valid=True Conf=94.7
2026-08-15 15:02:44,043 INFO TARGETED OCR: Field=City Region={'x': 879, 'y': 19, 'width': 183, 'height': 18} Variant=3x_adaptive PSM=8 Whitelist=True Result='Leeds,NorthYorkshire' Candidate='Leeds,NorthYorkshire' Valid=True Conf=0.0
2026-08-15 15:02:44,169 INFO TARGETED OCR: Field=City Region={'x': 879, 'y': 19, 'width': 183, 'height': 18} Variant=3x_adaptive PSM=6 Whitelist=False Result='Leeds, North Yorkshire' Candidate='Leeds, North Yorkshire' Valid=True Conf=95.3
2026-08-15 15:02:44,300 INFO TARGETED OCR: Field=City Region={'x': 879, 'y': 19, 'width': 183, 'height': 18} Variant=3x_adaptive PSM=6 Whitelist=True Result='Leeds,NorthYorkshire' Candidate='Leeds,NorthYorkshire' Valid=True Conf=0.0
2026-08-15 15:02:44,447 INFO TARGETED OCR: Field=City Region={'x': 879, 'y': 19, 'width': 183, 'height': 18} Variant=3x_adaptive PSM=13 Whitelist=False Result='Leeds, North Yorkshire' Candidate='Leeds, North Yorkshire' Valid=True Conf=94.7
2026-08-15 15:02:44,576 INFO TARGETED OCR: Field=City Region={'x': 879, 'y': 19, 'width': 183, 'height': 18} Variant=3x_adaptive PSM=13 Whitelist=True Result='Leeds,NorthYorkshire' Candidate='Leeds,NorthYorkshire' Valid=True Conf=0.0
2026-08-15 15:02:44,577 INFO TARGETED OCR ACCEPTED: Record=1 Field=City Value='Leeds, North Yorkshire' Conf=95.0 Decision=ACCEPTED_CONSENSUS
2026-08-15 15:02:44,577 INFO TARGETED OCR START: Record=1 Field=Reference No Region={'x': 396, 'y': 62, 'width': 165, 'height': 21}
2026-08-15 15:02:44,711 INFO TARGETED OCR: Field=Reference No Region={'x': 396, 'y': 62, 'width': 165, 'height': 21} Variant=3x_contrast PSM=7 Whitelist=False Result='VfoneB4YT!@#F&T3' Candidate='VfoneB4YT!@#F&T3' Valid=True Conf=32.0
2026-08-15 15:02:44,836 INFO TARGETED OCR: Field=Reference No Region={'x': 396, 'y': 62, 'width': 165, 'height': 21} Variant=3x_contrast PSM=8 Whitelist=False Result='VioneBAYTI@##&T3' Candidate='VioneBAYTI@##&T3' Valid=True Conf=8.0
2026-08-15 15:02:44,978 INFO TARGETED OCR: Field=Reference No Region={'x': 396, 'y': 62, 'width': 165, 'height': 21} Variant=3x_contrast PSM=6 Whitelist=False Result='VfoneB4YT!@#F&T3' Candidate='VfoneB4YT!@#F&T3' Valid=True Conf=32.0
2026-08-15 15:02:45,135 INFO TARGETED OCR: Field=Reference No Region={'x': 396, 'y': 62, 'width': 165, 'height': 21} Variant=3x_contrast PSM=13 Whitelist=False Result='VioneBAYTI@##&T3' Candidate='VioneBAYTI@##&T3' Valid=True Conf=8.0
2026-08-15 15:02:45,268 INFO TARGETED OCR: Field=Reference No Region={'x': 396, 'y': 62, 'width': 165, 'height': 21} Variant=4x_contrast PSM=7 Whitelist=False Result='VfoneB4YT! @#FET3' Candidate='VfoneB4YT! @#FET3' Valid=True Conf=0.0
2026-08-15 15:02:45,392 INFO TARGETED OCR: Field=Reference No Region={'x': 396, 'y': 62, 'width': 165, 'height': 21} Variant=4x_contrast PSM=8 Whitelist=False Result='VioneBAYTI@##ET3' Candidate='VioneBAYTI@##ET3' Valid=True Conf=0.0
2026-08-15 15:02:45,522 INFO TARGETED OCR: Field=Reference No Region={'x': 396, 'y': 62, 'width': 165, 'height': 21} Variant=4x_contrast PSM=6 Whitelist=False Result='VfoneB4YT! @#FET3' Candidate='VfoneB4YT! @#FET3' Valid=True Conf=0.0
2026-08-15 15:02:45,647 INFO TARGETED OCR: Field=Reference No Region={'x': 396, 'y': 62, 'width': 165, 'height': 21} Variant=4x_contrast PSM=13 Whitelist=False Result='VioneBAYTI@##ET3' Candidate='VioneBAYTI@##ET3' Valid=True Conf=0.0
2026-08-15 15:02:45,765 INFO TARGETED OCR: Field=Reference No Region={'x': 396, 'y': 62, 'width': 165, 'height': 21} Variant=4x_otsu PSM=7 Whitelist=False Result='VfoneB4YT!@#F&T3' Candidate='VfoneB4YT!@#F&T3' Valid=True Conf=34.0
2026-08-15 15:02:45,882 INFO TARGETED OCR: Field=Reference No Region={'x': 396, 'y': 62, 'width': 165, 'height': 21} Variant=4x_otsu PSM=8 Whitelist=False Result='VioneBsYTI@#4&T3' Candidate='VioneBsYTI@#4&T3' Valid=True Conf=0.0
2026-08-15 15:02:46,004 INFO TARGETED OCR: Field=Reference No Region={'x': 396, 'y': 62, 'width': 165, 'height': 21} Variant=4x_otsu PSM=6 Whitelist=False Result='VfoneB4YT!@#F&T3' Candidate='VfoneB4YT!@#F&T3' Valid=True Conf=34.0
2026-08-15 15:02:46,133 INFO TARGETED OCR: Field=Reference No Region={'x': 396, 'y': 62, 'width': 165, 'height': 21} Variant=4x_otsu PSM=13 Whitelist=False Result='VioneBsYTI@#4&T3' Candidate='VioneBsYTI@#4&T3' Valid=True Conf=0.0
2026-08-15 15:02:46,259 INFO TARGETED OCR: Field=Reference No Region={'x': 396, 'y': 62, 'width': 165, 'height': 21} Variant=3x_adaptive PSM=7 Whitelist=False Result='VfoneB4YT!@#A&T3' Candidate='VfoneB4YT!@#A&T3' Valid=True Conf=14.0
2026-08-15 15:02:46,451 INFO TARGETED OCR: Field=Reference No Region={'x': 396, 'y': 62, 'width': 165, 'height': 21} Variant=3x_adaptive PSM=8 Whitelist=False Result='VioneBAYT@##&3' Candidate='VioneBAYT@##&3' Valid=True Conf=16.0
2026-08-15 15:02:46,584 INFO TARGETED OCR: Field=Reference No Region={'x': 396, 'y': 62, 'width': 165, 'height': 21} Variant=3x_adaptive PSM=6 Whitelist=False Result='VfoneB4YT!@#A&T3' Candidate='VfoneB4YT!@#A&T3' Valid=True Conf=14.0
2026-08-15 15:02:46,708 INFO TARGETED OCR: Field=Reference No Region={'x': 396, 'y': 62, 'width': 165, 'height': 21} Variant=3x_adaptive PSM=13 Whitelist=False Result='VioneBAYT@##&3' Candidate='VioneBAYT@##&3' Valid=True Conf=16.0
2026-08-15 15:02:46,709 INFO TARGETED OCR ACCEPTED: Record=1 Field=Reference No Value='VfoneB4YT!@#F&T3' Conf=33.0 Decision=ACCEPTED_CONSENSUS
2026-08-15 15:02:46,709 INFO TARGETED OCR START: Record=1 Field=SIM No Region={'x': 597, 'y': 62, 'width': 175, 'height': 17}
2026-08-15 15:02:46,842 INFO TARGETED OCR: Field=SIM No Region={'x': 597, 'y': 62, 'width': 175, 'height': 17} Variant=3x_contrast PSM=7 Whitelist=False Result='JIVawB1502391301089' Candidate='JIVawB1502391301089' Valid=True Conf=60.0
2026-08-15 15:02:46,966 INFO TARGETED OCR: Field=SIM No Region={'x': 597, 'y': 62, 'width': 175, 'height': 17} Variant=3x_contrast PSM=8 Whitelist=False Result='JIVawB1502391301089' Candidate='JIVawB1502391301089' Valid=True Conf=18.0
2026-08-15 15:02:47,092 INFO TARGETED OCR: Field=SIM No Region={'x': 597, 'y': 62, 'width': 175, 'height': 17} Variant=3x_contrast PSM=6 Whitelist=False Result='JIVawB1502391301089' Candidate='JIVawB1502391301089' Valid=True Conf=60.0
2026-08-15 15:02:47,215 INFO TARGETED OCR: Field=SIM No Region={'x': 597, 'y': 62, 'width': 175, 'height': 17} Variant=3x_contrast PSM=13 Whitelist=False Result='JIVawB1502391301089' Candidate='JIVawB1502391301089' Valid=True Conf=18.0
2026-08-15 15:02:47,340 INFO TARGETED OCR: Field=SIM No Region={'x': 597, 'y': 62, 'width': 175, 'height': 17} Variant=4x_contrast PSM=7 Whitelist=False Result='JiVawB1502391301089' Candidate='JiVawB1502391301089' Valid=True Conf=54.0
2026-08-15 15:02:47,479 INFO TARGETED OCR: Field=SIM No Region={'x': 597, 'y': 62, 'width': 175, 'height': 17} Variant=4x_contrast PSM=8 Whitelist=False Result='JIVawB1502391301089' Candidate='JIVawB1502391301089' Valid=True Conf=26.0
2026-08-15 15:02:47,608 INFO TARGETED OCR: Field=SIM No Region={'x': 597, 'y': 62, 'width': 175, 'height': 17} Variant=4x_contrast PSM=6 Whitelist=False Result='JiVawB1502391301089' Candidate='JiVawB1502391301089' Valid=True Conf=54.0
2026-08-15 15:02:47,736 INFO TARGETED OCR: Field=SIM No Region={'x': 597, 'y': 62, 'width': 175, 'height': 17} Variant=4x_contrast PSM=13 Whitelist=False Result='JIVawB1502391301089' Candidate='JIVawB1502391301089' Valid=True Conf=26.0
2026-08-15 15:02:47,855 INFO TARGETED OCR: Field=SIM No Region={'x': 597, 'y': 62, 'width': 175, 'height': 17} Variant=4x_otsu PSM=7 Whitelist=False Result='JIVawB1502391301089' Candidate='JIVawB1502391301089' Valid=True Conf=58.0
2026-08-15 15:02:47,975 INFO TARGETED OCR: Field=SIM No Region={'x': 597, 'y': 62, 'width': 175, 'height': 17} Variant=4x_otsu PSM=8 Whitelist=False Result='‘JIVawB1502391301089' Candidate='‘JIVawB1502391301089' Valid=True Conf=7.0
2026-08-15 15:02:48,093 INFO TARGETED OCR: Field=SIM No Region={'x': 597, 'y': 62, 'width': 175, 'height': 17} Variant=4x_otsu PSM=6 Whitelist=False Result='JIVawB1502391301089' Candidate='JIVawB1502391301089' Valid=True Conf=58.0
2026-08-15 15:02:48,210 INFO TARGETED OCR: Field=SIM No Region={'x': 597, 'y': 62, 'width': 175, 'height': 17} Variant=4x_otsu PSM=13 Whitelist=False Result='‘JIVawB1502391301089' Candidate='‘JIVawB1502391301089' Valid=True Conf=7.0
2026-08-15 15:02:48,354 INFO TARGETED OCR: Field=SIM No Region={'x': 597, 'y': 62, 'width': 175, 'height': 17} Variant=3x_adaptive PSM=7 Whitelist=False Result='JIVawB1502391301089' Candidate='JIVawB1502391301089' Valid=True Conf=80.0
2026-08-15 15:02:48,482 INFO TARGETED OCR: Field=SIM No Region={'x': 597, 'y': 62, 'width': 175, 'height': 17} Variant=3x_adaptive PSM=8 Whitelist=False Result='JIVawB1502391301089' Candidate='JIVawB1502391301089' Valid=True Conf=0.0
2026-08-15 15:02:48,612 INFO TARGETED OCR: Field=SIM No Region={'x': 597, 'y': 62, 'width': 175, 'height': 17} Variant=3x_adaptive PSM=6 Whitelist=False Result='JIVawB1502391301089' Candidate='JIVawB1502391301089' Valid=True Conf=80.0
2026-08-15 15:02:48,759 INFO TARGETED OCR: Field=SIM No Region={'x': 597, 'y': 62, 'width': 175, 'height': 17} Variant=3x_adaptive PSM=13 Whitelist=False Result='JIVawB1502391301089' Candidate='JIVawB1502391301089' Valid=True Conf=0.0
2026-08-15 15:02:48,760 INFO TARGETED OCR ACCEPTED: Record=1 Field=SIM No Value='JIVawB1502391301089' Conf=48.4 Decision=ACCEPTED_CONSENSUS
2026-08-15 15:02:48,760 INFO TARGETED OCR START: Record=1 Field=IMEI 1 Region={'x': 34, 'y': 62, 'width': 1190, 'height': 59}
2026-08-15 15:02:48,974 INFO IMEI1 NUMERIC PASS: Variant=3x_contrast PSM=7 Whitelist=False Raw='' Candidate='' Valid=False Conf=0.0
2026-08-15 15:02:49,132 INFO IMEI1 NUMERIC PASS: Variant=3x_contrast PSM=7 Whitelist=True Raw='' Candidate='' Valid=False Conf=0.0
2026-08-15 15:02:49,316 INFO IMEI1 TOKENS: excluded model token='Tee' bbox={'x': 30, 'y': 62, 'width': 51, 'height': 63}
2026-08-15 15:02:49,316 INFO IMEI1 TOKENS: excluded model token='eg' bbox={'x': 134, 'y': 62, 'width': 91, 'height': 60}
2026-08-15 15:02:49,316 INFO IMEI1 TOKENS: excluded model token='nc' bbox={'x': 253, 'y': 62, 'width': 71, 'height': 59}
2026-08-15 15:02:49,316 INFO IMEI1 TOKENS: excluded model token='eek.' bbox={'x': 377, 'y': 61, 'width': 231, 'height': 60}
2026-08-15 15:02:49,316 INFO IMEI1 TOKENS: excluded model token='nan' bbox={'x': 631, 'y': 61, 'width': 48, 'height': 60}
2026-08-15 15:02:49,316 INFO IMEI1 TOKENS: excluded model token='natin' bbox={'x': 714, 'y': 61, 'width': 107, 'height': 62}
2026-08-15 15:02:49,316 INFO IMEI1 TOKENS: excluded model token='TaN' bbox={'x': 850, 'y': 61, 'width': 121, 'height': 62}
2026-08-15 15:02:49,316 INFO IMEI1 TOKENS: excluded model token='EME' bbox={'x': 1063, 'y': 61, 'width': 161, 'height': 17}
2026-08-15 15:02:49,316 INFO IMEI1 NUMERIC PASS: Variant=3x_contrast PSM=8 Whitelist=False Raw='Tee eg nc eek. nan natin TaN EME' Candidate='' Valid=False Conf=9.5
2026-08-15 15:02:49,498 INFO IMEI1 NUMERIC PASS: Variant=3x_contrast PSM=8 Whitelist=True Raw='' Candidate='' Valid=False Conf=0.0
2026-08-15 15:02:49,730 INFO IMEI1 TOKENS: excluded model token='England' bbox={'x': 30, 'y': 62, 'width': 64, 'height': 20}
2026-08-15 15:02:49,730 INFO IMEI1 TOKENS: excluded model token='Vodafone' bbox={'x': 129, 'y': 62, 'width': 74, 'height': 17}
2026-08-15 15:02:49,730 INFO IMEI1 TOKENS: excluded model token='Tango' bbox={'x': 228, 'y': 62, 'width': 47, 'height': 20}
2026-08-15 15:02:49,730 INFO IMEI1 TOKENS: included token='-' bbox={'x': 282, 'y': 70, 'width': 7, 'height': 3}
2026-08-15 15:02:49,730 INFO IMEI1 TOKENS: included token='4616541' bbox={'x': 295, 'y': 62, 'width': 60, 'height': 17}
2026-08-15 15:02:49,730 INFO IMEI1 TOKENS: included token='VfoneB4YT!@##&T3' bbox={'x': 396, 'y': 61, 'width': 165, 'height': 21}
2026-08-15 15:02:49,730 INFO IMEI1 TOKENS: included token='JiVawBl50239190I089' bbox={'x': 596, 'y': 61, 'width': 175, 'height': 17}
2026-08-15 15:02:49,730 INFO IMEI1 TOKENS: included token='GSM' bbox={'x': 793, 'y': 61, 'width': 33, 'height': 17}
2026-08-15 15:02:49,730 INFO IMEI1 TOKENS: included token='Siemens' bbox={'x': 863, 'y': 61, 'width': 69, 'height': 17}
2026-08-15 15:02:49,730 INFO IMEI1 TOKENS: included token='MC60' bbox={'x': 938, 'y': 61, 'width': 43, 'height': 17}
2026-08-15 15:02:49,730 INFO IMEI1 TOKENS: included token='473871' bbox={'x': 1027, 'y': 61, 'width': 54, 'height': 17}
2026-08-15 15:02:49,731 INFO IMEI1 TOKENS: included token='-' bbox={'x': 1087, 'y': 71, 'width': 7, 'height': 3}
2026-08-15 15:02:49,731 INFO IMEI1 TOKENS: included token='33' bbox={'x': 1101, 'y': 61, 'width': 18, 'height': 17}
2026-08-15 15:02:49,731 INFO IMEI1 TOKENS: included token='-' bbox={'x': 1126, 'y': 70, 'width': 7, 'height': 3}
2026-08-15 15:02:49,731 INFO IMEI1 TOKENS: included token='751054' bbox={'x': 1140, 'y': 61, 'width': 55, 'height': 17}
2026-08-15 15:02:49,731 INFO IMEI1 TOKENS: included token='-' bbox={'x': 1201, 'y': 70, 'width': 8, 'height': 3}
2026-08-15 15:02:49,731 INFO IMEI1 TOKENS: included token='6' bbox={'x': 1216, 'y': 62, 'width': 8, 'height': 17}
2026-08-15 15:02:49,731 INFO IMEI1 TOKENS: included token='7' bbox={'x': 34, 'y': 105, 'width': 8, 'height': 16}
2026-08-15 15:02:49,731 INFO IMEI1 TOKENS: included token='@SiS' bbox={'x': 43, 'y': 103, 'width': 48, 'height': 22}
2026-08-15 15:02:49,731 INFO IMEI1 TOKENS: included token='-' bbox={'x': 98, 'y': 113, 'width': 7, 'height': 3}
2026-08-15 15:02:49,731 INFO IMEI1 TOKENS: included token='#1-521315-9' bbox={'x': 112, 'y': 105, 'width': 114, 'height': 16}
2026-08-15 15:02:49,731 INFO IMEI1 TOKENS: included token='TurboCall' bbox={'x': 255, 'y': 105, 'width': 82, 'height': 16}
2026-08-15 15:02:49,731 INFO IMEI1 TOKENS: included token='MasterCardPremium' bbox={'x': 373, 'y': 105, 'width': 176, 'height': 16}
2026-08-15 15:02:49,731 INFO IMEI1 TOKENS: included token='Gold' bbox={'x': 556, 'y': 105, 'width': 35, 'height': 16}
2026-08-15 15:02:49,731 INFO IMEI1 TOKENS: included token='€580' bbox={'x': 632, 'y': 105, 'width': 39, 'height': 16}
2026-08-15 15:02:49,731 INFO IMEI1 TOKENS: included token='06/07/2020' bbox={'x': 718, 'y': 103, 'width': 89, 'height': 20}
2026-08-15 15:02:49,731 INFO IMEI1 TOKENS: included token='06/01/2022' bbox={'x': 849, 'y': 103, 'width': 87, 'height': 20}
2026-08-15 15:02:49,731 INFO IMEI1 NUMERIC PASS: Variant=3x_contrast PSM=6 Whitelist=False Raw='England Vodafone Tango - 4616541 VfoneB4YT!@##&T3 JiVawBl50239190I089 GSM Siemens MC60 473871 - 33 - 751054 - 6 7 @SiS - #1-521315-9 TurboCall MasterCardPremium Gold €580 06/07/2020 06/01/2022' Candidate='46165414350239190089604738713375105467152131595800607202006012022' Valid=False Conf=69.8
2026-08-15 15:02:49,975 INFO IMEI1 TOKENS: included token='0-46165414413502391901089060' bbox={'x': 30, 'y': 61, 'width': 950, 'height': 21}
2026-08-15 15:02:49,975 INFO IMEI1 TOKENS: included token='473871-33-751054-6' bbox={'x': 1027, 'y': 61, 'width': 197, 'height': 17}
2026-08-15 15:02:49,975 INFO IMEI1 TOKENS: included token='75-1-521315-9580' bbox={'x': 34, 'y': 103, 'width': 637, 'height': 22}
2026-08-15 15:02:49,975 INFO IMEI1 TOKENS: included token='0607202006012022' bbox={'x': 718, 'y': 103, 'width': 218, 'height': 20}
2026-08-15 15:02:49,975 INFO IMEI1 NUMERIC PASS: Variant=3x_contrast PSM=6 Whitelist=True Raw='0-46165414413502391901089060 473871-33-751054-6 75-1-521315-9580 0607202006012022' Candidate='04616541441350239190108906047387133751054675152131595800607202006012022' Valid=False Conf=0.0
2026-08-15 15:02:50,159 INFO IMEI1 TOKENS: excluded model token='Tee' bbox={'x': 30, 'y': 62, 'width': 51, 'height': 63}
2026-08-15 15:02:50,159 INFO IMEI1 TOKENS: excluded model token='eg' bbox={'x': 134, 'y': 62, 'width': 91, 'height': 60}
2026-08-15 15:02:50,159 INFO IMEI1 TOKENS: excluded model token='nc' bbox={'x': 253, 'y': 62, 'width': 71, 'height': 59}
2026-08-15 15:02:50,160 INFO IMEI1 TOKENS: excluded model token='eek.' bbox={'x': 377, 'y': 61, 'width': 231, 'height': 60}
2026-08-15 15:02:50,160 INFO IMEI1 TOKENS: excluded model token='nan' bbox={'x': 631, 'y': 61, 'width': 48, 'height': 60}
2026-08-15 15:02:50,160 INFO IMEI1 TOKENS: excluded model token='natin' bbox={'x': 714, 'y': 61, 'width': 107, 'height': 62}
2026-08-15 15:02:50,160 INFO IMEI1 TOKENS: excluded model token='TaN' bbox={'x': 850, 'y': 61, 'width': 121, 'height': 62}
2026-08-15 15:02:50,160 INFO IMEI1 TOKENS: excluded model token='EME' bbox={'x': 1063, 'y': 61, 'width': 161, 'height': 17}
2026-08-15 15:02:50,160 INFO IMEI1 NUMERIC PASS: Variant=3x_contrast PSM=13 Whitelist=False Raw='Tee eg nc eek. nan natin TaN EME' Candidate='' Valid=False Conf=9.5
2026-08-15 15:02:50,345 INFO IMEI1 NUMERIC PASS: Variant=3x_contrast PSM=13 Whitelist=True Raw='' Candidate='' Valid=False Conf=0.0
2026-08-15 15:02:50,495 INFO IMEI1 NUMERIC PASS: Variant=4x_contrast PSM=7 Whitelist=False Raw='' Candidate='' Valid=False Conf=0.0
2026-08-15 15:02:50,643 INFO IMEI1 NUMERIC PASS: Variant=4x_contrast PSM=7 Whitelist=True Raw='' Candidate='' Valid=False Conf=0.0
2026-08-15 15:02:50,861 INFO IMEI1 TOKENS: excluded model token='Te' bbox={'x': 30, 'y': 62, 'width': 54, 'height': 63}
2026-08-15 15:02:50,861 INFO IMEI1 TOKENS: excluded model token='ee' bbox={'x': 134, 'y': 62, 'width': 68, 'height': 60}
2026-08-15 15:02:50,861 INFO IMEI1 TOKENS: excluded model token='nc' bbox={'x': 253, 'y': 62, 'width': 71, 'height': 59}
2026-08-15 15:02:50,861 INFO IMEI1 TOKENS: excluded model token='eek' bbox={'x': 377, 'y': 61, 'width': 225, 'height': 60}
2026-08-15 15:02:50,861 INFO IMEI1 TOKENS: excluded model token='nan' bbox={'x': 632, 'y': 62, 'width': 50, 'height': 60}
2026-08-15 15:02:50,861 INFO IMEI1 TOKENS: excluded model token='nettig' bbox={'x': 720, 'y': 61, 'width': 89, 'height': 62}
2026-08-15 15:02:50,861 INFO IMEI1 TOKENS: excluded model token='tae' bbox={'x': 838, 'y': 62, 'width': 49, 'height': 62}
2026-08-15 15:02:50,861 INFO IMEI1 TOKENS: excluded model token='NN' bbox={'x': 927, 'y': 62, 'width': 54, 'height': 62}
2026-08-15 15:02:50,861 INFO IMEI1 TOKENS: excluded model token='ENE' bbox={'x': 1034, 'y': 62, 'width': 85, 'height': 17}
2026-08-15 15:02:50,861 INFO IMEI1 TOKENS: excluded model token='MES' bbox={'x': 1146, 'y': 62, 'width': 78, 'height': 17}
2026-08-15 15:02:50,861 INFO IMEI1 NUMERIC PASS: Variant=4x_contrast PSM=8 Whitelist=False Raw='Te ee nc eek nan nettig tae NN ENE MES' Candidate='' Valid=False Conf=12.7
2026-08-15 15:02:51,108 INFO IMEI1 NUMERIC PASS: Variant=4x_contrast PSM=8 Whitelist=True Raw='' Candidate='' Valid=False Conf=0.0
2026-08-15 15:02:51,383 INFO IMEI1 TOKENS: excluded model token='England' bbox={'x': 30, 'y': 62, 'width': 64, 'height': 20}
2026-08-15 15:02:51,383 INFO IMEI1 TOKENS: excluded model token='Vodafone' bbox={'x': 129, 'y': 62, 'width': 74, 'height': 17}
2026-08-15 15:02:51,383 INFO IMEI1 TOKENS: excluded model token='Tango' bbox={'x': 228, 'y': 62, 'width': 47, 'height': 20}
2026-08-15 15:02:51,383 INFO IMEI1 TOKENS: included token='-' bbox={'x': 282, 'y': 70, 'width': 7, 'height': 3}
2026-08-15 15:02:51,383 INFO IMEI1 TOKENS: included token='4616541' bbox={'x': 295, 'y': 62, 'width': 60, 'height': 17}
2026-08-15 15:02:51,383 INFO IMEI1 TOKENS: included token='VfoneB4YT!@##&T3' bbox={'x': 396, 'y': 61, 'width': 166, 'height': 21}
2026-08-15 15:02:51,383 INFO IMEI1 TOKENS: included token='JiVawBl50239190I089' bbox={'x': 596, 'y': 61, 'width': 175, 'height': 17}
2026-08-15 15:02:51,383 INFO IMEI1 TOKENS: included token='GSM' bbox={'x': 793, 'y': 61, 'width': 33, 'height': 17}
2026-08-15 15:02:51,383 INFO IMEI1 TOKENS: included token='Siemens' bbox={'x': 863, 'y': 62, 'width': 69, 'height': 17}
2026-08-15 15:02:51,383 INFO IMEI1 TOKENS: included token='MC60' bbox={'x': 938, 'y': 62, 'width': 43, 'height': 17}
2026-08-15 15:02:51,383 INFO IMEI1 TOKENS: included token='473871' bbox={'x': 1027, 'y': 62, 'width': 54, 'height': 17}
2026-08-15 15:02:51,383 INFO IMEI1 TOKENS: included token='-' bbox={'x': 1087, 'y': 70, 'width': 7, 'height': 3}
2026-08-15 15:02:51,383 INFO IMEI1 TOKENS: included token='33' bbox={'x': 1101, 'y': 62, 'width': 18, 'height': 17}
2026-08-15 15:02:51,383 INFO IMEI1 TOKENS: included token='-' bbox={'x': 1126, 'y': 70, 'width': 7, 'height': 3}
2026-08-15 15:02:51,384 INFO IMEI1 TOKENS: included token='751054' bbox={'x': 1140, 'y': 62, 'width': 56, 'height': 17}
2026-08-15 15:02:51,384 INFO IMEI1 TOKENS: included token='-' bbox={'x': 1201, 'y': 70, 'width': 8, 'height': 3}
2026-08-15 15:02:51,384 INFO IMEI1 TOKENS: included token='6' bbox={'x': 1216, 'y': 62, 'width': 8, 'height': 17}
2026-08-15 15:02:51,384 INFO IMEI1 TOKENS: included token='7@sis' bbox={'x': 34, 'y': 103, 'width': 57, 'height': 22}
2026-08-15 15:02:51,384 INFO IMEI1 TOKENS: included token='-' bbox={'x': 98, 'y': 113, 'width': 7, 'height': 3}
2026-08-15 15:02:51,384 INFO IMEI1 TOKENS: included token='#!-521315-9' bbox={'x': 112, 'y': 105, 'width': 114, 'height': 16}
2026-08-15 15:02:51,384 INFO IMEI1 TOKENS: included token='TurboCall' bbox={'x': 255, 'y': 105, 'width': 82, 'height': 16}
2026-08-15 15:02:51,384 INFO IMEI1 TOKENS: included token='Master' bbox={'x': 373, 'y': 106, 'width': 55, 'height': 16}
2026-08-15 15:02:51,384 INFO IMEI1 TOKENS: included token='Card' bbox={'x': 434, 'y': 105, 'width': 36, 'height': 16}
2026-08-15 15:02:51,384 INFO IMEI1 TOKENS: included token='Premium' bbox={'x': 477, 'y': 106, 'width': 72, 'height': 16}
2026-08-15 15:02:51,384 INFO IMEI1 TOKENS: included token='Gold' bbox={'x': 556, 'y': 105, 'width': 36, 'height': 16}
2026-08-15 15:02:51,384 INFO IMEI1 TOKENS: included token='E580' bbox={'x': 632, 'y': 105, 'width': 39, 'height': 16}
2026-08-15 15:02:51,384 INFO IMEI1 TOKENS: included token='06/07/2020' bbox={'x': 718, 'y': 102, 'width': 89, 'height': 24}
2026-08-15 15:02:51,384 INFO IMEI1 TOKENS: included token='06/01/2022' bbox={'x': 849, 'y': 103, 'width': 87, 'height': 20}
2026-08-15 15:02:51,384 INFO IMEI1 NUMERIC PASS: Variant=4x_contrast PSM=6 Whitelist=False Raw='England Vodafone Tango - 4616541 VfoneB4YT!@##&T3 JiVawBl50239190I089 GSM Siemens MC60 473871 - 33 - 751054 - 6 7@sis - #!-521315-9 TurboCall Master Card Premium Gold E580 06/07/2020 06/01/2022' Candidate='4616541435023919008960473871337510546752131595800607202006012022' Valid=False Conf=77.1
2026-08-15 15:02:51,642 INFO IMEI1 TOKENS: included token='-46165414438150239190089060' bbox={'x': 30, 'y': 61, 'width': 950, 'height': 21}
2026-08-15 15:02:51,642 INFO IMEI1 TOKENS: included token='473871-33-751054-6' bbox={'x': 1027, 'y': 62, 'width': 197, 'height': 17}
2026-08-15 15:02:51,642 INFO IMEI1 TOKENS: included token='7-1-521315-9' bbox={'x': 34, 'y': 103, 'width': 557, 'height': 22}
2026-08-15 15:02:51,643 INFO IMEI1 TOKENS: included token='580' bbox={'x': 632, 'y': 105, 'width': 39, 'height': 16}
2026-08-15 15:02:51,643 INFO IMEI1 TOKENS: included token='06072020' bbox={'x': 718, 'y': 103, 'width': 89, 'height': 20}
2026-08-15 15:02:51,643 INFO IMEI1 TOKENS: included token='06012022' bbox={'x': 849, 'y': 103, 'width': 87, 'height': 20}
2026-08-15 15:02:51,643 INFO IMEI1 NUMERIC PASS: Variant=4x_contrast PSM=6 Whitelist=True Raw='-46165414438150239190089060 473871-33-751054-6 7-1-521315-9 580 06072020 06012022' Candidate='461654144381502391900890604738713375105467152131595800607202006012022' Valid=False Conf=0.0
2026-08-15 15:02:51,854 INFO IMEI1 TOKENS: excluded model token='Te' bbox={'x': 30, 'y': 62, 'width': 57, 'height': 63}
2026-08-15 15:02:51,854 INFO IMEI1 TOKENS: excluded model token='ee' bbox={'x': 134, 'y': 62, 'width': 68, 'height': 59}
2026-08-15 15:02:51,854 INFO IMEI1 TOKENS: excluded model token='nc' bbox={'x': 253, 'y': 62, 'width': 71, 'height': 59}
2026-08-15 15:02:51,854 INFO IMEI1 TOKENS: excluded model token='eek' bbox={'x': 377, 'y': 61, 'width': 225, 'height': 60}
2026-08-15 15:02:51,854 INFO IMEI1 TOKENS: excluded model token='nan' bbox={'x': 632, 'y': 62, 'width': 50, 'height': 60}
2026-08-15 15:02:51,854 INFO IMEI1 TOKENS: excluded model token='nettig' bbox={'x': 720, 'y': 61, 'width': 89, 'height': 62}
2026-08-15 15:02:51,854 INFO IMEI1 TOKENS: excluded model token='tae' bbox={'x': 838, 'y': 62, 'width': 52, 'height': 62}
2026-08-15 15:02:51,854 INFO IMEI1 TOKENS: excluded model token='NN' bbox={'x': 927, 'y': 62, 'width': 54, 'height': 62}
2026-08-15 15:02:51,854 INFO IMEI1 TOKENS: excluded model token='ENE' bbox={'x': 1034, 'y': 62, 'width': 85, 'height': 17}
2026-08-15 15:02:51,854 INFO IMEI1 TOKENS: excluded model token='MES' bbox={'x': 1146, 'y': 62, 'width': 78, 'height': 17}
2026-08-15 15:02:51,854 INFO IMEI1 NUMERIC PASS: Variant=4x_contrast PSM=13 Whitelist=False Raw='Te ee nc eek nan nettig tae NN ENE MES' Candidate='' Valid=False Conf=12.7
2026-08-15 15:02:52,066 INFO IMEI1 NUMERIC PASS: Variant=4x_contrast PSM=13 Whitelist=True Raw='' Candidate='' Valid=False Conf=0.0
2026-08-15 15:02:52,224 INFO IMEI1 NUMERIC PASS: Variant=4x_otsu PSM=7 Whitelist=False Raw='' Candidate='' Valid=False Conf=0.0
2026-08-15 15:02:52,380 INFO IMEI1 NUMERIC PASS: Variant=4x_otsu PSM=7 Whitelist=True Raw='' Candidate='' Valid=False Conf=0.0
2026-08-15 15:02:52,585 INFO IMEI1 TOKENS: excluded model token='Te' bbox={'x': 30, 'y': 62, 'width': 54, 'height': 63}
2026-08-15 15:02:52,585 INFO IMEI1 TOKENS: excluded model token='a' bbox={'x': 134, 'y': 62, 'width': 65, 'height': 60}
2026-08-15 15:02:52,585 INFO IMEI1 TOKENS: excluded model token='Ne' bbox={'x': 253, 'y': 62, 'width': 87, 'height': 59}
2026-08-15 15:02:52,585 INFO IMEI1 TOKENS: excluded model token='rk' bbox={'x': 466, 'y': 62, 'width': 136, 'height': 60}
2026-08-15 15:02:52,585 INFO IMEI1 TOKENS: excluded model token='aa' bbox={'x': 637, 'y': 62, 'width': 42, 'height': 60}
2026-08-15 15:02:52,585 INFO IMEI1 TOKENS: excluded model token='nettig' bbox={'x': 714, 'y': 62, 'width': 95, 'height': 62}
2026-08-15 15:02:52,585 INFO IMEI1 TOKENS: excluded model token='tae' bbox={'x': 838, 'y': 62, 'width': 65, 'height': 62}
2026-08-15 15:02:52,585 INFO IMEI1 TOKENS: excluded model token='N' bbox={'x': 939, 'y': 62, 'width': 30, 'height': 60}
2026-08-15 15:02:52,585 INFO IMEI1 TOKENS: excluded model token='ENE' bbox={'x': 1022, 'y': 62, 'width': 96, 'height': 17}
2026-08-15 15:02:52,585 INFO IMEI1 TOKENS: excluded model token='MES' bbox={'x': 1146, 'y': 62, 'width': 78, 'height': 17}
2026-08-15 15:02:52,585 INFO IMEI1 NUMERIC PASS: Variant=4x_otsu PSM=8 Whitelist=False Raw='Te a Ne rk aa nettig tae N ENE MES' Candidate='' Valid=False Conf=14.3
2026-08-15 15:02:52,777 INFO IMEI1 NUMERIC PASS: Variant=4x_otsu PSM=8 Whitelist=True Raw='' Candidate='' Valid=False Conf=0.0
2026-08-15 15:02:53,025 INFO IMEI1 TOKENS: excluded model token='England' bbox={'x': 30, 'y': 62, 'width': 63, 'height': 20}
2026-08-15 15:02:53,025 INFO IMEI1 TOKENS: excluded model token='Vodafone' bbox={'x': 130, 'y': 62, 'width': 73, 'height': 17}
2026-08-15 15:02:53,025 INFO IMEI1 TOKENS: excluded model token='Tango' bbox={'x': 228, 'y': 62, 'width': 47, 'height': 20}
2026-08-15 15:02:53,025 INFO IMEI1 TOKENS: included token='-' bbox={'x': 282, 'y': 70, 'width': 6, 'height': 3}
2026-08-15 15:02:53,025 INFO IMEI1 TOKENS: included token='4616541' bbox={'x': 296, 'y': 62, 'width': 60, 'height': 17}
2026-08-15 15:02:53,025 INFO IMEI1 TOKENS: included token='VfoneB4YT!@##&T3' bbox={'x': 396, 'y': 62, 'width': 165, 'height': 20}
2026-08-15 15:02:53,025 INFO IMEI1 TOKENS: included token='JiVawB150239190I089' bbox={'x': 596, 'y': 62, 'width': 174, 'height': 17}
2026-08-15 15:02:53,025 INFO IMEI1 TOKENS: included token='GSM' bbox={'x': 793, 'y': 62, 'width': 33, 'height': 17}
2026-08-15 15:02:53,025 INFO IMEI1 TOKENS: included token='Siemens' bbox={'x': 863, 'y': 62, 'width': 68, 'height': 17}
2026-08-15 15:02:53,025 INFO IMEI1 TOKENS: included token='MC60' bbox={'x': 938, 'y': 62, 'width': 42, 'height': 17}
2026-08-15 15:02:53,025 INFO IMEI1 TOKENS: included token='473871' bbox={'x': 1027, 'y': 62, 'width': 54, 'height': 17}
2026-08-15 15:02:53,025 INFO IMEI1 TOKENS: included token='-' bbox={'x': 1087, 'y': 70, 'width': 6, 'height': 3}
2026-08-15 15:02:53,025 INFO IMEI1 TOKENS: included token='33' bbox={'x': 1101, 'y': 62, 'width': 18, 'height': 17}
2026-08-15 15:02:53,025 INFO IMEI1 TOKENS: included token='-' bbox={'x': 1126, 'y': 70, 'width': 6, 'height': 3}
2026-08-15 15:02:53,025 INFO IMEI1 TOKENS: included token='751054' bbox={'x': 1140, 'y': 62, 'width': 55, 'height': 17}
2026-08-15 15:02:53,025 INFO IMEI1 TOKENS: included token='-' bbox={'x': 1201, 'y': 70, 'width': 8, 'height': 3}
2026-08-15 15:02:53,025 INFO IMEI1 TOKENS: included token='6' bbox={'x': 1216, 'y': 62, 'width': 8, 'height': 16}
2026-08-15 15:02:53,025 INFO IMEI1 TOKENS: included token='@S!$' bbox={'x': 34, 'y': 103, 'width': 57, 'height': 22}
2026-08-15 15:02:53,025 INFO IMEI1 TOKENS: included token='-' bbox={'x': 98, 'y': 113, 'width': 6, 'height': 3}
2026-08-15 15:02:53,025 INFO IMEI1 TOKENS: included token='#1-521315-9' bbox={'x': 112, 'y': 105, 'width': 114, 'height': 16}
2026-08-15 15:02:53,026 INFO IMEI1 TOKENS: included token='TurboCall' bbox={'x': 256, 'y': 105, 'width': 82, 'height': 16}
2026-08-15 15:02:53,026 INFO IMEI1 TOKENS: included token='MasterCardPremium' bbox={'x': 373, 'y': 105, 'width': 176, 'height': 16}
2026-08-15 15:02:53,026 INFO IMEI1 TOKENS: included token='Gold' bbox={'x': 556, 'y': 106, 'width': 35, 'height': 16}
2026-08-15 15:02:53,026 INFO IMEI1 TOKENS: included token='£580' bbox={'x': 632, 'y': 105, 'width': 39, 'height': 16}
2026-08-15 15:02:53,026 INFO IMEI1 TOKENS: included token='06/07/2020' bbox={'x': 718, 'y': 103, 'width': 89, 'height': 20}
2026-08-15 15:02:53,026 INFO IMEI1 TOKENS: included token='06/01/2022' bbox={'x': 850, 'y': 103, 'width': 86, 'height': 20}
2026-08-15 15:02:53,026 INFO IMEI1 NUMERIC PASS: Variant=4x_otsu PSM=6 Whitelist=False Raw='England Vodafone Tango - 4616541 VfoneB4YT!@##&T3 JiVawB150239190I089 GSM Siemens MC60 473871 - 33 - 751054 - 6 @S!$ - #1-521315-9 TurboCall MasterCardPremium Gold £580 06/07/2020 06/01/2022' Candidate='46165414315023919008960473871337510546152131595800607202006012022' Valid=False Conf=67.4
2026-08-15 15:02:53,264 INFO IMEI1 TOKENS: included token='-4616541441381502391901089360' bbox={'x': 30, 'y': 62, 'width': 950, 'height': 20}
2026-08-15 15:02:53,265 INFO IMEI1 TOKENS: included token='473871-33-751054-6' bbox={'x': 1027, 'y': 62, 'width': 197, 'height': 17}
2026-08-15 15:02:53,265 INFO IMEI1 TOKENS: included token='5-1-521315-9580' bbox={'x': 34, 'y': 103, 'width': 636, 'height': 22}
2026-08-15 15:02:53,265 INFO IMEI1 TOKENS: included token='0607202006012022' bbox={'x': 718, 'y': 103, 'width': 218, 'height': 20}
2026-08-15 15:02:53,265 INFO IMEI1 NUMERIC PASS: Variant=4x_otsu PSM=6 Whitelist=True Raw='-4616541441381502391901089360 473871-33-751054-6 5-1-521315-9580 0607202006012022' Candidate='46165414413815023919010893604738713375105465152131595800607202006012022' Valid=False Conf=0.0
2026-08-15 15:02:53,454 INFO IMEI1 TOKENS: excluded model token='Te' bbox={'x': 30, 'y': 62, 'width': 57, 'height': 63}
2026-08-15 15:02:53,455 INFO IMEI1 TOKENS: excluded model token='a' bbox={'x': 134, 'y': 62, 'width': 65, 'height': 59}
2026-08-15 15:02:53,455 INFO IMEI1 TOKENS: excluded model token='Ne' bbox={'x': 253, 'y': 62, 'width': 87, 'height': 59}
2026-08-15 15:02:53,455 INFO IMEI1 TOKENS: excluded model token='rk' bbox={'x': 466, 'y': 62, 'width': 136, 'height': 60}
2026-08-15 15:02:53,455 INFO IMEI1 TOKENS: excluded model token='aa' bbox={'x': 637, 'y': 62, 'width': 42, 'height': 60}
2026-08-15 15:02:53,455 INFO IMEI1 TOKENS: excluded model token='nettig' bbox={'x': 714, 'y': 62, 'width': 95, 'height': 62}
2026-08-15 15:02:53,455 INFO IMEI1 TOKENS: excluded model token='tae' bbox={'x': 838, 'y': 62, 'width': 65, 'height': 62}
2026-08-15 15:02:53,455 INFO IMEI1 TOKENS: excluded model token='N' bbox={'x': 939, 'y': 62, 'width': 30, 'height': 60}
2026-08-15 15:02:53,455 INFO IMEI1 TOKENS: excluded model token='ENE' bbox={'x': 1022, 'y': 62, 'width': 96, 'height': 17}
2026-08-15 15:02:53,455 INFO IMEI1 TOKENS: excluded model token='MES' bbox={'x': 1146, 'y': 62, 'width': 78, 'height': 17}
2026-08-15 15:02:53,455 INFO IMEI1 NUMERIC PASS: Variant=4x_otsu PSM=13 Whitelist=False Raw='Te a Ne rk aa nettig tae N ENE MES' Candidate='' Valid=False Conf=14.3
2026-08-15 15:02:53,645 INFO IMEI1 NUMERIC PASS: Variant=4x_otsu PSM=13 Whitelist=True Raw='' Candidate='' Valid=False Conf=0.0
2026-08-15 15:02:53,788 INFO IMEI1 NUMERIC PASS: Variant=3x_adaptive PSM=7 Whitelist=False Raw='' Candidate='' Valid=False Conf=0.0
2026-08-15 15:02:53,932 INFO IMEI1 NUMERIC PASS: Variant=3x_adaptive PSM=7 Whitelist=True Raw='' Candidate='' Valid=False Conf=0.0
2026-08-15 15:02:54,156 INFO IMEI1 TOKENS: excluded model token='Te' bbox={'x': 30, 'y': 62, 'width': 54, 'height': 63}
2026-08-15 15:02:54,157 INFO IMEI1 TOKENS: excluded model token='ee' bbox={'x': 134, 'y': 62, 'width': 190, 'height': 60}
2026-08-15 15:02:54,157 INFO IMEI1 TOKENS: excluded model token='nd' bbox={'x': 466, 'y': 62, 'width': 136, 'height': 59}
2026-08-15 15:02:54,157 INFO IMEI1 TOKENS: excluded model token='nang' bbox={'x': 631, 'y': 62, 'width': 49, 'height': 59}
2026-08-15 15:02:54,157 INFO IMEI1 TOKENS: excluded model token='netig' bbox={'x': 714, 'y': 62, 'width': 95, 'height': 62}
2026-08-15 15:02:54,157 INFO IMEI1 TOKENS: excluded model token='Tae' bbox={'x': 838, 'y': 62, 'width': 107, 'height': 62}
2026-08-15 15:02:54,157 INFO IMEI1 TOKENS: excluded model token='EEE' bbox={'x': 1034, 'y': 62, 'width': 190, 'height': 17}
2026-08-15 15:02:54,157 INFO IMEI1 NUMERIC PASS: Variant=3x_adaptive PSM=8 Whitelist=False Raw='Te ee nd nang netig Tae EEE' Candidate='' Valid=False Conf=16.2
2026-08-15 15:02:54,348 INFO IMEI1 NUMERIC PASS: Variant=3x_adaptive PSM=8 Whitelist=True Raw='' Candidate='' Valid=False Conf=0.0
2026-08-15 15:02:54,591 INFO IMEI1 TOKENS: excluded model token='England' bbox={'x': 30, 'y': 62, 'width': 63, 'height': 20}
2026-08-15 15:02:54,591 INFO IMEI1 TOKENS: excluded model token='Vodafone' bbox={'x': 129, 'y': 62, 'width': 73, 'height': 17}
2026-08-15 15:02:54,591 INFO IMEI1 TOKENS: excluded model token='Tango' bbox={'x': 228, 'y': 62, 'width': 47, 'height': 20}
2026-08-15 15:02:54,591 INFO IMEI1 TOKENS: included token='-' bbox={'x': 282, 'y': 71, 'width': 7, 'height': 3}
2026-08-15 15:02:54,591 INFO IMEI1 TOKENS: included token='4616541' bbox={'x': 296, 'y': 62, 'width': 60, 'height': 17}
2026-08-15 15:02:54,591 INFO IMEI1 TOKENS: included token='VfoneB4YT!@##&T3' bbox={'x': 396, 'y': 62, 'width': 165, 'height': 20}
2026-08-15 15:02:54,591 INFO IMEI1 TOKENS: included token='JiVawBi50239130I089' bbox={'x': 596, 'y': 62, 'width': 175, 'height': 17}
2026-08-15 15:02:54,591 INFO IMEI1 TOKENS: included token='GSM' bbox={'x': 793, 'y': 62, 'width': 33, 'height': 17}
2026-08-15 15:02:54,591 INFO IMEI1 TOKENS: included token='Siemens' bbox={'x': 863, 'y': 62, 'width': 68, 'height': 17}
2026-08-15 15:02:54,591 INFO IMEI1 TOKENS: included token='MCé60' bbox={'x': 938, 'y': 62, 'width': 42, 'height': 17}
2026-08-15 15:02:54,591 INFO IMEI1 TOKENS: included token='473871' bbox={'x': 1027, 'y': 62, 'width': 54, 'height': 17}
2026-08-15 15:02:54,591 INFO IMEI1 TOKENS: included token='-' bbox={'x': 1087, 'y': 71, 'width': 7, 'height': 3}
2026-08-15 15:02:54,591 INFO IMEI1 TOKENS: included token='33' bbox={'x': 1101, 'y': 62, 'width': 18, 'height': 17}
2026-08-15 15:02:54,591 INFO IMEI1 TOKENS: included token='-' bbox={'x': 1126, 'y': 71, 'width': 7, 'height': 3}
2026-08-15 15:02:54,591 INFO IMEI1 TOKENS: included token='751054' bbox={'x': 1140, 'y': 62, 'width': 55, 'height': 17}
2026-08-15 15:02:54,591 INFO IMEI1 TOKENS: included token='-' bbox={'x': 1201, 'y': 71, 'width': 8, 'height': 3}
2026-08-15 15:02:54,591 INFO IMEI1 TOKENS: included token='6' bbox={'x': 1216, 'y': 62, 'width': 8, 'height': 16}
2026-08-15 15:02:54,591 INFO IMEI1 TOKENS: included token='7' bbox={'x': 34, 'y': 104, 'width': 13, 'height': 17}
2026-08-15 15:02:54,591 INFO IMEI1 TOKENS: included token='@5!$' bbox={'x': 50, 'y': 103, 'width': 41, 'height': 22}
2026-08-15 15:02:54,591 INFO IMEI1 TOKENS: included token='-' bbox={'x': 98, 'y': 113, 'width': 7, 'height': 3}
2026-08-15 15:02:54,592 INFO IMEI1 TOKENS: included token='#1-521315-%' bbox={'x': 112, 'y': 105, 'width': 114, 'height': 16}
2026-08-15 15:02:54,592 INFO IMEI1 TOKENS: included token='TurboCall' bbox={'x': 255, 'y': 105, 'width': 82, 'height': 16}
2026-08-15 15:02:54,592 INFO IMEI1 TOKENS: included token='MasterCardPremium' bbox={'x': 373, 'y': 105, 'width': 175, 'height': 16}
2026-08-15 15:02:54,592 INFO IMEI1 TOKENS: included token='Gold' bbox={'x': 556, 'y': 106, 'width': 35, 'height': 15}
2026-08-15 15:02:54,592 INFO IMEI1 TOKENS: included token='€580' bbox={'x': 632, 'y': 105, 'width': 39, 'height': 16}
2026-08-15 15:02:54,592 INFO IMEI1 TOKENS: included token='06/07/2020' bbox={'x': 718, 'y': 103, 'width': 89, 'height': 20}
2026-08-15 15:02:54,592 INFO IMEI1 TOKENS: included token='06/01/2022' bbox={'x': 849, 'y': 103, 'width': 87, 'height': 20}
2026-08-15 15:02:54,592 INFO IMEI1 NUMERIC PASS: Variant=3x_adaptive PSM=6 Whitelist=False Raw='England Vodafone Tango - 4616541 VfoneB4YT!@##&T3 JiVawBi50239130I089 GSM Siemens MCé60 473871 - 33 - 751054 - 6 7 @5!$ - #1-521315-% TurboCall MasterCardPremium Gold €580 06/07/2020 06/01/2022' Candidate='46165414350239130089604738713375105467515213155800607202006012022' Valid=False Conf=67.7
2026-08-15 15:02:54,826 INFO IMEI1 TOKENS: included token='-461654144838502391301089060' bbox={'x': 30, 'y': 62, 'width': 950, 'height': 20}
2026-08-15 15:02:54,827 INFO IMEI1 TOKENS: included token='473871-33-751054-6' bbox={'x': 1027, 'y': 62, 'width': 197, 'height': 17}
2026-08-15 15:02:54,827 INFO IMEI1 TOKENS: included token='75-1-521315-9580' bbox={'x': 34, 'y': 103, 'width': 637, 'height': 22}
2026-08-15 15:02:54,827 INFO IMEI1 TOKENS: included token='06072020' bbox={'x': 718, 'y': 103, 'width': 89, 'height': 20}
2026-08-15 15:02:54,827 INFO IMEI1 TOKENS: included token='06012022' bbox={'x': 849, 'y': 103, 'width': 87, 'height': 20}
2026-08-15 15:02:54,827 INFO IMEI1 NUMERIC PASS: Variant=3x_adaptive PSM=6 Whitelist=True Raw='-461654144838502391301089060 473871-33-751054-6 75-1-521315-9580 06072020 06012022' Candidate='46165414483850239130108906047387133751054675152131595800607202006012022' Valid=False Conf=0.0
2026-08-15 15:02:55,016 INFO IMEI1 TOKENS: excluded model token='Te' bbox={'x': 30, 'y': 62, 'width': 57, 'height': 63}
2026-08-15 15:02:55,016 INFO IMEI1 TOKENS: excluded model token='ee' bbox={'x': 134, 'y': 62, 'width': 190, 'height': 59}
2026-08-15 15:02:55,016 INFO IMEI1 TOKENS: excluded model token='nd' bbox={'x': 466, 'y': 62, 'width': 136, 'height': 59}
2026-08-15 15:02:55,016 INFO IMEI1 TOKENS: excluded model token='nang' bbox={'x': 631, 'y': 62, 'width': 49, 'height': 59}
2026-08-15 15:02:55,016 INFO IMEI1 TOKENS: excluded model token='netig' bbox={'x': 714, 'y': 62, 'width': 95, 'height': 62}
2026-08-15 15:02:55,016 INFO IMEI1 TOKENS: excluded model token='Tae' bbox={'x': 838, 'y': 62, 'width': 107, 'height': 62}
2026-08-15 15:02:55,016 INFO IMEI1 TOKENS: excluded model token='EEE' bbox={'x': 1034, 'y': 62, 'width': 190, 'height': 17}
2026-08-15 15:02:55,016 INFO IMEI1 NUMERIC PASS: Variant=3x_adaptive PSM=13 Whitelist=False Raw='Te ee nd nang netig Tae EEE' Candidate='' Valid=False Conf=16.2
2026-08-15 15:02:55,208 INFO IMEI1 NUMERIC PASS: Variant=3x_adaptive PSM=13 Whitelist=True Raw='' Candidate='' Valid=False Conf=0.0
2026-08-15 15:02:55,208 WARNING IMEI1 CONSENSUS: ValidCandidates=0 Decision=NO_SAFE_CORRECTION
2026-08-15 15:02:55,209 WARNING TARGETED OCR FAILED: Record=1 Field=IMEI 1 Decision=NO_SAFE_CORRECTION Reason=INVALID_IMEI1
2026-08-15 15:02:55,209 INFO TARGETED OCR START: Record=1 Field=Plan Type Region={'x': 256, 'y': 105, 'width': 82, 'height': 16}
2026-08-15 15:02:55,338 INFO TARGETED OCR: Field=Plan Type Region={'x': 256, 'y': 105, 'width': 82, 'height': 16} Variant=3x_contrast PSM=7 Whitelist=False Result='Turbo Call' Candidate='Turbo Call' Valid=True Conf=95.5
2026-08-15 15:02:55,457 INFO TARGETED OCR: Field=Plan Type Region={'x': 256, 'y': 105, 'width': 82, 'height': 16} Variant=3x_contrast PSM=8 Whitelist=False Result='Turbo Call' Candidate='Turbo Call' Valid=True Conf=92.0
2026-08-15 15:02:55,569 INFO TARGETED OCR: Field=Plan Type Region={'x': 256, 'y': 105, 'width': 82, 'height': 16} Variant=3x_contrast PSM=6 Whitelist=False Result='Turbo Call' Candidate='Turbo Call' Valid=True Conf=95.5
2026-08-15 15:02:55,678 INFO TARGETED OCR: Field=Plan Type Region={'x': 256, 'y': 105, 'width': 82, 'height': 16} Variant=3x_contrast PSM=13 Whitelist=False Result='Turbo Call' Candidate='Turbo Call' Valid=True Conf=92.0
2026-08-15 15:02:55,828 INFO TARGETED OCR: Field=Plan Type Region={'x': 256, 'y': 105, 'width': 82, 'height': 16} Variant=4x_contrast PSM=7 Whitelist=False Result='Turbo Call' Candidate='Turbo Call' Valid=True Conf=96.0
2026-08-15 15:02:55,944 INFO TARGETED OCR: Field=Plan Type Region={'x': 256, 'y': 105, 'width': 82, 'height': 16} Variant=4x_contrast PSM=8 Whitelist=False Result='Turbo Call' Candidate='Turbo Call' Valid=True Conf=92.5
2026-08-15 15:02:56,056 INFO TARGETED OCR: Field=Plan Type Region={'x': 256, 'y': 105, 'width': 82, 'height': 16} Variant=4x_contrast PSM=6 Whitelist=False Result='Turbo Call' Candidate='Turbo Call' Valid=True Conf=96.0
2026-08-15 15:02:56,164 INFO TARGETED OCR: Field=Plan Type Region={'x': 256, 'y': 105, 'width': 82, 'height': 16} Variant=4x_contrast PSM=13 Whitelist=False Result='Turbo Call' Candidate='Turbo Call' Valid=True Conf=92.5
2026-08-15 15:02:56,285 INFO TARGETED OCR: Field=Plan Type Region={'x': 256, 'y': 105, 'width': 82, 'height': 16} Variant=4x_otsu PSM=7 Whitelist=False Result='Turbo Call' Candidate='Turbo Call' Valid=True Conf=96.0
2026-08-15 15:02:56,400 INFO TARGETED OCR: Field=Plan Type Region={'x': 256, 'y': 105, 'width': 82, 'height': 16} Variant=4x_otsu PSM=8 Whitelist=False Result='Turbo Call' Candidate='Turbo Call' Valid=True Conf=91.5
2026-08-15 15:02:56,511 INFO TARGETED OCR: Field=Plan Type Region={'x': 256, 'y': 105, 'width': 82, 'height': 16} Variant=4x_otsu PSM=6 Whitelist=False Result='Turbo Call' Candidate='Turbo Call' Valid=True Conf=96.0
2026-08-15 15:02:56,621 INFO TARGETED OCR: Field=Plan Type Region={'x': 256, 'y': 105, 'width': 82, 'height': 16} Variant=4x_otsu PSM=13 Whitelist=False Result='Turbo Call' Candidate='Turbo Call' Valid=True Conf=91.5
2026-08-15 15:02:56,750 INFO TARGETED OCR: Field=Plan Type Region={'x': 256, 'y': 105, 'width': 82, 'height': 16} Variant=3x_adaptive PSM=7 Whitelist=False Result='Turbo Call' Candidate='Turbo Call' Valid=True Conf=95.5
2026-08-15 15:02:56,870 INFO TARGETED OCR: Field=Plan Type Region={'x': 256, 'y': 105, 'width': 82, 'height': 16} Variant=3x_adaptive PSM=8 Whitelist=False Result='Turbo Call' Candidate='Turbo Call' Valid=True Conf=92.0
2026-08-15 15:02:56,983 INFO TARGETED OCR: Field=Plan Type Region={'x': 256, 'y': 105, 'width': 82, 'height': 16} Variant=3x_adaptive PSM=6 Whitelist=False Result='Turbo Call' Candidate='Turbo Call' Valid=True Conf=95.5
2026-08-15 15:02:57,094 INFO TARGETED OCR: Field=Plan Type Region={'x': 256, 'y': 105, 'width': 82, 'height': 16} Variant=3x_adaptive PSM=13 Whitelist=False Result='Turbo Call' Candidate='Turbo Call' Valid=True Conf=92.0
2026-08-15 15:02:57,094 INFO TARGETED OCR ACCEPTED: Record=1 Field=Plan Type Value='Turbo Call' Conf=93.9 Decision=ACCEPTED_CONSENSUS
2026-08-15 15:02:57,095 WARNING RECORD 1 FIELD IMEI 1 | raw='473871 - 33 - 751054 - 6 7' normalized='473871 - 33 - 751054 - 6 7' confidence=91.86 validation=REVIEW reasons=INVALID_IMEI1 targeted={'attempted': True, 'decision': 'NO_SAFE_CORRECTION', 'reason': 'INVALID_IMEI1', 'detail': 'No confident 15-digit candidate produced from IMEI 1 region', 'runs': [{'variant': '3x_contrast', 'psm': 7, 'whitelist': False, 'raw_text': '', 'cleaned': '', 'confidence': 0.0, 'is_valid': False}, {'variant': '3x_contrast', 'psm': 7, 'whitelist': True, 'raw_text': '', 'cleaned': '', 'confidence': 0.0, 'is_valid': False}, {'variant': '3x_contrast', 'psm': 8, 'whitelist': False, 'raw_text': 'Tee eg nc eek. nan natin TaN EME', 'cleaned': '', 'confidence': 9.5, 'is_valid': False}, {'variant': '3x_contrast', 'psm': 8, 'whitelist': True, 'raw_text': '', 'cleaned': '', 'confidence': 0.0, 'is_valid': False}, {'variant': '3x_contrast', 'psm': 6, 'whitelist': False, 'raw_text': 'England Vodafone Tango - 4616541 VfoneB4YT!@##&T3 JiVawBl50239190I089 GSM Siemens MC60 473871 - 33 - 751054 - 6 7 @SiS - #1-521315-9 TurboCall MasterCardPremium Gold €580 06/07/2020 06/01/2022', 'cleaned': '46165414350239190089604738713375105467152131595800607202006012022', 'confidence': 69.78, 'is_valid': False}, {'variant': '3x_contrast', 'psm': 6, 'whitelist': True, 'raw_text': '0-46165414413502391901089060 473871-33-751054-6 75-1-521315-9580 0607202006012022', 'cleaned': '04616541441350239190108906047387133751054675152131595800607202006012022', 'confidence': 0.0, 'is_valid': False}, {'variant': '3x_contrast', 'psm': 13, 'whitelist': False, 'raw_text': 'Tee eg nc eek. nan natin TaN EME', 'cleaned': '', 'confidence': 9.5, 'is_valid': False}, {'variant': '3x_contrast', 'psm': 13, 'whitelist': True, 'raw_text': '', 'cleaned': '', 'confidence': 0.0, 'is_valid': False}, {'variant': '4x_contrast', 'psm': 7, 'whitelist': False, 'raw_text': '', 'cleaned': '', 'confidence': 0.0, 'is_valid': False}, {'variant': '4x_contrast', 'psm': 7, 'whitelist': True, 'raw_text': '', 'cleaned': '', 'confidence': 0.0, 'is_valid': False}, {'variant': '4x_contrast', 'psm': 8, 'whitelist': False, 'raw_text': 'Te ee nc eek nan nettig tae NN ENE MES', 'cleaned': '', 'confidence': 12.67, 'is_valid': False}, {'variant': '4x_contrast', 'psm': 8, 'whitelist': True, 'raw_text': '', 'cleaned': '', 'confidence': 0.0, 'is_valid': False}, {'variant': '4x_contrast', 'psm': 6, 'whitelist': False, 'raw_text': 'England Vodafone Tango - 4616541 VfoneB4YT!@##&T3 JiVawBl50239190I089 GSM Siemens MC60 473871 - 33 - 751054 - 6 7@sis - #!-521315-9 TurboCall Master Card Premium Gold E580 06/07/2020 06/01/2022', 'cleaned': '4616541435023919008960473871337510546752131595800607202006012022', 'confidence': 77.11, 'is_valid': False}, {'variant': '4x_contrast', 'psm': 6, 'whitelist': True, 'raw_text': '-46165414438150239190089060 473871-33-751054-6 7-1-521315-9 580 06072020 06012022', 'cleaned': '461654144381502391900890604738713375105467152131595800607202006012022', 'confidence': 0.0, 'is_valid': False}, {'variant': '4x_contrast', 'psm': 13, 'whitelist': False, 'raw_text': 'Te ee nc eek nan nettig tae NN ENE MES', 'cleaned': '', 'confidence': 12.67, 'is_valid': False}, {'variant': '4x_contrast', 'psm': 13, 'whitelist': True, 'raw_text': '', 'cleaned': '', 'confidence': 0.0, 'is_valid': False}, {'variant': '4x_otsu', 'psm': 7, 'whitelist': False, 'raw_text': '', 'cleaned': '', 'confidence': 0.0, 'is_valid': False}, {'variant': '4x_otsu', 'psm': 7, 'whitelist': True, 'raw_text': '', 'cleaned': '', 'confidence': 0.0, 'is_valid': False}, {'variant': '4x_otsu', 'psm': 8, 'whitelist': False, 'raw_text': 'Te a Ne rk aa nettig tae N ENE MES', 'cleaned': '', 'confidence': 14.33, 'is_valid': False}, {'variant': '4x_otsu', 'psm': 8, 'whitelist': True, 'raw_text': '', 'cleaned': '', 'confidence': 0.0, 'is_valid': False}, {'variant': '4x_otsu', 'psm': 6, 'whitelist': False, 'raw_text': 'England Vodafone Tango - 4616541 VfoneB4YT!@##&T3 JiVawB150239190I089 GSM Siemens MC60 473871 - 33 - 751054 - 6 @S!$ - #1-521315-9 TurboCall MasterCardPremium Gold £580 06/07/2020 06/01/2022', 'cleaned': '46165414315023919008960473871337510546152131595800607202006012022', 'confidence': 67.38, 'is_valid': False}, {'variant': '4x_otsu', 'psm': 6, 'whitelist': True, 'raw_text': '-4616541441381502391901089360 473871-33-751054-6 5-1-521315-9580 0607202006012022', 'cleaned': '46165414413815023919010893604738713375105465152131595800607202006012022', 'confidence': 0.0, 'is_valid': False}, {'variant': '4x_otsu', 'psm': 13, 'whitelist': False, 'raw_text': 'Te a Ne rk aa nettig tae N ENE MES', 'cleaned': '', 'confidence': 14.33, 'is_valid': False}, {'variant': '4x_otsu', 'psm': 13, 'whitelist': True, 'raw_text': '', 'cleaned': '', 'confidence': 0.0, 'is_valid': False}, {'variant': '3x_adaptive', 'psm': 7, 'whitelist': False, 'raw_text': '', 'cleaned': '', 'confidence': 0.0, 'is_valid': False}, {'variant': '3x_adaptive', 'psm': 7, 'whitelist': True, 'raw_text': '', 'cleaned': '', 'confidence': 0.0, 'is_valid': False}, {'variant': '3x_adaptive', 'psm': 8, 'whitelist': False, 'raw_text': 'Te ee nd nang netig Tae EEE', 'cleaned': '', 'confidence': 16.25, 'is_valid': False}, {'variant': '3x_adaptive', 'psm': 8, 'whitelist': True, 'raw_text': '', 'cleaned': '', 'confidence': 0.0, 'is_valid': False}, {'variant': '3x_adaptive', 'psm': 6, 'whitelist': False, 'raw_text': 'England Vodafone Tango - 4616541 VfoneB4YT!@##&T3 JiVawBi50239130I089 GSM Siemens MCé60 473871 - 33 - 751054 - 6 7 @5!$ - #1-521315-% TurboCall MasterCardPremium Gold €580 06/07/2020 06/01/2022', 'cleaned': '46165414350239130089604738713375105467515213155800607202006012022', 'confidence': 67.67, 'is_valid': False}, {'variant': '3x_adaptive', 'psm': 6, 'whitelist': True, 'raw_text': '-461654144838502391301089060 473871-33-751054-6 75-1-521315-9580 06072020 06012022', 'cleaned': '46165414483850239130108906047387133751054675152131595800607202006012022', 'confidence': 0.0, 'is_valid': False}, {'variant': '3x_adaptive', 'psm': 13, 'whitelist': False, 'raw_text': 'Te ee nd nang netig Tae EEE', 'cleaned': '', 'confidence': 16.25, 'is_valid': False}, {'variant': '3x_adaptive', 'psm': 13, 'whitelist': True, 'raw_text': '', 'cleaned': '', 'confidence': 0.0, 'is_valid': False}]}
2026-08-15 15:02:57,096 WARNING RECORD 1 FIELD Contact | raw='' normalized='' confidence=0.0 validation=REVIEW reasons=MISSING_REQUIRED_FIELD,FIELD_REGION_NOT_LOCATED targeted={'attempted': False, 'decision': 'FIELD_REGION_NOT_LOCATED'}
2026-08-15 15:02:57,096 WARNING RECORD 1 FIELD Installments | raw='' normalized='' confidence=0.0 validation=REVIEW reasons=MISSING_REQUIRED_FIELD,INVALID_INSTALLMENTS,FIELD_REGION_NOT_LOCATED targeted={'attempted': False, 'decision': 'FIELD_REGION_NOT_LOCATED'}
2026-08-15 15:02:57,096 WARNING RECORD 1 FIELD Amount in Words | raw='' normalized='' confidence=0.0 validation=REVIEW reasons=MISSING_REQUIRED_FIELD,EMPTY_AMOUNT_WORDS,FIELD_REGION_NOT_LOCATED targeted={'attempted': False, 'decision': 'FIELD_REGION_NOT_LOCATED'}
2026-08-15 15:02:57,096 WARNING RECORD 1 STATUS: REVIEW_REQUIRED
2026-08-15 15:02:57,163 INFO FIELD REGION: Record=2 Field=Card Type Label='Card' Label bbox={'x': 722, 'y': 321, 'width': 37, 'height': 15} Value region={'x': 766, 'y': 319, 'width': 401, 'height': 21} Region confidence=0.95
2026-08-15 15:02:57,164 INFO FIELD OWNERSHIP: Record=2 Field=Mobile Model Tokens='Nokia 6610'
2026-08-15 15:02:57,164 INFO FIELD OWNERSHIP: Record=2 Field=IMEI 1 Tokens='316803 - 51-554797-8'
2026-08-15 15:02:57,164 INFO TARGETED OCR START: Record=2 Field=Father Name Region={'x': 457, 'y': 235, 'width': 87, 'height': 15}
2026-08-15 15:02:57,302 INFO TARGETED OCR: Field=Father Name Region={'x': 457, 'y': 235, 'width': 87, 'height': 15} Variant=3x_contrast PSM=7 Whitelist=False Result='Ellen Neita' Candidate='Ellen Neita' Valid=True Conf=92.0
2026-08-15 15:02:57,413 INFO TARGETED OCR: Field=Father Name Region={'x': 457, 'y': 235, 'width': 87, 'height': 15} Variant=3x_contrast PSM=7 Whitelist=True Result='EllenNeita' Candidate='EllenNeita' Valid=True Conf=0.0
2026-08-15 15:02:57,524 INFO TARGETED OCR: Field=Father Name Region={'x': 457, 'y': 235, 'width': 87, 'height': 15} Variant=3x_contrast PSM=8 Whitelist=False Result='Ellen Neita.' Candidate='Ellen Neita' Valid=True Conf=52.0
2026-08-15 15:02:57,638 INFO TARGETED OCR: Field=Father Name Region={'x': 457, 'y': 235, 'width': 87, 'height': 15} Variant=3x_contrast PSM=8 Whitelist=True Result='EllenNeita.' Candidate='EllenNeita' Valid=True Conf=0.0
2026-08-15 15:02:57,748 INFO TARGETED OCR: Field=Father Name Region={'x': 457, 'y': 235, 'width': 87, 'height': 15} Variant=3x_contrast PSM=6 Whitelist=False Result='Ellen Neita' Candidate='Ellen Neita' Valid=True Conf=92.0
2026-08-15 15:02:57,859 INFO TARGETED OCR: Field=Father Name Region={'x': 457, 'y': 235, 'width': 87, 'height': 15} Variant=3x_contrast PSM=6 Whitelist=True Result='EllenNeita' Candidate='EllenNeita' Valid=True Conf=0.0
2026-08-15 15:02:57,969 INFO TARGETED OCR: Field=Father Name Region={'x': 457, 'y': 235, 'width': 87, 'height': 15} Variant=3x_contrast PSM=13 Whitelist=False Result='Ellen Neita.' Candidate='Ellen Neita' Valid=True Conf=52.0
2026-08-15 15:02:58,081 INFO TARGETED OCR: Field=Father Name Region={'x': 457, 'y': 235, 'width': 87, 'height': 15} Variant=3x_contrast PSM=13 Whitelist=True Result='EllenNeita.' Candidate='EllenNeita' Valid=True Conf=0.0
2026-08-15 15:02:58,213 INFO TARGETED OCR: Field=Father Name Region={'x': 457, 'y': 235, 'width': 87, 'height': 15} Variant=4x_contrast PSM=7 Whitelist=False Result='Ellen Neita' Candidate='Ellen Neita' Valid=True Conf=92.5
2026-08-15 15:02:58,328 INFO TARGETED OCR: Field=Father Name Region={'x': 457, 'y': 235, 'width': 87, 'height': 15} Variant=4x_contrast PSM=7 Whitelist=True Result='EllenNeita' Candidate='EllenNeita' Valid=True Conf=0.0
2026-08-15 15:02:58,455 INFO TARGETED OCR: Field=Father Name Region={'x': 457, 'y': 235, 'width': 87, 'height': 15} Variant=4x_contrast PSM=8 Whitelist=False Result='Ellen Neita.' Candidate='Ellen Neita' Valid=True Conf=50.0
2026-08-15 15:02:58,566 INFO TARGETED OCR: Field=Father Name Region={'x': 457, 'y': 235, 'width': 87, 'height': 15} Variant=4x_contrast PSM=8 Whitelist=True Result='EllenNeita.' Candidate='EllenNeita' Valid=True Conf=0.0
2026-08-15 15:02:58,680 INFO TARGETED OCR: Field=Father Name Region={'x': 457, 'y': 235, 'width': 87, 'height': 15} Variant=4x_contrast PSM=6 Whitelist=False Result='Ellen Neita' Candidate='Ellen Neita' Valid=True Conf=92.5
2026-08-15 15:02:58,793 INFO TARGETED OCR: Field=Father Name Region={'x': 457, 'y': 235, 'width': 87, 'height': 15} Variant=4x_contrast PSM=6 Whitelist=True Result='EllenNeita' Candidate='EllenNeita' Valid=True Conf=0.0
2026-08-15 15:02:58,905 INFO TARGETED OCR: Field=Father Name Region={'x': 457, 'y': 235, 'width': 87, 'height': 15} Variant=4x_contrast PSM=13 Whitelist=False Result='Ellen Neita.' Candidate='Ellen Neita' Valid=True Conf=50.0
2026-08-15 15:02:59,018 INFO TARGETED OCR: Field=Father Name Region={'x': 457, 'y': 235, 'width': 87, 'height': 15} Variant=4x_contrast PSM=13 Whitelist=True Result='EllenNeita.' Candidate='EllenNeita' Valid=True Conf=0.0
2026-08-15 15:02:59,138 INFO TARGETED OCR: Field=Father Name Region={'x': 457, 'y': 235, 'width': 87, 'height': 15} Variant=4x_otsu PSM=7 Whitelist=False Result='Ellen Neita' Candidate='Ellen Neita' Valid=True Conf=92.5
2026-08-15 15:02:59,248 INFO TARGETED OCR: Field=Father Name Region={'x': 457, 'y': 235, 'width': 87, 'height': 15} Variant=4x_otsu PSM=7 Whitelist=True Result='EllenNeita' Candidate='EllenNeita' Valid=True Conf=0.0
2026-08-15 15:02:59,367 INFO TARGETED OCR: Field=Father Name Region={'x': 457, 'y': 235, 'width': 87, 'height': 15} Variant=4x_otsu PSM=8 Whitelist=False Result='Ellen Neita.' Candidate='Ellen Neita' Valid=True Conf=53.0
2026-08-15 15:02:59,481 INFO TARGETED OCR: Field=Father Name Region={'x': 457, 'y': 235, 'width': 87, 'height': 15} Variant=4x_otsu PSM=8 Whitelist=True Result='EllenNeita.' Candidate='EllenNeita' Valid=True Conf=0.0
2026-08-15 15:02:59,600 INFO TARGETED OCR: Field=Father Name Region={'x': 457, 'y': 235, 'width': 87, 'height': 15} Variant=4x_otsu PSM=6 Whitelist=False Result='Ellen Neita' Candidate='Ellen Neita' Valid=True Conf=92.5
2026-08-15 15:02:59,718 INFO TARGETED OCR: Field=Father Name Region={'x': 457, 'y': 235, 'width': 87, 'height': 15} Variant=4x_otsu PSM=6 Whitelist=True Result='EllenNeita' Candidate='EllenNeita' Valid=True Conf=0.0
2026-08-15 15:02:59,847 INFO TARGETED OCR: Field=Father Name Region={'x': 457, 'y': 235, 'width': 87, 'height': 15} Variant=4x_otsu PSM=13 Whitelist=False Result='Ellen Neita.' Candidate='Ellen Neita' Valid=True Conf=53.0
2026-08-15 15:02:59,963 INFO TARGETED OCR: Field=Father Name Region={'x': 457, 'y': 235, 'width': 87, 'height': 15} Variant=4x_otsu PSM=13 Whitelist=True Result='EllenNeita.' Candidate='EllenNeita' Valid=True Conf=0.0
2026-08-15 15:03:00,093 INFO TARGETED OCR: Field=Father Name Region={'x': 457, 'y': 235, 'width': 87, 'height': 15} Variant=3x_adaptive PSM=7 Whitelist=False Result='Ellen Neita' Candidate='Ellen Neita' Valid=True Conf=91.5
2026-08-15 15:03:00,209 INFO TARGETED OCR: Field=Father Name Region={'x': 457, 'y': 235, 'width': 87, 'height': 15} Variant=3x_adaptive PSM=7 Whitelist=True Result='EllenNeita' Candidate='EllenNeita' Valid=True Conf=0.0
2026-08-15 15:03:00,322 INFO TARGETED OCR: Field=Father Name Region={'x': 457, 'y': 235, 'width': 87, 'height': 15} Variant=3x_adaptive PSM=8 Whitelist=False Result='Ellen Neita.' Candidate='Ellen Neita' Valid=True Conf=55.0
2026-08-15 15:03:00,433 INFO TARGETED OCR: Field=Father Name Region={'x': 457, 'y': 235, 'width': 87, 'height': 15} Variant=3x_adaptive PSM=8 Whitelist=True Result='EllenNeita.' Candidate='EllenNeita' Valid=True Conf=0.0
2026-08-15 15:03:00,545 INFO TARGETED OCR: Field=Father Name Region={'x': 457, 'y': 235, 'width': 87, 'height': 15} Variant=3x_adaptive PSM=6 Whitelist=False Result='Ellen Neita' Candidate='Ellen Neita' Valid=True Conf=91.5
2026-08-15 15:03:00,657 INFO TARGETED OCR: Field=Father Name Region={'x': 457, 'y': 235, 'width': 87, 'height': 15} Variant=3x_adaptive PSM=6 Whitelist=True Result='EllenNeita' Candidate='EllenNeita' Valid=True Conf=0.0
2026-08-15 15:03:00,768 INFO TARGETED OCR: Field=Father Name Region={'x': 457, 'y': 235, 'width': 87, 'height': 15} Variant=3x_adaptive PSM=13 Whitelist=False Result='Ellen Neita.' Candidate='Ellen Neita' Valid=True Conf=55.0
2026-08-15 15:03:00,879 INFO TARGETED OCR: Field=Father Name Region={'x': 457, 'y': 235, 'width': 87, 'height': 15} Variant=3x_adaptive PSM=13 Whitelist=True Result='EllenNeita.' Candidate='EllenNeita' Valid=True Conf=0.0
2026-08-15 15:03:00,879 INFO TARGETED OCR ACCEPTED: Record=2 Field=Father Name Value='Ellen Neita' Conf=72.3 Decision=ACCEPTED_CONSENSUS
2026-08-15 15:03:00,880 INFO TARGETED OCR START: Record=2 Field=Profession Region={'x': 782, 'y': 235, 'width': 114, 'height': 19}
2026-08-15 15:03:01,030 INFO TARGETED OCR: Field=Profession Region={'x': 782, 'y': 235, 'width': 114, 'height': 19} Variant=3x_contrast PSM=7 Whitelist=False Result='Self Employed' Candidate='Self Employed' Valid=True Conf=96.0
2026-08-15 15:03:01,159 INFO TARGETED OCR: Field=Profession Region={'x': 782, 'y': 235, 'width': 114, 'height': 19} Variant=3x_contrast PSM=8 Whitelist=False Result='Self Employed' Candidate='Self Employed' Valid=True Conf=96.0
2026-08-15 15:03:01,274 INFO TARGETED OCR: Field=Profession Region={'x': 782, 'y': 235, 'width': 114, 'height': 19} Variant=3x_contrast PSM=6 Whitelist=False Result='Self Employed' Candidate='Self Employed' Valid=True Conf=96.0
2026-08-15 15:03:01,399 INFO TARGETED OCR: Field=Profession Region={'x': 782, 'y': 235, 'width': 114, 'height': 19} Variant=3x_contrast PSM=13 Whitelist=False Result='Self Employed' Candidate='Self Employed' Valid=True Conf=96.0
2026-08-15 15:03:01,522 INFO TARGETED OCR: Field=Profession Region={'x': 782, 'y': 235, 'width': 114, 'height': 19} Variant=4x_contrast PSM=7 Whitelist=False Result='Self Employed' Candidate='Self Employed' Valid=True Conf=95.0
2026-08-15 15:03:01,644 INFO TARGETED OCR: Field=Profession Region={'x': 782, 'y': 235, 'width': 114, 'height': 19} Variant=4x_contrast PSM=8 Whitelist=False Result='Self Employed' Candidate='Self Employed' Valid=True Conf=96.0
2026-08-15 15:03:01,767 INFO TARGETED OCR: Field=Profession Region={'x': 782, 'y': 235, 'width': 114, 'height': 19} Variant=4x_contrast PSM=6 Whitelist=False Result='Self Employed' Candidate='Self Employed' Valid=True Conf=95.0
2026-08-15 15:03:01,887 INFO TARGETED OCR: Field=Profession Region={'x': 782, 'y': 235, 'width': 114, 'height': 19} Variant=4x_contrast PSM=13 Whitelist=False Result='Self Employed' Candidate='Self Employed' Valid=True Conf=96.0
2026-08-15 15:03:02,043 INFO TARGETED OCR: Field=Profession Region={'x': 782, 'y': 235, 'width': 114, 'height': 19} Variant=4x_otsu PSM=7 Whitelist=False Result='self Employed' Candidate='self Employed' Valid=True Conf=58.5
2026-08-15 15:03:02,172 INFO TARGETED OCR: Field=Profession Region={'x': 782, 'y': 235, 'width': 114, 'height': 19} Variant=4x_otsu PSM=8 Whitelist=False Result='Self Employed' Candidate='Self Employed' Valid=True Conf=96.0
2026-08-15 15:03:02,297 INFO TARGETED OCR: Field=Profession Region={'x': 782, 'y': 235, 'width': 114, 'height': 19} Variant=4x_otsu PSM=6 Whitelist=False Result='self Employed' Candidate='self Employed' Valid=True Conf=58.5
2026-08-15 15:03:02,407 INFO TARGETED OCR: Field=Profession Region={'x': 782, 'y': 235, 'width': 114, 'height': 19} Variant=4x_otsu PSM=13 Whitelist=False Result='Self Employed' Candidate='Self Employed' Valid=True Conf=96.0
2026-08-15 15:03:02,534 INFO TARGETED OCR: Field=Profession Region={'x': 782, 'y': 235, 'width': 114, 'height': 19} Variant=3x_adaptive PSM=7 Whitelist=False Result='self Employed' Candidate='self Employed' Valid=True Conf=73.0
2026-08-15 15:03:02,648 INFO TARGETED OCR: Field=Profession Region={'x': 782, 'y': 235, 'width': 114, 'height': 19} Variant=3x_adaptive PSM=8 Whitelist=False Result='Self Employed' Candidate='Self Employed' Valid=True Conf=96.0
2026-08-15 15:03:02,759 INFO TARGETED OCR: Field=Profession Region={'x': 782, 'y': 235, 'width': 114, 'height': 19} Variant=3x_adaptive PSM=6 Whitelist=False Result='self Employed' Candidate='self Employed' Valid=True Conf=73.0
2026-08-15 15:03:02,869 INFO TARGETED OCR: Field=Profession Region={'x': 782, 'y': 235, 'width': 114, 'height': 19} Variant=3x_adaptive PSM=13 Whitelist=False Result='Self Employed' Candidate='Self Employed' Valid=True Conf=96.0
2026-08-15 15:03:02,870 INFO TARGETED OCR ACCEPTED: Record=2 Field=Profession Value='Self Employed' Conf=95.8 Decision=ACCEPTED_CONSENSUS
2026-08-15 15:03:02,870 INFO TARGETED OCR START: Record=2 Field=Mailing Street Region={'x': 933, 'y': 235, 'width': 178, 'height': 18}
2026-08-15 15:03:03,031 INFO TARGETED OCR: Field=Mailing Street Region={'x': 933, 'y': 235, 'width': 178, 'height': 18} Variant=3x_contrast PSM=7 Whitelist=False Result='Coxwold York,North' Candidate='Coxwold York,North' Valid=True Conf=80.5
2026-08-15 15:03:03,148 INFO TARGETED OCR: Field=Mailing Street Region={'x': 933, 'y': 235, 'width': 178, 'height': 18} Variant=3x_contrast PSM=7 Whitelist=True Result='CoxwoldYork,North' Candidate='CoxwoldYork,North' Valid=True Conf=0.0
2026-08-15 15:03:03,264 INFO TARGETED OCR: Field=Mailing Street Region={'x': 933, 'y': 235, 'width': 178, 'height': 18} Variant=3x_contrast PSM=8 Whitelist=False Result='Coxwold = York,North' Candidate='Coxwold = York,North' Valid=True Conf=43.0
2026-08-15 15:03:03,384 INFO TARGETED OCR: Field=Mailing Street Region={'x': 933, 'y': 235, 'width': 178, 'height': 18} Variant=3x_contrast PSM=8 Whitelist=True Result='CoxwoldYork,North' Candidate='CoxwoldYork,North' Valid=True Conf=0.0
2026-08-15 15:03:03,501 INFO TARGETED OCR: Field=Mailing Street Region={'x': 933, 'y': 235, 'width': 178, 'height': 18} Variant=3x_contrast PSM=6 Whitelist=False Result='Coxwold York,North' Candidate='Coxwold York,North' Valid=True Conf=80.5
2026-08-15 15:03:03,618 INFO TARGETED OCR: Field=Mailing Street Region={'x': 933, 'y': 235, 'width': 178, 'height': 18} Variant=3x_contrast PSM=6 Whitelist=True Result='CoxwoldYork,North' Candidate='CoxwoldYork,North' Valid=True Conf=0.0
2026-08-15 15:03:03,730 INFO TARGETED OCR: Field=Mailing Street Region={'x': 933, 'y': 235, 'width': 178, 'height': 18} Variant=3x_contrast PSM=13 Whitelist=False Result='Coxwold = York,North' Candidate='Coxwold = York,North' Valid=True Conf=43.0
2026-08-15 15:03:03,842 INFO TARGETED OCR: Field=Mailing Street Region={'x': 933, 'y': 235, 'width': 178, 'height': 18} Variant=3x_contrast PSM=13 Whitelist=True Result='CoxwoldYork,North' Candidate='CoxwoldYork,North' Valid=True Conf=0.0
2026-08-15 15:03:03,969 INFO TARGETED OCR: Field=Mailing Street Region={'x': 933, 'y': 235, 'width': 178, 'height': 18} Variant=4x_contrast PSM=7 Whitelist=False Result='Coxwold York,North' Candidate='Coxwold York,North' Valid=True Conf=85.0
2026-08-15 15:03:04,112 INFO TARGETED OCR: Field=Mailing Street Region={'x': 933, 'y': 235, 'width': 178, 'height': 18} Variant=4x_contrast PSM=7 Whitelist=True Result='CoxwoldYork,North' Candidate='CoxwoldYork,North' Valid=True Conf=0.0
2026-08-15 15:03:04,242 INFO TARGETED OCR: Field=Mailing Street Region={'x': 933, 'y': 235, 'width': 178, 'height': 18} Variant=4x_contrast PSM=8 Whitelist=False Result='Coxwold York,North' Candidate='Coxwold York,North' Valid=True Conf=0.0
2026-08-15 15:03:04,389 INFO TARGETED OCR: Field=Mailing Street Region={'x': 933, 'y': 235, 'width': 178, 'height': 18} Variant=4x_contrast PSM=8 Whitelist=True Result='CoxwoldYork,North' Candidate='CoxwoldYork,North' Valid=True Conf=0.0
2026-08-15 15:03:04,520 INFO TARGETED OCR: Field=Mailing Street Region={'x': 933, 'y': 235, 'width': 178, 'height': 18} Variant=4x_contrast PSM=6 Whitelist=False Result='Coxwold York,North' Candidate='Coxwold York,North' Valid=True Conf=85.0
2026-08-15 15:03:04,648 INFO TARGETED OCR: Field=Mailing Street Region={'x': 933, 'y': 235, 'width': 178, 'height': 18} Variant=4x_contrast PSM=6 Whitelist=True Result='CoxwoldYork,North' Candidate='CoxwoldYork,North' Valid=True Conf=0.0
2026-08-15 15:03:04,771 INFO TARGETED OCR: Field=Mailing Street Region={'x': 933, 'y': 235, 'width': 178, 'height': 18} Variant=4x_contrast PSM=13 Whitelist=False Result='Coxwold York,North' Candidate='Coxwold York,North' Valid=True Conf=0.0
2026-08-15 15:03:04,891 INFO TARGETED OCR: Field=Mailing Street Region={'x': 933, 'y': 235, 'width': 178, 'height': 18} Variant=4x_contrast PSM=13 Whitelist=True Result='CoxwoldYork,North' Candidate='CoxwoldYork,North' Valid=True Conf=0.0
2026-08-15 15:03:05,025 INFO TARGETED OCR: Field=Mailing Street Region={'x': 933, 'y': 235, 'width': 178, 'height': 18} Variant=4x_otsu PSM=7 Whitelist=False Result='Coxwold York,North' Candidate='Coxwold York,North' Valid=True Conf=76.5
2026-08-15 15:03:05,154 INFO TARGETED OCR: Field=Mailing Street Region={'x': 933, 'y': 235, 'width': 178, 'height': 18} Variant=4x_otsu PSM=7 Whitelist=True Result='CoxwoldYork,North' Candidate='CoxwoldYork,North' Valid=True Conf=0.0
2026-08-15 15:03:05,272 INFO TARGETED OCR: Field=Mailing Street Region={'x': 933, 'y': 235, 'width': 178, 'height': 18} Variant=4x_otsu PSM=8 Whitelist=False Result='Coxwold = York,North' Candidate='Coxwold = York,North' Valid=True Conf=37.7
2026-08-15 15:03:05,392 INFO TARGETED OCR: Field=Mailing Street Region={'x': 933, 'y': 235, 'width': 178, 'height': 18} Variant=4x_otsu PSM=8 Whitelist=True Result='CoxwoldYork,North' Candidate='CoxwoldYork,North' Valid=True Conf=0.0
2026-08-15 15:03:05,514 INFO TARGETED OCR: Field=Mailing Street Region={'x': 933, 'y': 235, 'width': 178, 'height': 18} Variant=4x_otsu PSM=6 Whitelist=False Result='Coxwold York,North' Candidate='Coxwold York,North' Valid=True Conf=76.5
2026-08-15 15:03:05,632 INFO TARGETED OCR: Field=Mailing Street Region={'x': 933, 'y': 235, 'width': 178, 'height': 18} Variant=4x_otsu PSM=6 Whitelist=True Result='CoxwoldYork,North' Candidate='CoxwoldYork,North' Valid=True Conf=0.0
2026-08-15 15:03:05,765 INFO TARGETED OCR: Field=Mailing Street Region={'x': 933, 'y': 235, 'width': 178, 'height': 18} Variant=4x_otsu PSM=13 Whitelist=False Result='Coxwold = York,North' Candidate='Coxwold = York,North' Valid=True Conf=37.7
2026-08-15 15:03:05,880 INFO TARGETED OCR: Field=Mailing Street Region={'x': 933, 'y': 235, 'width': 178, 'height': 18} Variant=4x_otsu PSM=13 Whitelist=True Result='CoxwoldYork,North' Candidate='CoxwoldYork,North' Valid=True Conf=0.0
2026-08-15 15:03:06,020 INFO TARGETED OCR: Field=Mailing Street Region={'x': 933, 'y': 235, 'width': 178, 'height': 18} Variant=3x_adaptive PSM=7 Whitelist=False Result='Coxwold York,North' Candidate='Coxwold York,North' Valid=True Conf=83.5
2026-08-15 15:03:06,148 INFO TARGETED OCR: Field=Mailing Street Region={'x': 933, 'y': 235, 'width': 178, 'height': 18} Variant=3x_adaptive PSM=7 Whitelist=True Result='CoxwoldYork,North' Candidate='CoxwoldYork,North' Valid=True Conf=0.0
2026-08-15 15:03:06,279 INFO TARGETED OCR: Field=Mailing Street Region={'x': 933, 'y': 235, 'width': 178, 'height': 18} Variant=3x_adaptive PSM=8 Whitelist=False Result='Coxwold = York,North’' Candidate='Coxwold = York,North’' Valid=True Conf=40.3
2026-08-15 15:03:06,402 INFO TARGETED OCR: Field=Mailing Street Region={'x': 933, 'y': 235, 'width': 178, 'height': 18} Variant=3x_adaptive PSM=8 Whitelist=True Result='CoxwoldYork,North' Candidate='CoxwoldYork,North' Valid=True Conf=0.0
2026-08-15 15:03:06,527 INFO TARGETED OCR: Field=Mailing Street Region={'x': 933, 'y': 235, 'width': 178, 'height': 18} Variant=3x_adaptive PSM=6 Whitelist=False Result='Coxwold York,North' Candidate='Coxwold York,North' Valid=True Conf=83.5
2026-08-15 15:03:06,649 INFO TARGETED OCR: Field=Mailing Street Region={'x': 933, 'y': 235, 'width': 178, 'height': 18} Variant=3x_adaptive PSM=6 Whitelist=True Result='CoxwoldYork,North' Candidate='CoxwoldYork,North' Valid=True Conf=0.0
2026-08-15 15:03:06,771 INFO TARGETED OCR: Field=Mailing Street Region={'x': 933, 'y': 235, 'width': 178, 'height': 18} Variant=3x_adaptive PSM=13 Whitelist=False Result='Coxwold = York,North’' Candidate='Coxwold = York,North’' Valid=True Conf=40.3
2026-08-15 15:03:06,890 INFO TARGETED OCR: Field=Mailing Street Region={'x': 933, 'y': 235, 'width': 178, 'height': 18} Variant=3x_adaptive PSM=13 Whitelist=True Result='CoxwoldYork,North' Candidate='CoxwoldYork,North' Valid=True Conf=0.0
2026-08-15 15:03:06,890 INFO TARGETED OCR ACCEPTED: Record=2 Field=Mailing Street Value='CoxwoldYork,North' Conf=0.0 Decision=ACCEPTED_CONSENSUS
2026-08-15 15:03:06,891 INFO TARGETED OCR START: Record=2 Field=Reference No Region={'x': 561, 'y': 275, 'width': 193, 'height': 22}
2026-08-15 15:03:07,038 INFO TARGETED OCR: Field=Reference No Region={'x': 561, 'y': 275, 'width': 193, 'height': 22} Variant=3x_contrast PSM=7 Whitelist=False Result='ORN39GK@E!S+P421942' Candidate='ORN39GK@E!S+P421942' Valid=True Conf=54.0
2026-08-15 15:03:07,160 INFO TARGETED OCR: Field=Reference No Region={'x': 561, 'y': 275, 'width': 193, 'height': 22} Variant=3x_contrast PSM=8 Whitelist=False Result='ORN37GK@EIS+PAZ1942' Candidate='ORN37GK@EIS+PAZ1942' Valid=True Conf=0.0
2026-08-15 15:03:07,282 INFO TARGETED OCR: Field=Reference No Region={'x': 561, 'y': 275, 'width': 193, 'height': 22} Variant=3x_contrast PSM=6 Whitelist=False Result='ORN39GK@E!S+P421942' Candidate='ORN39GK@E!S+P421942' Valid=True Conf=54.0
2026-08-15 15:03:07,411 INFO TARGETED OCR: Field=Reference No Region={'x': 561, 'y': 275, 'width': 193, 'height': 22} Variant=3x_contrast PSM=13 Whitelist=False Result='ORN37GK@EIS+PAZ1942' Candidate='ORN37GK@EIS+PAZ1942' Valid=True Conf=0.0
2026-08-15 15:03:07,547 INFO TARGETED OCR: Field=Reference No Region={'x': 561, 'y': 275, 'width': 193, 'height': 22} Variant=4x_contrast PSM=7 Whitelist=False Result='ORNSIGK@E!$+P421942' Candidate='ORNSIGK@E!$+P421942' Valid=True Conf=20.0
2026-08-15 15:03:07,680 INFO TARGETED OCR: Field=Reference No Region={'x': 561, 'y': 275, 'width': 193, 'height': 22} Variant=4x_contrast PSM=8 Whitelist=False Result='ORN37GK@EIS+PAZ1942' Candidate='ORN37GK@EIS+PAZ1942' Valid=True Conf=5.0
2026-08-15 15:03:07,810 INFO TARGETED OCR: Field=Reference No Region={'x': 561, 'y': 275, 'width': 193, 'height': 22} Variant=4x_contrast PSM=6 Whitelist=False Result='ORNSIGK@E!$+P421942' Candidate='ORNSIGK@E!$+P421942' Valid=True Conf=20.0
2026-08-15 15:03:07,935 INFO TARGETED OCR: Field=Reference No Region={'x': 561, 'y': 275, 'width': 193, 'height': 22} Variant=4x_contrast PSM=13 Whitelist=False Result='ORN37GK@EIS+PAZ1942' Candidate='ORN37GK@EIS+PAZ1942' Valid=True Conf=5.0
2026-08-15 15:03:08,053 INFO TARGETED OCR: Field=Reference No Region={'x': 561, 'y': 275, 'width': 193, 'height': 22} Variant=4x_otsu PSM=7 Whitelist=False Result='ORNSIGK@E!S+P421942' Candidate='ORNSIGK@E!S+P421942' Valid=True Conf=61.0
2026-08-15 15:03:08,192 INFO TARGETED OCR: Field=Reference No Region={'x': 561, 'y': 275, 'width': 193, 'height': 22} Variant=4x_otsu PSM=8 Whitelist=False Result='ORN39GK@EIS+P4 21942' Candidate='ORN39GK@EIS+P4 21942' Valid=True Conf=0.0
2026-08-15 15:03:08,332 INFO TARGETED OCR: Field=Reference No Region={'x': 561, 'y': 275, 'width': 193, 'height': 22} Variant=4x_otsu PSM=6 Whitelist=False Result='ORNSIGK@E!S+P421942' Candidate='ORNSIGK@E!S+P421942' Valid=True Conf=61.0
2026-08-15 15:03:08,447 INFO TARGETED OCR: Field=Reference No Region={'x': 561, 'y': 275, 'width': 193, 'height': 22} Variant=4x_otsu PSM=13 Whitelist=False Result='ORN39GK@EIS+P4 21942' Candidate='ORN39GK@EIS+P4 21942' Valid=True Conf=0.0
2026-08-15 15:03:08,573 INFO TARGETED OCR: Field=Reference No Region={'x': 561, 'y': 275, 'width': 193, 'height': 22} Variant=3x_adaptive PSM=7 Whitelist=False Result='ORN39GK@E&!S+P421942' Candidate='ORN39GK@E&!S+P421942' Valid=True Conf=18.0
2026-08-15 15:03:08,697 INFO TARGETED OCR: Field=Reference No Region={'x': 561, 'y': 275, 'width': 193, 'height': 22} Variant=3x_adaptive PSM=8 Whitelist=False Result='ORN39GK@S&IS+PAZIFGZ' Candidate='ORN39GK@S&IS+PAZIFGZ' Valid=True Conf=0.0
2026-08-15 15:03:08,824 INFO TARGETED OCR: Field=Reference No Region={'x': 561, 'y': 275, 'width': 193, 'height': 22} Variant=3x_adaptive PSM=6 Whitelist=False Result='ORN39GK@E&!S+P421942' Candidate='ORN39GK@E&!S+P421942' Valid=True Conf=18.0
2026-08-15 15:03:08,945 INFO TARGETED OCR: Field=Reference No Region={'x': 561, 'y': 275, 'width': 193, 'height': 22} Variant=3x_adaptive PSM=13 Whitelist=False Result='ORN39GK@S&IS+PAZIFGZ' Candidate='ORN39GK@S&IS+PAZIFGZ' Valid=True Conf=0.0
2026-08-15 15:03:08,945 INFO TARGETED OCR ACCEPTED: Record=2 Field=Reference No Value='ORN37GK@EIS+PAZ1942' Conf=5.0 Decision=ACCEPTED_CONSENSUS
2026-08-15 15:03:08,946 INFO TARGETED OCR START: Record=2 Field=SIM No Region={'x': 789, 'y': 278, 'width': 198, 'height': 19}
2026-08-15 15:03:09,081 INFO TARGETED OCR: Field=SIM No Region={'x': 789, 'y': 278, 'width': 198, 'height': 19} Variant=3x_contrast PSM=7 Whitelist=False Result='YTAujw2223295806KM81' Candidate='YTAujw2223295806KM81' Valid=True Conf=64.0
2026-08-15 15:03:09,204 INFO TARGETED OCR: Field=SIM No Region={'x': 789, 'y': 278, 'width': 198, 'height': 19} Variant=3x_contrast PSM=8 Whitelist=False Result='YTAujW2223295806KMB1' Candidate='YTAujW2223295806KMB1' Valid=True Conf=15.0
2026-08-15 15:03:09,344 INFO TARGETED OCR: Field=SIM No Region={'x': 789, 'y': 278, 'width': 198, 'height': 19} Variant=3x_contrast PSM=6 Whitelist=False Result='YTAujw2223295806KM81' Candidate='YTAujw2223295806KM81' Valid=True Conf=64.0
2026-08-15 15:03:09,478 INFO TARGETED OCR: Field=SIM No Region={'x': 789, 'y': 278, 'width': 198, 'height': 19} Variant=3x_contrast PSM=13 Whitelist=False Result='YTAujW2223295806KMB1' Candidate='YTAujW2223295806KMB1' Valid=True Conf=15.0
2026-08-15 15:03:09,620 INFO TARGETED OCR: Field=SIM No Region={'x': 789, 'y': 278, 'width': 198, 'height': 19} Variant=4x_contrast PSM=7 Whitelist=False Result='YTAujw2223295806KM81' Candidate='YTAujw2223295806KM81' Valid=True Conf=31.0
2026-08-15 15:03:09,746 INFO TARGETED OCR: Field=SIM No Region={'x': 789, 'y': 278, 'width': 198, 'height': 19} Variant=4x_contrast PSM=8 Whitelist=False Result='YTAujW2223295806KMB1' Candidate='YTAujW2223295806KMB1' Valid=True Conf=0.0
2026-08-15 15:03:09,873 INFO TARGETED OCR: Field=SIM No Region={'x': 789, 'y': 278, 'width': 198, 'height': 19} Variant=4x_contrast PSM=6 Whitelist=False Result='YTAujw2223295806KM81' Candidate='YTAujw2223295806KM81' Valid=True Conf=31.0
2026-08-15 15:03:10,014 INFO TARGETED OCR: Field=SIM No Region={'x': 789, 'y': 278, 'width': 198, 'height': 19} Variant=4x_contrast PSM=13 Whitelist=False Result='YTAujW2223295806KMB1' Candidate='YTAujW2223295806KMB1' Valid=True Conf=0.0
2026-08-15 15:03:10,138 INFO TARGETED OCR: Field=SIM No Region={'x': 789, 'y': 278, 'width': 198, 'height': 19} Variant=4x_otsu PSM=7 Whitelist=False Result='YTAujW2223295806KMB1' Candidate='YTAujW2223295806KMB1' Valid=True Conf=58.0
2026-08-15 15:03:10,254 INFO TARGETED OCR: Field=SIM No Region={'x': 789, 'y': 278, 'width': 198, 'height': 19} Variant=4x_otsu PSM=8 Whitelist=False Result='YTAujW2223295806KMB1' Candidate='YTAujW2223295806KMB1' Valid=True Conf=16.0
2026-08-15 15:03:10,372 INFO TARGETED OCR: Field=SIM No Region={'x': 789, 'y': 278, 'width': 198, 'height': 19} Variant=4x_otsu PSM=6 Whitelist=False Result='YTAujW2223295806KMB1' Candidate='YTAujW2223295806KMB1' Valid=True Conf=58.0
2026-08-15 15:03:10,491 INFO TARGETED OCR: Field=SIM No Region={'x': 789, 'y': 278, 'width': 198, 'height': 19} Variant=4x_otsu PSM=13 Whitelist=False Result='YTAujW2223295806KMB1' Candidate='YTAujW2223295806KMB1' Valid=True Conf=16.0
2026-08-15 15:03:10,615 INFO TARGETED OCR: Field=SIM No Region={'x': 789, 'y': 278, 'width': 198, 'height': 19} Variant=3x_adaptive PSM=7 Whitelist=False Result='YTAujw2223295806KM81' Candidate='YTAujw2223295806KM81' Valid=True Conf=78.0
2026-08-15 15:03:10,738 INFO TARGETED OCR: Field=SIM No Region={'x': 789, 'y': 278, 'width': 198, 'height': 19} Variant=3x_adaptive PSM=8 Whitelist=False Result='‘YTAujW2223295806KM81' Candidate='‘YTAujW2223295806KM81' Valid=True Conf=8.0
2026-08-15 15:03:10,861 INFO TARGETED OCR: Field=SIM No Region={'x': 789, 'y': 278, 'width': 198, 'height': 19} Variant=3x_adaptive PSM=6 Whitelist=False Result='YTAujw2223295806KM81' Candidate='YTAujw2223295806KM81' Valid=True Conf=78.0
2026-08-15 15:03:10,982 INFO TARGETED OCR: Field=SIM No Region={'x': 789, 'y': 278, 'width': 198, 'height': 19} Variant=3x_adaptive PSM=13 Whitelist=False Result='‘YTAujW2223295806KM81' Candidate='‘YTAujW2223295806KM81' Valid=True Conf=8.0
2026-08-15 15:03:10,982 INFO TARGETED OCR ACCEPTED: Record=2 Field=SIM No Value='YTAujW2223295806KMB1' Conf=29.7 Decision=ACCEPTED_CONSENSUS
2026-08-15 15:03:10,983 INFO TARGETED OCR START: Record=2 Field=IMEI 2 Region={'x': 268, 'y': 319, 'width': 180, 'height': 19}
2026-08-15 15:03:11,106 INFO TARGETED OCR: Field=IMEI 2 Region={'x': 268, 'y': 319, 'width': 180, 'height': 19} Variant=3x_contrast PSM=7 Whitelist=False Result='|&t*? - $1 - 995095 - 2' Candidate='|&t*? - $1 - 995095 - 2' Valid=True Conf=76.7
2026-08-15 15:03:11,218 INFO TARGETED OCR: Field=IMEI 2 Region={'x': 268, 'y': 319, 'width': 180, 'height': 19} Variant=3x_contrast PSM=8 Whitelist=False Result='gut? - $1 - 995095 -2' Candidate='gut? - $1 - 995095 -2' Valid=True Conf=62.3
2026-08-15 15:03:11,334 INFO TARGETED OCR: Field=IMEI 2 Region={'x': 268, 'y': 319, 'width': 180, 'height': 19} Variant=3x_contrast PSM=6 Whitelist=False Result='|&t*? - $1 - 995095 - 2' Candidate='|&t*? - $1 - 995095 - 2' Valid=True Conf=76.7
2026-08-15 15:03:11,465 INFO TARGETED OCR: Field=IMEI 2 Region={'x': 268, 'y': 319, 'width': 180, 'height': 19} Variant=3x_contrast PSM=13 Whitelist=False Result='gut? - $1 - 995095 -2' Candidate='gut? - $1 - 995095 -2' Valid=True Conf=62.3
2026-08-15 15:03:11,593 INFO TARGETED OCR: Field=IMEI 2 Region={'x': 268, 'y': 319, 'width': 180, 'height': 19} Variant=4x_contrast PSM=7 Whitelist=False Result='|gi*? - $1 - 995095 - 2' Candidate='|gi*? - $1 - 995095 - 2' Valid=True Conf=87.8
2026-08-15 15:03:11,737 INFO TARGETED OCR: Field=IMEI 2 Region={'x': 268, 'y': 319, 'width': 180, 'height': 19} Variant=4x_contrast PSM=8 Whitelist=False Result='[eut? - $1 - 995095 -2' Candidate='[eut? - $1 - 995095 -2' Valid=True Conf=71.6
2026-08-15 15:03:11,865 INFO TARGETED OCR: Field=IMEI 2 Region={'x': 268, 'y': 319, 'width': 180, 'height': 19} Variant=4x_contrast PSM=6 Whitelist=False Result='|gi*? - $1 - 995095 - 2' Candidate='|gi*? - $1 - 995095 - 2' Valid=True Conf=87.8
2026-08-15 15:03:11,989 INFO TARGETED OCR: Field=IMEI 2 Region={'x': 268, 'y': 319, 'width': 180, 'height': 19} Variant=4x_contrast PSM=13 Whitelist=False Result='[eut? - $1 - 995095 -2' Candidate='[eut? - $1 - 995095 -2' Valid=True Conf=71.6
2026-08-15 15:03:12,107 INFO TARGETED OCR: Field=IMEI 2 Region={'x': 268, 'y': 319, 'width': 180, 'height': 19} Variant=4x_otsu PSM=7 Whitelist=False Result='[StI°? - $1 - 995095 - 2' Candidate='[StI°? - $1 - 995095 - 2' Valid=True Conf=59.1
2026-08-15 15:03:12,230 INFO TARGETED OCR: Field=IMEI 2 Region={'x': 268, 'y': 319, 'width': 180, 'height': 19} Variant=4x_otsu PSM=8 Whitelist=False Result='[gut? - $1- 995095 -2' Candidate='[gut? - $1- 995095 -2' Valid=True Conf=82.8
2026-08-15 15:03:12,348 INFO TARGETED OCR: Field=IMEI 2 Region={'x': 268, 'y': 319, 'width': 180, 'height': 19} Variant=4x_otsu PSM=6 Whitelist=False Result='[StI°? - $1 - 995095 - 2' Candidate='[StI°? - $1 - 995095 - 2' Valid=True Conf=59.1
2026-08-15 15:03:12,460 INFO TARGETED OCR: Field=IMEI 2 Region={'x': 268, 'y': 319, 'width': 180, 'height': 19} Variant=4x_otsu PSM=13 Whitelist=False Result='[gut? - $1- 995095 -2' Candidate='[gut? - $1- 995095 -2' Valid=True Conf=82.8
2026-08-15 15:03:12,583 INFO TARGETED OCR: Field=IMEI 2 Region={'x': 268, 'y': 319, 'width': 180, 'height': 19} Variant=3x_adaptive PSM=7 Whitelist=False Result='[St*? - $1 - 995095 - 2' Candidate='[St*? - $1 - 995095 - 2' Valid=True Conf=70.5
2026-08-15 15:03:12,707 INFO TARGETED OCR: Field=IMEI 2 Region={'x': 268, 'y': 319, 'width': 180, 'height': 19} Variant=3x_adaptive PSM=8 Whitelist=False Result='[guit? - $1 - 995095 -2' Candidate='[guit? - $1 - 995095 -2' Valid=True Conf=54.3
2026-08-15 15:03:12,828 INFO TARGETED OCR: Field=IMEI 2 Region={'x': 268, 'y': 319, 'width': 180, 'height': 19} Variant=3x_adaptive PSM=6 Whitelist=False Result='[St*? - $1 - 995095 - 2' Candidate='[St*? - $1 - 995095 - 2' Valid=True Conf=70.5
2026-08-15 15:03:12,955 INFO TARGETED OCR: Field=IMEI 2 Region={'x': 268, 'y': 319, 'width': 180, 'height': 19} Variant=3x_adaptive PSM=13 Whitelist=False Result='[guit? - $1 - 995095 -2' Candidate='[guit? - $1 - 995095 -2' Valid=True Conf=54.3
2026-08-15 15:03:12,956 INFO TARGETED OCR ACCEPTED: Record=2 Field=IMEI 2 Value='|&t*? - $1 - 995095 - 2' Conf=76.7 Decision=ACCEPTED_CONSENSUS
2026-08-15 15:03:12,957 WARNING RECORD 2 FIELD Mailing Street | raw='CoxwoldYork,North' normalized='CoxwoldYork,North' confidence=0.0 validation=REVIEW reasons=LOW_OCR_CONFIDENCE targeted={'attempted': True, 'decision': 'ACCEPTED_CONSENSUS', 'value': 'CoxwoldYork,North', 'raw_text': 'CoxwoldYork,North', 'confidence': 0.0, 'votes': 16, 'tokens': [{'text': 'CoxwoldYork,North', 'x': 933, 'y': 235, 'width': 184, 'height': 18, 'confidence': 0.0, 'needs_review': False}], 'runs': [{'variant': '3x_contrast', 'psm': 7, 'whitelist': False, 'raw_text': 'Coxwold York,North', 'cleaned': 'Coxwold York,North', 'confidence': 80.5, 'is_valid': True}, {'variant': '3x_contrast', 'psm': 7, 'whitelist': True, 'raw_text': 'CoxwoldYork,North', 'cleaned': 'CoxwoldYork,North', 'confidence': 0.0, 'is_valid': True}, {'variant': '3x_contrast', 'psm': 8, 'whitelist': False, 'raw_text': 'Coxwold = York,North', 'cleaned': 'Coxwold = York,North', 'confidence': 43.0, 'is_valid': True}, {'variant': '3x_contrast', 'psm': 8, 'whitelist': True, 'raw_text': 'CoxwoldYork,North', 'cleaned': 'CoxwoldYork,North', 'confidence': 0.0, 'is_valid': True}, {'variant': '3x_contrast', 'psm': 6, 'whitelist': False, 'raw_text': 'Coxwold York,North', 'cleaned': 'Coxwold York,North', 'confidence': 80.5, 'is_valid': True}, {'variant': '3x_contrast', 'psm': 6, 'whitelist': True, 'raw_text': 'CoxwoldYork,North', 'cleaned': 'CoxwoldYork,North', 'confidence': 0.0, 'is_valid': True}, {'variant': '3x_contrast', 'psm': 13, 'whitelist': False, 'raw_text': 'Coxwold = York,North', 'cleaned': 'Coxwold = York,North', 'confidence': 43.0, 'is_valid': True}, {'variant': '3x_contrast', 'psm': 13, 'whitelist': True, 'raw_text': 'CoxwoldYork,North', 'cleaned': 'CoxwoldYork,North', 'confidence': 0.0, 'is_valid': True}, {'variant': '4x_contrast', 'psm': 7, 'whitelist': False, 'raw_text': 'Coxwold York,North', 'cleaned': 'Coxwold York,North', 'confidence': 85.0, 'is_valid': True}, {'variant': '4x_contrast', 'psm': 7, 'whitelist': True, 'raw_text': 'CoxwoldYork,North', 'cleaned': 'CoxwoldYork,North', 'confidence': 0.0, 'is_valid': True}, {'variant': '4x_contrast', 'psm': 8, 'whitelist': False, 'raw_text': 'Coxwold York,North', 'cleaned': 'Coxwold York,North', 'confidence': 0.0, 'is_valid': True}, {'variant': '4x_contrast', 'psm': 8, 'whitelist': True, 'raw_text': 'CoxwoldYork,North', 'cleaned': 'CoxwoldYork,North', 'confidence': 0.0, 'is_valid': True}, {'variant': '4x_contrast', 'psm': 6, 'whitelist': False, 'raw_text': 'Coxwold York,North', 'cleaned': 'Coxwold York,North', 'confidence': 85.0, 'is_valid': True}, {'variant': '4x_contrast', 'psm': 6, 'whitelist': True, 'raw_text': 'CoxwoldYork,North', 'cleaned': 'CoxwoldYork,North', 'confidence': 0.0, 'is_valid': True}, {'variant': '4x_contrast', 'psm': 13, 'whitelist': False, 'raw_text': 'Coxwold York,North', 'cleaned': 'Coxwold York,North', 'confidence': 0.0, 'is_valid': True}, {'variant': '4x_contrast', 'psm': 13, 'whitelist': True, 'raw_text': 'CoxwoldYork,North', 'cleaned': 'CoxwoldYork,North', 'confidence': 0.0, 'is_valid': True}, {'variant': '4x_otsu', 'psm': 7, 'whitelist': False, 'raw_text': 'Coxwold York,North', 'cleaned': 'Coxwold York,North', 'confidence': 76.5, 'is_valid': True}, {'variant': '4x_otsu', 'psm': 7, 'whitelist': True, 'raw_text': 'CoxwoldYork,North', 'cleaned': 'CoxwoldYork,North', 'confidence': 0.0, 'is_valid': True}, {'variant': '4x_otsu', 'psm': 8, 'whitelist': False, 'raw_text': 'Coxwold = York,North', 'cleaned': 'Coxwold = York,North', 'confidence': 37.67, 'is_valid': True}, {'variant': '4x_otsu', 'psm': 8, 'whitelist': True, 'raw_text': 'CoxwoldYork,North', 'cleaned': 'CoxwoldYork,North', 'confidence': 0.0, 'is_valid': True}, {'variant': '4x_otsu', 'psm': 6, 'whitelist': False, 'raw_text': 'Coxwold York,North', 'cleaned': 'Coxwold York,North', 'confidence': 76.5, 'is_valid': True}, {'variant': '4x_otsu', 'psm': 6, 'whitelist': True, 'raw_text': 'CoxwoldYork,North', 'cleaned': 'CoxwoldYork,North', 'confidence': 0.0, 'is_valid': True}, {'variant': '4x_otsu', 'psm': 13, 'whitelist': False, 'raw_text': 'Coxwold = York,North', 'cleaned': 'Coxwold = York,North', 'confidence': 37.67, 'is_valid': True}, {'variant': '4x_otsu', 'psm': 13, 'whitelist': True, 'raw_text': 'CoxwoldYork,North', 'cleaned': 'CoxwoldYork,North', 'confidence': 0.0, 'is_valid': True}, {'variant': '3x_adaptive', 'psm': 7, 'whitelist': False, 'raw_text': 'Coxwold York,North', 'cleaned': 'Coxwold York,North', 'confidence': 83.5, 'is_valid': True}, {'variant': '3x_adaptive', 'psm': 7, 'whitelist': True, 'raw_text': 'CoxwoldYork,North', 'cleaned': 'CoxwoldYork,North', 'confidence': 0.0, 'is_valid': True}, {'variant': '3x_adaptive', 'psm': 8, 'whitelist': False, 'raw_text': 'Coxwold = York,North’', 'cleaned': 'Coxwold = York,North’', 'confidence': 40.33, 'is_valid': True}, {'variant': '3x_adaptive', 'psm': 8, 'whitelist': True, 'raw_text': 'CoxwoldYork,North', 'cleaned': 'CoxwoldYork,North', 'confidence': 0.0, 'is_valid': True}, {'variant': '3x_adaptive', 'psm': 6, 'whitelist': False, 'raw_text': 'Coxwold York,North', 'cleaned': 'Coxwold York,North', 'confidence': 83.5, 'is_valid': True}, {'variant': '3x_adaptive', 'psm': 6, 'whitelist': True, 'raw_text': 'CoxwoldYork,North', 'cleaned': 'CoxwoldYork,North', 'confidence': 0.0, 'is_valid': True}, {'variant': '3x_adaptive', 'psm': 13, 'whitelist': False, 'raw_text': 'Coxwold = York,North’', 'cleaned': 'Coxwold = York,North’', 'confidence': 40.33, 'is_valid': True}, {'variant': '3x_adaptive', 'psm': 13, 'whitelist': True, 'raw_text': 'CoxwoldYork,North', 'cleaned': 'CoxwoldYork,North', 'confidence': 0.0, 'is_valid': True}]}
2026-08-15 15:03:12,957 WARNING RECORD 2 STATUS: REVIEW_REQUIRED
2026-08-15 15:03:13,021 INFO FIELD OWNERSHIP: Record=3 Field=Mobile Model Tokens='Nokia 7210'
2026-08-15 15:03:13,021 INFO FIELD OWNERSHIP: Record=3 Field=IMEI 1 Tokens='202608 - 23 - 634756 - 1'
2026-08-15 15:03:13,021 INFO TARGETED OCR START: Record=3 Field=Email Region={'x': 218, 'y': 450, 'width': 114, 'height': 20}
2026-08-15 15:03:13,144 INFO TARGETED OCR: Field=Email Region={'x': 218, 'y': 450, 'width': 114, 'height': 20} Variant=3x_contrast PSM=7 Whitelist=False Result='jimi@ed.ac.uk' Candidate='jimi@ed.ac.uk' Valid=True Conf=90.0
2026-08-15 15:03:13,255 INFO TARGETED OCR: Field=Email Region={'x': 218, 'y': 450, 'width': 114, 'height': 20} Variant=3x_contrast PSM=8 Whitelist=False Result='jimi@ed.ac.uk' Candidate='jimi@ed.ac.uk' Valid=True Conf=54.0
2026-08-15 15:03:13,373 INFO TARGETED OCR: Field=Email Region={'x': 218, 'y': 450, 'width': 114, 'height': 20} Variant=3x_contrast PSM=6 Whitelist=False Result='jimi@ed.ac.uk' Candidate='jimi@ed.ac.uk' Valid=True Conf=90.0
2026-08-15 15:03:13,486 INFO TARGETED OCR: Field=Email Region={'x': 218, 'y': 450, 'width': 114, 'height': 20} Variant=3x_contrast PSM=13 Whitelist=False Result='jimi@ed.ac.uk' Candidate='jimi@ed.ac.uk' Valid=True Conf=54.0
2026-08-15 15:03:13,617 INFO TARGETED OCR: Field=Email Region={'x': 218, 'y': 450, 'width': 114, 'height': 20} Variant=4x_contrast PSM=7 Whitelist=False Result='jimi@ed.ac.uk' Candidate='jimi@ed.ac.uk' Valid=True Conf=91.0
2026-08-15 15:03:13,739 INFO TARGETED OCR: Field=Email Region={'x': 218, 'y': 450, 'width': 114, 'height': 20} Variant=4x_contrast PSM=8 Whitelist=False Result='jimi@ed.ac.uk' Candidate='jimi@ed.ac.uk' Valid=True Conf=50.0
2026-08-15 15:03:13,861 INFO TARGETED OCR: Field=Email Region={'x': 218, 'y': 450, 'width': 114, 'height': 20} Variant=4x_contrast PSM=6 Whitelist=False Result='jimi@ed.ac.uk' Candidate='jimi@ed.ac.uk' Valid=True Conf=91.0
2026-08-15 15:03:13,990 INFO TARGETED OCR: Field=Email Region={'x': 218, 'y': 450, 'width': 114, 'height': 20} Variant=4x_contrast PSM=13 Whitelist=False Result='jimi@ed.ac.uk' Candidate='jimi@ed.ac.uk' Valid=True Conf=50.0
2026-08-15 15:03:14,110 INFO TARGETED OCR: Field=Email Region={'x': 218, 'y': 450, 'width': 114, 'height': 20} Variant=4x_otsu PSM=7 Whitelist=False Result='jimi@ed.ac.uk' Candidate='jimi@ed.ac.uk' Valid=True Conf=90.0
2026-08-15 15:03:14,232 INFO TARGETED OCR: Field=Email Region={'x': 218, 'y': 450, 'width': 114, 'height': 20} Variant=4x_otsu PSM=8 Whitelist=False Result='jimi@ed.acuk' Candidate='jimi@ed.acuk' Valid=True Conf=78.0
2026-08-15 15:03:14,357 INFO TARGETED OCR: Field=Email Region={'x': 218, 'y': 450, 'width': 114, 'height': 20} Variant=4x_otsu PSM=6 Whitelist=False Result='jimi@ed.ac.uk' Candidate='jimi@ed.ac.uk' Valid=True Conf=90.0
2026-08-15 15:03:14,484 INFO TARGETED OCR: Field=Email Region={'x': 218, 'y': 450, 'width': 114, 'height': 20} Variant=4x_otsu PSM=13 Whitelist=False Result='jimi@ed.acuk' Candidate='jimi@ed.acuk' Valid=True Conf=78.0
2026-08-15 15:03:14,610 INFO TARGETED OCR: Field=Email Region={'x': 218, 'y': 450, 'width': 114, 'height': 20} Variant=3x_adaptive PSM=7 Whitelist=False Result='jimi@ed.ac.uk' Candidate='jimi@ed.ac.uk' Valid=True Conf=90.0
2026-08-15 15:03:14,746 INFO TARGETED OCR: Field=Email Region={'x': 218, 'y': 450, 'width': 114, 'height': 20} Variant=3x_adaptive PSM=8 Whitelist=False Result='jimi@ed.ac.uk' Candidate='jimi@ed.ac.uk' Valid=True Conf=72.0
2026-08-15 15:03:14,865 INFO TARGETED OCR: Field=Email Region={'x': 218, 'y': 450, 'width': 114, 'height': 20} Variant=3x_adaptive PSM=6 Whitelist=False Result='jimi@ed.ac.uk' Candidate='jimi@ed.ac.uk' Valid=True Conf=90.0
2026-08-15 15:03:14,982 INFO TARGETED OCR: Field=Email Region={'x': 218, 'y': 450, 'width': 114, 'height': 20} Variant=3x_adaptive PSM=13 Whitelist=False Result='jimi@ed.ac.uk' Candidate='jimi@ed.ac.uk' Valid=True Conf=72.0
2026-08-15 15:03:14,982 INFO TARGETED OCR ACCEPTED: Record=3 Field=Email Value='jimi@ed.ac.uk' Conf=76.7 Decision=ACCEPTED_CONSENSUS
2026-08-15 15:03:14,982 INFO TARGETED OCR START: Record=3 Field=Country Region={'x': 249, 'y': 494, 'width': 21, 'height': 15}
2026-08-15 15:03:15,121 INFO TARGETED OCR: Field=Country Region={'x': 249, 'y': 494, 'width': 21, 'height': 15} Variant=3x_contrast PSM=7 Whitelist=False Result='UK' Candidate='UK' Valid=True Conf=96.0
2026-08-15 15:03:15,243 INFO TARGETED OCR: Field=Country Region={'x': 249, 'y': 494, 'width': 21, 'height': 15} Variant=3x_contrast PSM=8 Whitelist=False Result='UK' Candidate='UK' Valid=True Conf=85.0
2026-08-15 15:03:15,354 INFO TARGETED OCR: Field=Country Region={'x': 249, 'y': 494, 'width': 21, 'height': 15} Variant=3x_contrast PSM=6 Whitelist=False Result='UK' Candidate='UK' Valid=True Conf=96.0
2026-08-15 15:03:15,462 INFO TARGETED OCR: Field=Country Region={'x': 249, 'y': 494, 'width': 21, 'height': 15} Variant=3x_contrast PSM=13 Whitelist=False Result='UK' Candidate='UK' Valid=True Conf=85.0
2026-08-15 15:03:15,590 INFO TARGETED OCR: Field=Country Region={'x': 249, 'y': 494, 'width': 21, 'height': 15} Variant=4x_contrast PSM=7 Whitelist=False Result='UK' Candidate='UK' Valid=True Conf=96.0
2026-08-15 15:03:15,703 INFO TARGETED OCR: Field=Country Region={'x': 249, 'y': 494, 'width': 21, 'height': 15} Variant=4x_contrast PSM=8 Whitelist=False Result='UK' Candidate='UK' Valid=True Conf=88.0
2026-08-15 15:03:15,811 INFO TARGETED OCR: Field=Country Region={'x': 249, 'y': 494, 'width': 21, 'height': 15} Variant=4x_contrast PSM=6 Whitelist=False Result='UK' Candidate='UK' Valid=True Conf=96.0
2026-08-15 15:03:15,921 INFO TARGETED OCR: Field=Country Region={'x': 249, 'y': 494, 'width': 21, 'height': 15} Variant=4x_contrast PSM=13 Whitelist=False Result='UK' Candidate='UK' Valid=True Conf=88.0
2026-08-15 15:03:16,053 INFO TARGETED OCR: Field=Country Region={'x': 249, 'y': 494, 'width': 21, 'height': 15} Variant=4x_otsu PSM=7 Whitelist=False Result='UK' Candidate='UK' Valid=True Conf=96.0
2026-08-15 15:03:16,167 INFO TARGETED OCR: Field=Country Region={'x': 249, 'y': 494, 'width': 21, 'height': 15} Variant=4x_otsu PSM=8 Whitelist=False Result='UK' Candidate='UK' Valid=True Conf=90.0
2026-08-15 15:03:16,281 INFO TARGETED OCR: Field=Country Region={'x': 249, 'y': 494, 'width': 21, 'height': 15} Variant=4x_otsu PSM=6 Whitelist=False Result='UK' Candidate='UK' Valid=True Conf=96.0
2026-08-15 15:03:16,399 INFO TARGETED OCR: Field=Country Region={'x': 249, 'y': 494, 'width': 21, 'height': 15} Variant=4x_otsu PSM=13 Whitelist=False Result='UK' Candidate='UK' Valid=True Conf=90.0
2026-08-15 15:03:16,522 INFO TARGETED OCR: Field=Country Region={'x': 249, 'y': 494, 'width': 21, 'height': 15} Variant=3x_adaptive PSM=7 Whitelist=False Result='UK' Candidate='UK' Valid=True Conf=97.0
2026-08-15 15:03:16,636 INFO TARGETED OCR: Field=Country Region={'x': 249, 'y': 494, 'width': 21, 'height': 15} Variant=3x_adaptive PSM=8 Whitelist=False Result='UK' Candidate='UK' Valid=True Conf=91.0
2026-08-15 15:03:16,749 INFO TARGETED OCR: Field=Country Region={'x': 249, 'y': 494, 'width': 21, 'height': 15} Variant=3x_adaptive PSM=6 Whitelist=False Result='UK' Candidate='UK' Valid=True Conf=97.0
2026-08-15 15:03:16,864 INFO TARGETED OCR: Field=Country Region={'x': 249, 'y': 494, 'width': 21, 'height': 15} Variant=3x_adaptive PSM=13 Whitelist=False Result='UK' Candidate='UK' Valid=True Conf=91.0
2026-08-15 15:03:16,865 INFO TARGETED OCR ACCEPTED: Record=3 Field=Country Value='UK' Conf=92.4 Decision=ACCEPTED_CONSENSUS
2026-08-15 15:03:16,865 INFO TARGETED OCR START: Record=3 Field=Service Provider Region={'x': 306, 'y': 494, 'width': 165, 'height': 19}
2026-08-15 15:03:17,007 INFO TARGETED OCR: Field=Service Provider Region={'x': 306, 'y': 494, 'width': 165, 'height': 19} Variant=3x_contrast PSM=7 Whitelist=False Result='Hutchison Whampoa' Candidate='Hutchison Whampoa' Valid=True Conf=96.0
2026-08-15 15:03:17,156 INFO TARGETED OCR: Field=Service Provider Region={'x': 306, 'y': 494, 'width': 165, 'height': 19} Variant=3x_contrast PSM=8 Whitelist=False Result='Hutchison Whampoa' Candidate='Hutchison Whampoa' Valid=True Conf=96.0
2026-08-15 15:03:17,284 INFO TARGETED OCR: Field=Service Provider Region={'x': 306, 'y': 494, 'width': 165, 'height': 19} Variant=3x_contrast PSM=6 Whitelist=False Result='Hutchison Whampoa' Candidate='Hutchison Whampoa' Valid=True Conf=96.0
2026-08-15 15:03:17,412 INFO TARGETED OCR: Field=Service Provider Region={'x': 306, 'y': 494, 'width': 165, 'height': 19} Variant=3x_contrast PSM=13 Whitelist=False Result='Hutchison Whampoa' Candidate='Hutchison Whampoa' Valid=True Conf=96.0
2026-08-15 15:03:17,540 INFO TARGETED OCR: Field=Service Provider Region={'x': 306, 'y': 494, 'width': 165, 'height': 19} Variant=4x_contrast PSM=7 Whitelist=False Result='Hutchison Whampoa' Candidate='Hutchison Whampoa' Valid=True Conf=96.0
2026-08-15 15:03:17,668 INFO TARGETED OCR: Field=Service Provider Region={'x': 306, 'y': 494, 'width': 165, 'height': 19} Variant=4x_contrast PSM=8 Whitelist=False Result='Hutchison Whampoa' Candidate='Hutchison Whampoa' Valid=True Conf=96.0
2026-08-15 15:03:17,797 INFO TARGETED OCR: Field=Service Provider Region={'x': 306, 'y': 494, 'width': 165, 'height': 19} Variant=4x_contrast PSM=6 Whitelist=False Result='Hutchison Whampoa' Candidate='Hutchison Whampoa' Valid=True Conf=96.0
2026-08-15 15:03:17,925 INFO TARGETED OCR: Field=Service Provider Region={'x': 306, 'y': 494, 'width': 165, 'height': 19} Variant=4x_contrast PSM=13 Whitelist=False Result='Hutchison Whampoa' Candidate='Hutchison Whampoa' Valid=True Conf=96.0
2026-08-15 15:03:18,062 INFO TARGETED OCR: Field=Service Provider Region={'x': 306, 'y': 494, 'width': 165, 'height': 19} Variant=4x_otsu PSM=7 Whitelist=False Result='Hutchison Whampoa' Candidate='Hutchison Whampoa' Valid=True Conf=96.0
2026-08-15 15:03:18,182 INFO TARGETED OCR: Field=Service Provider Region={'x': 306, 'y': 494, 'width': 165, 'height': 19} Variant=4x_otsu PSM=8 Whitelist=False Result='Hutchison Whampoa' Candidate='Hutchison Whampoa' Valid=True Conf=96.0
2026-08-15 15:03:18,316 INFO TARGETED OCR: Field=Service Provider Region={'x': 306, 'y': 494, 'width': 165, 'height': 19} Variant=4x_otsu PSM=6 Whitelist=False Result='Hutchison Whampoa' Candidate='Hutchison Whampoa' Valid=True Conf=96.0
2026-08-15 15:03:18,439 INFO TARGETED OCR: Field=Service Provider Region={'x': 306, 'y': 494, 'width': 165, 'height': 19} Variant=4x_otsu PSM=13 Whitelist=False Result='Hutchison Whampoa' Candidate='Hutchison Whampoa' Valid=True Conf=96.0
2026-08-15 15:03:18,604 INFO TARGETED OCR: Field=Service Provider Region={'x': 306, 'y': 494, 'width': 165, 'height': 19} Variant=3x_adaptive PSM=7 Whitelist=False Result='Hutchison Whampoa' Candidate='Hutchison Whampoa' Valid=True Conf=96.0
2026-08-15 15:03:18,736 INFO TARGETED OCR: Field=Service Provider Region={'x': 306, 'y': 494, 'width': 165, 'height': 19} Variant=3x_adaptive PSM=8 Whitelist=False Result='Hutchison Whampoa' Candidate='Hutchison Whampoa' Valid=True Conf=96.0
2026-08-15 15:03:18,876 INFO TARGETED OCR: Field=Service Provider Region={'x': 306, 'y': 494, 'width': 165, 'height': 19} Variant=3x_adaptive PSM=6 Whitelist=False Result='Hutchison Whampoa' Candidate='Hutchison Whampoa' Valid=True Conf=96.0
2026-08-15 15:03:19,026 INFO TARGETED OCR: Field=Service Provider Region={'x': 306, 'y': 494, 'width': 165, 'height': 19} Variant=3x_adaptive PSM=13 Whitelist=False Result='Hutchison Whampoa' Candidate='Hutchison Whampoa' Valid=True Conf=96.0
2026-08-15 15:03:19,026 INFO TARGETED OCR ACCEPTED: Record=3 Field=Service Provider Value='Hutchison Whampoa' Conf=96.0 Decision=ACCEPTED_CONSENSUS
2026-08-15 15:03:19,027 INFO TARGETED OCR START: Record=3 Field=Reference No Region={'x': 678, 'y': 494, 'width': 198, 'height': 18}
2026-08-15 15:03:19,169 INFO TARGETED OCR: Field=Reference No Region={'x': 678, 'y': 494, 'width': 198, 'height': 18} Variant=3x_contrast PSM=7 Whitelist=False Result='HuWhé402%;%!;P1308831' Candidate='HuWhé402%;%!;P1308831' Valid=True Conf=14.0
2026-08-15 15:03:19,295 INFO TARGETED OCR: Field=Reference No Region={'x': 678, 'y': 494, 'width': 198, 'height': 18} Variant=3x_contrast PSM=8 Whitelist=False Result='HuWh64DZ%;%!;P1308831' Candidate='HuWh64DZ%;%!;P1308831' Valid=True Conf=16.0
2026-08-15 15:03:19,427 INFO TARGETED OCR: Field=Reference No Region={'x': 678, 'y': 494, 'width': 198, 'height': 18} Variant=3x_contrast PSM=6 Whitelist=False Result='HuWhé402%;%!;P1308831' Candidate='HuWhé402%;%!;P1308831' Valid=True Conf=14.0
2026-08-15 15:03:19,551 INFO TARGETED OCR: Field=Reference No Region={'x': 678, 'y': 494, 'width': 198, 'height': 18} Variant=3x_contrast PSM=13 Whitelist=False Result='HuWh64DZ%;%!;P1308831' Candidate='HuWh64DZ%;%!;P1308831' Valid=True Conf=16.0
2026-08-15 15:03:19,695 INFO TARGETED OCR: Field=Reference No Region={'x': 678, 'y': 494, 'width': 198, 'height': 18} Variant=4x_contrast PSM=7 Whitelist=False Result="HuWhé402Z%;%!'P1308831" Candidate="HuWhé402Z%;%!'P1308831" Valid=True Conf=0.0
2026-08-15 15:03:19,820 INFO TARGETED OCR: Field=Reference No Region={'x': 678, 'y': 494, 'width': 198, 'height': 18} Variant=4x_contrast PSM=8 Whitelist=False Result='‘HuWh64D2%;%!;P1308831' Candidate='‘HuWh64D2%;%!;P1308831' Valid=True Conf=12.0
2026-08-15 15:03:19,948 INFO TARGETED OCR: Field=Reference No Region={'x': 678, 'y': 494, 'width': 198, 'height': 18} Variant=4x_contrast PSM=6 Whitelist=False Result="HuWhé402Z%;%!'P1308831" Candidate="HuWhé402Z%;%!'P1308831" Valid=True Conf=0.0
2026-08-15 15:03:20,074 INFO TARGETED OCR: Field=Reference No Region={'x': 678, 'y': 494, 'width': 198, 'height': 18} Variant=4x_contrast PSM=13 Whitelist=False Result='‘HuWh64D2%;%!;P1308831' Candidate='‘HuWh64D2%;%!;P1308831' Valid=True Conf=12.0
2026-08-15 15:03:20,192 INFO TARGETED OCR: Field=Reference No Region={'x': 678, 'y': 494, 'width': 198, 'height': 18} Variant=4x_otsu PSM=7 Whitelist=False Result='HuWh6é402%;%!;P1308831' Candidate='HuWh6é402%;%!;P1308831' Valid=True Conf=40.0
2026-08-15 15:03:20,308 INFO TARGETED OCR: Field=Reference No Region={'x': 678, 'y': 494, 'width': 198, 'height': 18} Variant=4x_otsu PSM=8 Whitelist=False Result='‘HuWh64D2Z%;%!;P1308831' Candidate='‘HuWh64D2Z%;%!;P1308831' Valid=True Conf=26.0
2026-08-15 15:03:20,426 INFO TARGETED OCR: Field=Reference No Region={'x': 678, 'y': 494, 'width': 198, 'height': 18} Variant=4x_otsu PSM=6 Whitelist=False Result='HuWh6é402%;%!;P1308831' Candidate='HuWh6é402%;%!;P1308831' Valid=True Conf=40.0
2026-08-15 15:03:20,546 INFO TARGETED OCR: Field=Reference No Region={'x': 678, 'y': 494, 'width': 198, 'height': 18} Variant=4x_otsu PSM=13 Whitelist=False Result='‘HuWh64D2Z%;%!;P1308831' Candidate='‘HuWh64D2Z%;%!;P1308831' Valid=True Conf=26.0
2026-08-15 15:03:20,670 INFO TARGETED OCR: Field=Reference No Region={'x': 678, 'y': 494, 'width': 198, 'height': 18} Variant=3x_adaptive PSM=7 Whitelist=False Result='HuWhé4D2%;%!;P1308831' Candidate='HuWhé4D2%;%!;P1308831' Valid=True Conf=60.0
2026-08-15 15:03:20,793 INFO TARGETED OCR: Field=Reference No Region={'x': 678, 'y': 494, 'width': 198, 'height': 18} Variant=3x_adaptive PSM=8 Whitelist=False Result='‘HuWh64D2%;%!;P1308831' Candidate='‘HuWh64D2%;%!;P1308831' Valid=True Conf=23.0
2026-08-15 15:03:20,922 INFO TARGETED OCR: Field=Reference No Region={'x': 678, 'y': 494, 'width': 198, 'height': 18} Variant=3x_adaptive PSM=6 Whitelist=False Result='HuWhé4D2%;%!;P1308831' Candidate='HuWhé4D2%;%!;P1308831' Valid=True Conf=60.0
2026-08-15 15:03:21,044 INFO TARGETED OCR: Field=Reference No Region={'x': 678, 'y': 494, 'width': 198, 'height': 18} Variant=3x_adaptive PSM=13 Whitelist=False Result='‘HuWh64D2%;%!;P1308831' Candidate='‘HuWh64D2%;%!;P1308831' Valid=True Conf=23.0
2026-08-15 15:03:21,044 INFO TARGETED OCR ACCEPTED: Record=3 Field=Reference No Value='‘HuWh64D2%;%!;P1308831' Conf=17.5 Decision=ACCEPTED_CONSENSUS
2026-08-15 15:03:21,044 INFO TARGETED OCR START: Record=3 Field=SIM No Region={'x': 913, 'y': 494, 'width': 192, 'height': 16}
2026-08-15 15:03:21,190 INFO TARGETED OCR: Field=SIM No Region={'x': 913, 'y': 494, 'width': 192, 'height': 16} Variant=3x_contrast PSM=7 Whitelist=False Result='CRDxuU3204766550¥84' Candidate='CRDxuU3204766550¥84' Valid=True Conf=13.0
2026-08-15 15:03:21,326 INFO TARGETED OCR: Field=SIM No Region={'x': 913, 'y': 494, 'width': 192, 'height': 16} Variant=3x_contrast PSM=8 Whitelist=False Result='CRDxuU3204766550¥84' Candidate='CRDxuU3204766550¥84' Valid=True Conf=0.0
2026-08-15 15:03:21,449 INFO TARGETED OCR: Field=SIM No Region={'x': 913, 'y': 494, 'width': 192, 'height': 16} Variant=3x_contrast PSM=6 Whitelist=False Result='CRDxuU3204766550¥84' Candidate='CRDxuU3204766550¥84' Valid=True Conf=13.0
2026-08-15 15:03:21,573 INFO TARGETED OCR: Field=SIM No Region={'x': 913, 'y': 494, 'width': 192, 'height': 16} Variant=3x_contrast PSM=13 Whitelist=False Result='CRDxuU3204766550¥84' Candidate='CRDxuU3204766550¥84' Valid=True Conf=0.0
2026-08-15 15:03:21,700 INFO TARGETED OCR: Field=SIM No Region={'x': 913, 'y': 494, 'width': 192, 'height': 16} Variant=4x_contrast PSM=7 Whitelist=False Result='CRDxuU320476655Q¥84' Candidate='CRDxuU320476655Q¥84' Valid=True Conf=38.0
2026-08-15 15:03:21,827 INFO TARGETED OCR: Field=SIM No Region={'x': 913, 'y': 494, 'width': 192, 'height': 16} Variant=4x_contrast PSM=8 Whitelist=False Result='CRDxuU3204766550¥84' Candidate='CRDxuU3204766550¥84' Valid=True Conf=4.0
2026-08-15 15:03:21,953 INFO TARGETED OCR: Field=SIM No Region={'x': 913, 'y': 494, 'width': 192, 'height': 16} Variant=4x_contrast PSM=6 Whitelist=False Result='CRDxuU320476655Q¥84' Candidate='CRDxuU320476655Q¥84' Valid=True Conf=38.0
2026-08-15 15:03:22,081 INFO TARGETED OCR: Field=SIM No Region={'x': 913, 'y': 494, 'width': 192, 'height': 16} Variant=4x_contrast PSM=13 Whitelist=False Result='CRDxuU3204766550¥84' Candidate='CRDxuU3204766550¥84' Valid=True Conf=4.0
2026-08-15 15:03:22,202 INFO TARGETED OCR: Field=SIM No Region={'x': 913, 'y': 494, 'width': 192, 'height': 16} Variant=4x_otsu PSM=7 Whitelist=False Result='CRDxuU3204766550¥84' Candidate='CRDxuU3204766550¥84' Valid=True Conf=0.0
2026-08-15 15:03:22,316 INFO TARGETED OCR: Field=SIM No Region={'x': 913, 'y': 494, 'width': 192, 'height': 16} Variant=4x_otsu PSM=8 Whitelist=False Result='CRDxuU3204766550¥84' Candidate='CRDxuU3204766550¥84' Valid=True Conf=0.0
2026-08-15 15:03:22,435 INFO TARGETED OCR: Field=SIM No Region={'x': 913, 'y': 494, 'width': 192, 'height': 16} Variant=4x_otsu PSM=6 Whitelist=False Result='CRDxuU3204766550¥84' Candidate='CRDxuU3204766550¥84' Valid=True Conf=0.0
2026-08-15 15:03:22,570 INFO TARGETED OCR: Field=SIM No Region={'x': 913, 'y': 494, 'width': 192, 'height': 16} Variant=4x_otsu PSM=13 Whitelist=False Result='CRDxuU3204766550¥84' Candidate='CRDxuU3204766550¥84' Valid=True Conf=0.0
2026-08-15 15:03:22,696 INFO TARGETED OCR: Field=SIM No Region={'x': 913, 'y': 494, 'width': 192, 'height': 16} Variant=3x_adaptive PSM=7 Whitelist=False Result='CRDxuU3204766550Y84' Candidate='CRDxuU3204766550Y84' Valid=True Conf=70.0
2026-08-15 15:03:22,824 INFO TARGETED OCR: Field=SIM No Region={'x': 913, 'y': 494, 'width': 192, 'height': 16} Variant=3x_adaptive PSM=8 Whitelist=False Result='CRDxuU3204766550Y84' Candidate='CRDxuU3204766550Y84' Valid=True Conf=23.0
2026-08-15 15:03:22,960 INFO TARGETED OCR: Field=SIM No Region={'x': 913, 'y': 494, 'width': 192, 'height': 16} Variant=3x_adaptive PSM=6 Whitelist=False Result='CRDxuU3204766550Y84' Candidate='CRDxuU3204766550Y84' Valid=True Conf=70.0
2026-08-15 15:03:23,092 INFO TARGETED OCR: Field=SIM No Region={'x': 913, 'y': 494, 'width': 192, 'height': 16} Variant=3x_adaptive PSM=13 Whitelist=False Result='CRDxuU3204766550Y84' Candidate='CRDxuU3204766550Y84' Valid=True Conf=23.0
2026-08-15 15:03:23,092 INFO TARGETED OCR ACCEPTED: Record=3 Field=SIM No Value='CRDxuU3204766550¥84' Conf=8.5 Decision=ACCEPTED_CONSENSUS
2026-08-15 15:03:23,092 INFO TARGETED OCR START: Record=3 Field=Card Type Region={'x': 775, 'y': 538, 'width': 153, 'height': 15}
2026-08-15 15:03:23,231 INFO TARGETED OCR: Field=Card Type Region={'x': 775, 'y': 538, 'width': 153, 'height': 15} Variant=3x_contrast PSM=7 Whitelist=False Result='Visa Titanium-Plus' Candidate='Visa Titanium-Plus' Valid=True Conf=91.5
2026-08-15 15:03:23,350 INFO TARGETED OCR: Field=Card Type Region={'x': 775, 'y': 538, 'width': 153, 'height': 15} Variant=3x_contrast PSM=8 Whitelist=False Result='Visa Titanium-Plus' Candidate='Visa Titanium-Plus' Valid=True Conf=82.0
2026-08-15 15:03:23,474 INFO TARGETED OCR: Field=Card Type Region={'x': 775, 'y': 538, 'width': 153, 'height': 15} Variant=3x_contrast PSM=6 Whitelist=False Result='Visa Titanium-Plus' Candidate='Visa Titanium-Plus' Valid=True Conf=91.5
2026-08-15 15:03:23,595 INFO TARGETED OCR: Field=Card Type Region={'x': 775, 'y': 538, 'width': 153, 'height': 15} Variant=3x_contrast PSM=13 Whitelist=False Result='Visa Titanium-Plus' Candidate='Visa Titanium-Plus' Valid=True Conf=82.0
2026-08-15 15:03:23,727 INFO TARGETED OCR: Field=Card Type Region={'x': 775, 'y': 538, 'width': 153, 'height': 15} Variant=4x_contrast PSM=7 Whitelist=False Result='Visa Titanium-Plus' Candidate='Visa Titanium-Plus' Valid=True Conf=92.0
2026-08-15 15:03:23,867 INFO TARGETED OCR: Field=Card Type Region={'x': 775, 'y': 538, 'width': 153, 'height': 15} Variant=4x_contrast PSM=8 Whitelist=False Result='Visa Titanium-Plus' Candidate='Visa Titanium-Plus' Valid=True Conf=79.0
2026-08-15 15:03:24,010 INFO TARGETED OCR: Field=Card Type Region={'x': 775, 'y': 538, 'width': 153, 'height': 15} Variant=4x_contrast PSM=6 Whitelist=False Result='Visa Titanium-Plus' Candidate='Visa Titanium-Plus' Valid=True Conf=92.0
2026-08-15 15:03:24,133 INFO TARGETED OCR: Field=Card Type Region={'x': 775, 'y': 538, 'width': 153, 'height': 15} Variant=4x_contrast PSM=13 Whitelist=False Result='Visa Titanium-Plus' Candidate='Visa Titanium-Plus' Valid=True Conf=79.0
2026-08-15 15:03:24,282 INFO TARGETED OCR: Field=Card Type Region={'x': 775, 'y': 538, 'width': 153, 'height': 15} Variant=4x_otsu PSM=7 Whitelist=False Result='Visa Titanium-Plus' Candidate='Visa Titanium-Plus' Valid=True Conf=91.0
2026-08-15 15:03:24,441 INFO TARGETED OCR: Field=Card Type Region={'x': 775, 'y': 538, 'width': 153, 'height': 15} Variant=4x_otsu PSM=8 Whitelist=False Result='Visa Titanium-Plus.' Candidate='Visa Titanium-Plus.' Valid=True Conf=59.0
2026-08-15 15:03:24,568 INFO TARGETED OCR: Field=Card Type Region={'x': 775, 'y': 538, 'width': 153, 'height': 15} Variant=4x_otsu PSM=6 Whitelist=False Result='Visa Titanium-Plus' Candidate='Visa Titanium-Plus' Valid=True Conf=91.0
2026-08-15 15:03:24,684 INFO TARGETED OCR: Field=Card Type Region={'x': 775, 'y': 538, 'width': 153, 'height': 15} Variant=4x_otsu PSM=13 Whitelist=False Result='Visa Titanium-Plus.' Candidate='Visa Titanium-Plus.' Valid=True Conf=59.0
2026-08-15 15:03:24,817 INFO TARGETED OCR: Field=Card Type Region={'x': 775, 'y': 538, 'width': 153, 'height': 15} Variant=3x_adaptive PSM=7 Whitelist=False Result='Visa Titanium-Plus' Candidate='Visa Titanium-Plus' Valid=True Conf=92.0
2026-08-15 15:03:24,950 INFO TARGETED OCR: Field=Card Type Region={'x': 775, 'y': 538, 'width': 153, 'height': 15} Variant=3x_adaptive PSM=8 Whitelist=False Result='Visa Titanium-Plus' Candidate='Visa Titanium-Plus' Valid=True Conf=84.0
2026-08-15 15:03:25,097 INFO TARGETED OCR: Field=Card Type Region={'x': 775, 'y': 538, 'width': 153, 'height': 15} Variant=3x_adaptive PSM=6 Whitelist=False Result='Visa Titanium-Plus' Candidate='Visa Titanium-Plus' Valid=True Conf=92.0
2026-08-15 15:03:25,226 INFO TARGETED OCR: Field=Card Type Region={'x': 775, 'y': 538, 'width': 153, 'height': 15} Variant=3x_adaptive PSM=13 Whitelist=False Result='Visa Titanium-Plus' Candidate='Visa Titanium-Plus' Valid=True Conf=84.0
2026-08-15 15:03:25,226 INFO TARGETED OCR ACCEPTED: Record=3 Field=Card Type Value='Visa Titanium-Plus' Conf=87.4 Decision=ACCEPTED_CONSENSUS
2026-08-15 15:03:25,226 INFO TARGETED OCR START: Record=3 Field=Contact Region={'x': 968, 'y': 538, 'width': 38, 'height': 15}
2026-08-15 15:03:25,347 INFO TARGETED OCR: Field=Contact Region={'x': 968, 'y': 538, 'width': 38, 'height': 15} Variant=3x_contrast PSM=7 Whitelist=False Result='£507' Candidate='507' Valid=True Conf=89.0
2026-08-15 15:03:25,465 INFO TARGETED OCR: Field=Contact Region={'x': 968, 'y': 538, 'width': 38, 'height': 15} Variant=3x_contrast PSM=7 Whitelist=True Result='507' Candidate='507' Valid=True Conf=0.0
2026-08-15 15:03:25,586 INFO TARGETED OCR: Field=Contact Region={'x': 968, 'y': 538, 'width': 38, 'height': 15} Variant=3x_contrast PSM=8 Whitelist=False Result='‘£507' Candidate='507' Valid=True Conf=54.0
2026-08-15 15:03:25,709 INFO TARGETED OCR: Field=Contact Region={'x': 968, 'y': 538, 'width': 38, 'height': 15} Variant=3x_contrast PSM=8 Whitelist=True Result='507' Candidate='507' Valid=True Conf=18.0
2026-08-15 15:03:25,830 INFO TARGETED OCR: Field=Contact Region={'x': 968, 'y': 538, 'width': 38, 'height': 15} Variant=3x_contrast PSM=6 Whitelist=False Result='£507' Candidate='507' Valid=True Conf=89.0
2026-08-15 15:03:25,950 INFO TARGETED OCR: Field=Contact Region={'x': 968, 'y': 538, 'width': 38, 'height': 15} Variant=3x_contrast PSM=6 Whitelist=True Result='507' Candidate='507' Valid=True Conf=0.0
2026-08-15 15:03:26,071 INFO TARGETED OCR: Field=Contact Region={'x': 968, 'y': 538, 'width': 38, 'height': 15} Variant=3x_contrast PSM=13 Whitelist=False Result='‘£507' Candidate='507' Valid=True Conf=54.0
2026-08-15 15:03:26,196 INFO TARGETED OCR: Field=Contact Region={'x': 968, 'y': 538, 'width': 38, 'height': 15} Variant=3x_contrast PSM=13 Whitelist=True Result='507' Candidate='507' Valid=True Conf=18.0
2026-08-15 15:03:26,308 INFO TARGETED OCR: Field=Contact Region={'x': 968, 'y': 538, 'width': 38, 'height': 15} Variant=4x_contrast PSM=7 Whitelist=False Result='E507' Candidate='507' Valid=True Conf=68.0
2026-08-15 15:03:26,421 INFO TARGETED OCR: Field=Contact Region={'x': 968, 'y': 538, 'width': 38, 'height': 15} Variant=4x_contrast PSM=7 Whitelist=True Result='507' Candidate='507' Valid=True Conf=0.0
2026-08-15 15:03:26,535 INFO TARGETED OCR: Field=Contact Region={'x': 968, 'y': 538, 'width': 38, 'height': 15} Variant=4x_contrast PSM=8 Whitelist=False Result='£507' Candidate='507' Valid=True Conf=60.0
2026-08-15 15:03:26,642 INFO TARGETED OCR: Field=Contact Region={'x': 968, 'y': 538, 'width': 38, 'height': 15} Variant=4x_contrast PSM=8 Whitelist=True Result='507' Candidate='507' Valid=True Conf=7.0
2026-08-15 15:03:26,751 INFO TARGETED OCR: Field=Contact Region={'x': 968, 'y': 538, 'width': 38, 'height': 15} Variant=4x_contrast PSM=6 Whitelist=False Result='E507' Candidate='507' Valid=True Conf=68.0
2026-08-15 15:03:26,859 INFO TARGETED OCR: Field=Contact Region={'x': 968, 'y': 538, 'width': 38, 'height': 15} Variant=4x_contrast PSM=6 Whitelist=True Result='507' Candidate='507' Valid=True Conf=0.0
2026-08-15 15:03:26,966 INFO TARGETED OCR: Field=Contact Region={'x': 968, 'y': 538, 'width': 38, 'height': 15} Variant=4x_contrast PSM=13 Whitelist=False Result='£507' Candidate='507' Valid=True Conf=60.0
2026-08-15 15:03:27,077 INFO TARGETED OCR: Field=Contact Region={'x': 968, 'y': 538, 'width': 38, 'height': 15} Variant=4x_contrast PSM=13 Whitelist=True Result='507' Candidate='507' Valid=True Conf=7.0
2026-08-15 15:03:27,188 INFO TARGETED OCR: Field=Contact Region={'x': 968, 'y': 538, 'width': 38, 'height': 15} Variant=4x_otsu PSM=7 Whitelist=False Result='£507' Candidate='507' Valid=True Conf=73.0
2026-08-15 15:03:27,316 INFO TARGETED OCR: Field=Contact Region={'x': 968, 'y': 538, 'width': 38, 'height': 15} Variant=4x_otsu PSM=7 Whitelist=True Result='507' Candidate='507' Valid=True Conf=0.0
2026-08-15 15:03:27,426 INFO TARGETED OCR: Field=Contact Region={'x': 968, 'y': 538, 'width': 38, 'height': 15} Variant=4x_otsu PSM=8 Whitelist=False Result='£507' Candidate='507' Valid=True Conf=22.0
2026-08-15 15:03:27,538 INFO TARGETED OCR: Field=Contact Region={'x': 968, 'y': 538, 'width': 38, 'height': 15} Variant=4x_otsu PSM=8 Whitelist=True Result='507' Candidate='507' Valid=True Conf=0.0
2026-08-15 15:03:27,661 INFO TARGETED OCR: Field=Contact Region={'x': 968, 'y': 538, 'width': 38, 'height': 15} Variant=4x_otsu PSM=6 Whitelist=False Result='£507' Candidate='507' Valid=True Conf=73.0
2026-08-15 15:03:27,768 INFO TARGETED OCR: Field=Contact Region={'x': 968, 'y': 538, 'width': 38, 'height': 15} Variant=4x_otsu PSM=6 Whitelist=True Result='507' Candidate='507' Valid=True Conf=0.0
2026-08-15 15:03:27,877 INFO TARGETED OCR: Field=Contact Region={'x': 968, 'y': 538, 'width': 38, 'height': 15} Variant=4x_otsu PSM=13 Whitelist=False Result='£507' Candidate='507' Valid=True Conf=22.0
2026-08-15 15:03:27,994 INFO TARGETED OCR: Field=Contact Region={'x': 968, 'y': 538, 'width': 38, 'height': 15} Variant=4x_otsu PSM=13 Whitelist=True Result='507' Candidate='507' Valid=True Conf=0.0
2026-08-15 15:03:28,108 INFO TARGETED OCR: Field=Contact Region={'x': 968, 'y': 538, 'width': 38, 'height': 15} Variant=3x_adaptive PSM=7 Whitelist=False Result='E507' Candidate='507' Valid=True Conf=85.0
2026-08-15 15:03:28,230 INFO TARGETED OCR: Field=Contact Region={'x': 968, 'y': 538, 'width': 38, 'height': 15} Variant=3x_adaptive PSM=7 Whitelist=True Result='507' Candidate='507' Valid=True Conf=0.0
2026-08-15 15:03:28,352 INFO TARGETED OCR: Field=Contact Region={'x': 968, 'y': 538, 'width': 38, 'height': 15} Variant=3x_adaptive PSM=8 Whitelist=False Result='£507' Candidate='507' Valid=True Conf=63.0
2026-08-15 15:03:28,475 INFO TARGETED OCR: Field=Contact Region={'x': 968, 'y': 538, 'width': 38, 'height': 15} Variant=3x_adaptive PSM=8 Whitelist=True Result='507' Candidate='507' Valid=True Conf=0.0
2026-08-15 15:03:28,588 INFO TARGETED OCR: Field=Contact Region={'x': 968, 'y': 538, 'width': 38, 'height': 15} Variant=3x_adaptive PSM=6 Whitelist=False Result='E507' Candidate='507' Valid=True Conf=85.0
2026-08-15 15:03:28,715 INFO TARGETED OCR: Field=Contact Region={'x': 968, 'y': 538, 'width': 38, 'height': 15} Variant=3x_adaptive PSM=6 Whitelist=True Result='507' Candidate='507' Valid=True Conf=0.0
2026-08-15 15:03:28,835 INFO TARGETED OCR: Field=Contact Region={'x': 968, 'y': 538, 'width': 38, 'height': 15} Variant=3x_adaptive PSM=13 Whitelist=False Result='£507' Candidate='507' Valid=True Conf=63.0
2026-08-15 15:03:28,948 INFO TARGETED OCR: Field=Contact Region={'x': 968, 'y': 538, 'width': 38, 'height': 15} Variant=3x_adaptive PSM=13 Whitelist=True Result='507' Candidate='507' Valid=True Conf=0.0
2026-08-15 15:03:28,949 INFO TARGETED OCR ACCEPTED: Record=3 Field=Contact Value='507' Conf=53.9 Decision=ACCEPTED_CONSENSUS
2026-08-15 15:03:28,949 WARNING RECORD 3 FIELD Postal Code | raw='' normalized='' confidence=0.0 validation=REVIEW reasons=MISSING_REQUIRED_FIELD,FIELD_REGION_NOT_LOCATED targeted={'attempted': False, 'decision': 'FIELD_REGION_NOT_LOCATED'}
2026-08-15 15:03:28,949 WARNING RECORD 3 FIELD Contact | raw='£507' normalized='507' confidence=53.9 validation=REVIEW reasons=LOW_OCR_CONFIDENCE targeted={'attempted': True, 'decision': 'ACCEPTED_CONSENSUS', 'value': '507', 'raw_text': '£507', 'confidence': 53.9, 'votes': 32, 'tokens': [{'text': '£507', 'x': 968, 'y': 538, 'width': 38, 'height': 16, 'confidence': 89.0, 'needs_review': False}], 'runs': [{'variant': '3x_contrast', 'psm': 7, 'whitelist': False, 'raw_text': '£507', 'cleaned': '507', 'confidence': 89.0, 'is_valid': True}, {'variant': '3x_contrast', 'psm': 7, 'whitelist': True, 'raw_text': '507', 'cleaned': '507', 'confidence': 0.0, 'is_valid': True}, {'variant': '3x_contrast', 'psm': 8, 'whitelist': False, 'raw_text': '‘£507', 'cleaned': '507', 'confidence': 54.0, 'is_valid': True}, {'variant': '3x_contrast', 'psm': 8, 'whitelist': True, 'raw_text': '507', 'cleaned': '507', 'confidence': 18.0, 'is_valid': True}, {'variant': '3x_contrast', 'psm': 6, 'whitelist': False, 'raw_text': '£507', 'cleaned': '507', 'confidence': 89.0, 'is_valid': True}, {'variant': '3x_contrast', 'psm': 6, 'whitelist': True, 'raw_text': '507', 'cleaned': '507', 'confidence': 0.0, 'is_valid': True}, {'variant': '3x_contrast', 'psm': 13, 'whitelist': False, 'raw_text': '‘£507', 'cleaned': '507', 'confidence': 54.0, 'is_valid': True}, {'variant': '3x_contrast', 'psm': 13, 'whitelist': True, 'raw_text': '507', 'cleaned': '507', 'confidence': 18.0, 'is_valid': True}, {'variant': '4x_contrast', 'psm': 7, 'whitelist': False, 'raw_text': 'E507', 'cleaned': '507', 'confidence': 68.0, 'is_valid': True}, {'variant': '4x_contrast', 'psm': 7, 'whitelist': True, 'raw_text': '507', 'cleaned': '507', 'confidence': 0.0, 'is_valid': True}, {'variant': '4x_contrast', 'psm': 8, 'whitelist': False, 'raw_text': '£507', 'cleaned': '507', 'confidence': 60.0, 'is_valid': True}, {'variant': '4x_contrast', 'psm': 8, 'whitelist': True, 'raw_text': '507', 'cleaned': '507', 'confidence': 7.0, 'is_valid': True}, {'variant': '4x_contrast', 'psm': 6, 'whitelist': False, 'raw_text': 'E507', 'cleaned': '507', 'confidence': 68.0, 'is_valid': True}, {'variant': '4x_contrast', 'psm': 6, 'whitelist': True, 'raw_text': '507', 'cleaned': '507', 'confidence': 0.0, 'is_valid': True}, {'variant': '4x_contrast', 'psm': 13, 'whitelist': False, 'raw_text': '£507', 'cleaned': '507', 'confidence': 60.0, 'is_valid': True}, {'variant': '4x_contrast', 'psm': 13, 'whitelist': True, 'raw_text': '507', 'cleaned': '507', 'confidence': 7.0, 'is_valid': True}, {'variant': '4x_otsu', 'psm': 7, 'whitelist': False, 'raw_text': '£507', 'cleaned': '507', 'confidence': 73.0, 'is_valid': True}, {'variant': '4x_otsu', 'psm': 7, 'whitelist': True, 'raw_text': '507', 'cleaned': '507', 'confidence': 0.0, 'is_valid': True}, {'variant': '4x_otsu', 'psm': 8, 'whitelist': False, 'raw_text': '£507', 'cleaned': '507', 'confidence': 22.0, 'is_valid': True}, {'variant': '4x_otsu', 'psm': 8, 'whitelist': True, 'raw_text': '507', 'cleaned': '507', 'confidence': 0.0, 'is_valid': True}, {'variant': '4x_otsu', 'psm': 6, 'whitelist': False, 'raw_text': '£507', 'cleaned': '507', 'confidence': 73.0, 'is_valid': True}, {'variant': '4x_otsu', 'psm': 6, 'whitelist': True, 'raw_text': '507', 'cleaned': '507', 'confidence': 0.0, 'is_valid': True}, {'variant': '4x_otsu', 'psm': 13, 'whitelist': False, 'raw_text': '£507', 'cleaned': '507', 'confidence': 22.0, 'is_valid': True}, {'variant': '4x_otsu', 'psm': 13, 'whitelist': True, 'raw_text': '507', 'cleaned': '507', 'confidence': 0.0, 'is_valid': True}, {'variant': '3x_adaptive', 'psm': 7, 'whitelist': False, 'raw_text': 'E507', 'cleaned': '507', 'confidence': 85.0, 'is_valid': True}, {'variant': '3x_adaptive', 'psm': 7, 'whitelist': True, 'raw_text': '507', 'cleaned': '507', 'confidence': 0.0, 'is_valid': True}, {'variant': '3x_adaptive', 'psm': 8, 'whitelist': False, 'raw_text': '£507', 'cleaned': '507', 'confidence': 63.0, 'is_valid': True}, {'variant': '3x_adaptive', 'psm': 8, 'whitelist': True, 'raw_text': '507', 'cleaned': '507', 'confidence': 0.0, 'is_valid': True}, {'variant': '3x_adaptive', 'psm': 6, 'whitelist': False, 'raw_text': 'E507', 'cleaned': '507', 'confidence': 85.0, 'is_valid': True}, {'variant': '3x_adaptive', 'psm': 6, 'whitelist': True, 'raw_text': '507', 'cleaned': '507', 'confidence': 0.0, 'is_valid': True}, {'variant': '3x_adaptive', 'psm': 13, 'whitelist': False, 'raw_text': '£507', 'cleaned': '507', 'confidence': 63.0, 'is_valid': True}, {'variant': '3x_adaptive', 'psm': 13, 'whitelist': True, 'raw_text': '507', 'cleaned': '507', 'confidence': 0.0, 'is_valid': True}]}
2026-08-15 15:03:28,950 WARNING RECORD 3 STATUS: REVIEW_REQUIRED
2026-08-15 15:03:28,997 INFO FIELD REGION: Record=4 Field=Profession Label='ProFessional' Label bbox={'x': 788, 'y': 667, 'width': 104, 'height': 15} Value region={'x': 928, 'y': 666, 'width': 299, 'height': 20} Region confidence=0.95
2026-08-15 15:03:28,997 INFO FIELD OWNERSHIP: Record=4 Field=Mobile Model Tokens='Nokia 6800 607198-24-653336-5'
2026-08-15 15:03:28,997 INFO FIELD OWNERSHIP: Record=4 Field=IMEI 1 Tokens='!%%SS!-!#-798797-7'
2026-08-15 15:03:28,997 INFO TARGETED OCR START: Record=4 Field=Last Name Region={'x': 138, 'y': 667, 'width': 87, 'height': 15}
2026-08-15 15:03:29,124 INFO TARGETED OCR: Field=Last Name Region={'x': 138, 'y': 667, 'width': 87, 'height': 15} Variant=3x_contrast PSM=7 Whitelist=False Result='Mccracken' Candidate='Mccracken' Valid=True Conf=92.0
2026-08-15 15:03:29,238 INFO TARGETED OCR: Field=Last Name Region={'x': 138, 'y': 667, 'width': 87, 'height': 15} Variant=3x_contrast PSM=7 Whitelist=True Result='Mccracken' Candidate='Mccracken' Valid=True Conf=92.0
2026-08-15 15:03:29,351 INFO TARGETED OCR: Field=Last Name Region={'x': 138, 'y': 667, 'width': 87, 'height': 15} Variant=3x_contrast PSM=8 Whitelist=False Result='Mccracken:' Candidate='Mccracken' Valid=True Conf=0.0
2026-08-15 15:03:29,468 INFO TARGETED OCR: Field=Last Name Region={'x': 138, 'y': 667, 'width': 87, 'height': 15} Variant=3x_contrast PSM=8 Whitelist=True Result='Mccracken' Candidate='Mccracken' Valid=True Conf=0.0
2026-08-15 15:03:29,583 INFO TARGETED OCR: Field=Last Name Region={'x': 138, 'y': 667, 'width': 87, 'height': 15} Variant=3x_contrast PSM=6 Whitelist=False Result='Mccracken' Candidate='Mccracken' Valid=True Conf=92.0
2026-08-15 15:03:29,694 INFO TARGETED OCR: Field=Last Name Region={'x': 138, 'y': 667, 'width': 87, 'height': 15} Variant=3x_contrast PSM=6 Whitelist=True Result='Mccracken' Candidate='Mccracken' Valid=True Conf=92.0
2026-08-15 15:03:29,803 INFO TARGETED OCR: Field=Last Name Region={'x': 138, 'y': 667, 'width': 87, 'height': 15} Variant=3x_contrast PSM=13 Whitelist=False Result='Mccracken:' Candidate='Mccracken' Valid=True Conf=0.0
2026-08-15 15:03:29,925 INFO TARGETED OCR: Field=Last Name Region={'x': 138, 'y': 667, 'width': 87, 'height': 15} Variant=3x_contrast PSM=13 Whitelist=True Result='Mccracken' Candidate='Mccracken' Valid=True Conf=0.0
2026-08-15 15:03:30,051 INFO TARGETED OCR: Field=Last Name Region={'x': 138, 'y': 667, 'width': 87, 'height': 15} Variant=4x_contrast PSM=7 Whitelist=False Result='Mccracken' Candidate='Mccracken' Valid=True Conf=91.0
2026-08-15 15:03:30,168 INFO TARGETED OCR: Field=Last Name Region={'x': 138, 'y': 667, 'width': 87, 'height': 15} Variant=4x_contrast PSM=7 Whitelist=True Result='Mccracken' Candidate='Mccracken' Valid=True Conf=91.0
2026-08-15 15:03:30,285 INFO TARGETED OCR: Field=Last Name Region={'x': 138, 'y': 667, 'width': 87, 'height': 15} Variant=4x_contrast PSM=8 Whitelist=False Result='Mccracken:' Candidate='Mccracken' Valid=True Conf=0.0
2026-08-15 15:03:30,403 INFO TARGETED OCR: Field=Last Name Region={'x': 138, 'y': 667, 'width': 87, 'height': 15} Variant=4x_contrast PSM=8 Whitelist=True Result='Mccracken' Candidate='Mccracken' Valid=True Conf=0.0
2026-08-15 15:03:30,520 INFO TARGETED OCR: Field=Last Name Region={'x': 138, 'y': 667, 'width': 87, 'height': 15} Variant=4x_contrast PSM=6 Whitelist=False Result='Mccracken' Candidate='Mccracken' Valid=True Conf=91.0
2026-08-15 15:03:30,640 INFO TARGETED OCR: Field=Last Name Region={'x': 138, 'y': 667, 'width': 87, 'height': 15} Variant=4x_contrast PSM=6 Whitelist=True Result='Mccracken' Candidate='Mccracken' Valid=True Conf=91.0
2026-08-15 15:03:30,760 INFO TARGETED OCR: Field=Last Name Region={'x': 138, 'y': 667, 'width': 87, 'height': 15} Variant=4x_contrast PSM=13 Whitelist=False Result='Mccracken:' Candidate='Mccracken' Valid=True Conf=0.0
2026-08-15 15:03:30,892 INFO TARGETED OCR: Field=Last Name Region={'x': 138, 'y': 667, 'width': 87, 'height': 15} Variant=4x_contrast PSM=13 Whitelist=True Result='Mccracken' Candidate='Mccracken' Valid=True Conf=0.0
2026-08-15 15:03:31,026 INFO TARGETED OCR: Field=Last Name Region={'x': 138, 'y': 667, 'width': 87, 'height': 15} Variant=4x_otsu PSM=7 Whitelist=False Result='Mccracken' Candidate='Mccracken' Valid=True Conf=91.0
2026-08-15 15:03:31,156 INFO TARGETED OCR: Field=Last Name Region={'x': 138, 'y': 667, 'width': 87, 'height': 15} Variant=4x_otsu PSM=7 Whitelist=True Result='Mccracken' Candidate='Mccracken' Valid=True Conf=91.0
2026-08-15 15:03:31,268 INFO TARGETED OCR: Field=Last Name Region={'x': 138, 'y': 667, 'width': 87, 'height': 15} Variant=4x_otsu PSM=8 Whitelist=False Result='Mccracken:' Candidate='Mccracken' Valid=True Conf=0.0
2026-08-15 15:03:31,380 INFO TARGETED OCR: Field=Last Name Region={'x': 138, 'y': 667, 'width': 87, 'height': 15} Variant=4x_otsu PSM=8 Whitelist=True Result='Mccracken' Candidate='Mccracken' Valid=True Conf=0.0
2026-08-15 15:03:31,494 INFO TARGETED OCR: Field=Last Name Region={'x': 138, 'y': 667, 'width': 87, 'height': 15} Variant=4x_otsu PSM=6 Whitelist=False Result='Mccracken' Candidate='Mccracken' Valid=True Conf=91.0
2026-08-15 15:03:31,603 INFO TARGETED OCR: Field=Last Name Region={'x': 138, 'y': 667, 'width': 87, 'height': 15} Variant=4x_otsu PSM=6 Whitelist=True Result='Mccracken' Candidate='Mccracken' Valid=True Conf=91.0
2026-08-15 15:03:31,711 INFO TARGETED OCR: Field=Last Name Region={'x': 138, 'y': 667, 'width': 87, 'height': 15} Variant=4x_otsu PSM=13 Whitelist=False Result='Mccracken:' Candidate='Mccracken' Valid=True Conf=0.0
2026-08-15 15:03:31,823 INFO TARGETED OCR: Field=Last Name Region={'x': 138, 'y': 667, 'width': 87, 'height': 15} Variant=4x_otsu PSM=13 Whitelist=True Result='Mccracken' Candidate='Mccracken' Valid=True Conf=0.0
2026-08-15 15:03:31,951 INFO TARGETED OCR: Field=Last Name Region={'x': 138, 'y': 667, 'width': 87, 'height': 15} Variant=3x_adaptive PSM=7 Whitelist=False Result='Mccracken' Candidate='Mccracken' Valid=True Conf=88.0
2026-08-15 15:03:32,061 INFO TARGETED OCR: Field=Last Name Region={'x': 138, 'y': 667, 'width': 87, 'height': 15} Variant=3x_adaptive PSM=7 Whitelist=True Result='Mccracken' Candidate='Mccracken' Valid=True Conf=88.0
2026-08-15 15:03:32,174 INFO TARGETED OCR: Field=Last Name Region={'x': 138, 'y': 667, 'width': 87, 'height': 15} Variant=3x_adaptive PSM=8 Whitelist=False Result='Mccracken.' Candidate='Mccracken' Valid=True Conf=0.0
2026-08-15 15:03:32,286 INFO TARGETED OCR: Field=Last Name Region={'x': 138, 'y': 667, 'width': 87, 'height': 15} Variant=3x_adaptive PSM=8 Whitelist=True Result='Mccracken' Candidate='Mccracken' Valid=True Conf=0.0
2026-08-15 15:03:32,417 INFO TARGETED OCR: Field=Last Name Region={'x': 138, 'y': 667, 'width': 87, 'height': 15} Variant=3x_adaptive PSM=6 Whitelist=False Result='Mccracken' Candidate='Mccracken' Valid=True Conf=88.0
2026-08-15 15:03:32,529 INFO TARGETED OCR: Field=Last Name Region={'x': 138, 'y': 667, 'width': 87, 'height': 15} Variant=3x_adaptive PSM=6 Whitelist=True Result='Mccracken' Candidate='Mccracken' Valid=True Conf=88.0
2026-08-15 15:03:32,641 INFO TARGETED OCR: Field=Last Name Region={'x': 138, 'y': 667, 'width': 87, 'height': 15} Variant=3x_adaptive PSM=13 Whitelist=False Result='Mccracken.' Candidate='Mccracken' Valid=True Conf=0.0
2026-08-15 15:03:32,753 INFO TARGETED OCR: Field=Last Name Region={'x': 138, 'y': 667, 'width': 87, 'height': 15} Variant=3x_adaptive PSM=13 Whitelist=True Result='Mccracken' Candidate='Mccracken' Valid=True Conf=0.0
2026-08-15 15:03:32,753 INFO TARGETED OCR ACCEPTED: Record=4 Field=Last Name Value='Mccracken' Conf=90.5 Decision=ACCEPTED_CONSENSUS
2026-08-15 15:03:32,753 INFO TARGETED OCR START: Record=4 Field=Email Region={'x': 260, 'y': 667, 'width': 110, 'height': 19}
2026-08-15 15:03:32,875 INFO TARGETED OCR: Field=Email Region={'x': 260, 'y': 667, 'width': 110, 'height': 19} Variant=3x_contrast PSM=7 Whitelist=False Result='alex@nhs.net' Candidate='alex@nhs.net' Valid=True Conf=89.0
2026-08-15 15:03:32,984 INFO TARGETED OCR: Field=Email Region={'x': 260, 'y': 667, 'width': 110, 'height': 19} Variant=3x_contrast PSM=8 Whitelist=False Result='alex@nhs.net' Candidate='alex@nhs.net' Valid=True Conf=87.0
2026-08-15 15:03:33,095 INFO TARGETED OCR: Field=Email Region={'x': 260, 'y': 667, 'width': 110, 'height': 19} Variant=3x_contrast PSM=6 Whitelist=False Result='alex@nhs.net' Candidate='alex@nhs.net' Valid=True Conf=89.0
2026-08-15 15:03:33,208 INFO TARGETED OCR: Field=Email Region={'x': 260, 'y': 667, 'width': 110, 'height': 19} Variant=3x_contrast PSM=13 Whitelist=False Result='alex@nhs.net' Candidate='alex@nhs.net' Valid=True Conf=87.0
2026-08-15 15:03:33,326 INFO TARGETED OCR: Field=Email Region={'x': 260, 'y': 667, 'width': 110, 'height': 19} Variant=4x_contrast PSM=7 Whitelist=False Result='alex@nhs.net' Candidate='alex@nhs.net' Valid=True Conf=91.0
2026-08-15 15:03:33,444 INFO TARGETED OCR: Field=Email Region={'x': 260, 'y': 667, 'width': 110, 'height': 19} Variant=4x_contrast PSM=8 Whitelist=False Result='alex@nhs.net' Candidate='alex@nhs.net' Valid=True Conf=85.0
2026-08-15 15:03:33,562 INFO TARGETED OCR: Field=Email Region={'x': 260, 'y': 667, 'width': 110, 'height': 19} Variant=4x_contrast PSM=6 Whitelist=False Result='alex@nhs.net' Candidate='alex@nhs.net' Valid=True Conf=91.0
2026-08-15 15:03:33,700 INFO TARGETED OCR: Field=Email Region={'x': 260, 'y': 667, 'width': 110, 'height': 19} Variant=4x_contrast PSM=13 Whitelist=False Result='alex@nhs.net' Candidate='alex@nhs.net' Valid=True Conf=85.0
2026-08-15 15:03:33,823 INFO TARGETED OCR: Field=Email Region={'x': 260, 'y': 667, 'width': 110, 'height': 19} Variant=4x_otsu PSM=7 Whitelist=False Result='alex@nhs.net' Candidate='alex@nhs.net' Valid=True Conf=92.0
2026-08-15 15:03:33,938 INFO TARGETED OCR: Field=Email Region={'x': 260, 'y': 667, 'width': 110, 'height': 19} Variant=4x_otsu PSM=8 Whitelist=False Result='alex@nhs.net' Candidate='alex@nhs.net' Valid=True Conf=89.0
2026-08-15 15:03:34,054 INFO TARGETED OCR: Field=Email Region={'x': 260, 'y': 667, 'width': 110, 'height': 19} Variant=4x_otsu PSM=6 Whitelist=False Result='alex@nhs.net' Candidate='alex@nhs.net' Valid=True Conf=92.0
2026-08-15 15:03:34,169 INFO TARGETED OCR: Field=Email Region={'x': 260, 'y': 667, 'width': 110, 'height': 19} Variant=4x_otsu PSM=13 Whitelist=False Result='alex@nhs.net' Candidate='alex@nhs.net' Valid=True Conf=89.0
2026-08-15 15:03:34,285 INFO TARGETED OCR: Field=Email Region={'x': 260, 'y': 667, 'width': 110, 'height': 19} Variant=3x_adaptive PSM=7 Whitelist=False Result='alex@nhs.net' Candidate='alex@nhs.net' Valid=True Conf=88.0
2026-08-15 15:03:34,406 INFO TARGETED OCR: Field=Email Region={'x': 260, 'y': 667, 'width': 110, 'height': 19} Variant=3x_adaptive PSM=8 Whitelist=False Result='alex@nhs.net' Candidate='alex@nhs.net' Valid=True Conf=88.0
2026-08-15 15:03:34,528 INFO TARGETED OCR: Field=Email Region={'x': 260, 'y': 667, 'width': 110, 'height': 19} Variant=3x_adaptive PSM=6 Whitelist=False Result='alex@nhs.net' Candidate='alex@nhs.net' Valid=True Conf=88.0
2026-08-15 15:03:34,638 INFO TARGETED OCR: Field=Email Region={'x': 260, 'y': 667, 'width': 110, 'height': 19} Variant=3x_adaptive PSM=13 Whitelist=False Result='alex@nhs.net' Candidate='alex@nhs.net' Valid=True Conf=88.0
2026-08-15 15:03:34,638 INFO TARGETED OCR ACCEPTED: Record=4 Field=Email Value='alex@nhs.net' Conf=88.6 Decision=ACCEPTED_CONSENSUS
2026-08-15 15:03:34,638 INFO TARGETED OCR START: Record=4 Field=Gender Region={'x': 714, 'y': 667, 'width': 38, 'height': 15}
2026-08-15 15:03:34,759 INFO TARGETED OCR: Field=Gender Region={'x': 714, 'y': 667, 'width': 38, 'height': 15} Variant=3x_contrast PSM=7 Whitelist=False Result='Male' Candidate='Male' Valid=True Conf=96.0
2026-08-15 15:03:34,884 INFO TARGETED OCR: Field=Gender Region={'x': 714, 'y': 667, 'width': 38, 'height': 15} Variant=3x_contrast PSM=8 Whitelist=False Result='Male' Candidate='Male' Valid=True Conf=83.0
2026-08-15 15:03:34,995 INFO TARGETED OCR: Field=Gender Region={'x': 714, 'y': 667, 'width': 38, 'height': 15} Variant=3x_contrast PSM=6 Whitelist=False Result='Male' Candidate='Male' Valid=True Conf=96.0
2026-08-15 15:03:35,102 INFO TARGETED OCR: Field=Gender Region={'x': 714, 'y': 667, 'width': 38, 'height': 15} Variant=3x_contrast PSM=13 Whitelist=False Result='Male' Candidate='Male' Valid=True Conf=83.0
2026-08-15 15:03:35,227 INFO TARGETED OCR: Field=Gender Region={'x': 714, 'y': 667, 'width': 38, 'height': 15} Variant=4x_contrast PSM=7 Whitelist=False Result='Male' Candidate='Male' Valid=True Conf=96.0
2026-08-15 15:03:35,337 INFO TARGETED OCR: Field=Gender Region={'x': 714, 'y': 667, 'width': 38, 'height': 15} Variant=4x_contrast PSM=8 Whitelist=False Result='Male' Candidate='Male' Valid=True Conf=81.0
2026-08-15 15:03:35,447 INFO TARGETED OCR: Field=Gender Region={'x': 714, 'y': 667, 'width': 38, 'height': 15} Variant=4x_contrast PSM=6 Whitelist=False Result='Male' Candidate='Male' Valid=True Conf=96.0
2026-08-15 15:03:35,559 INFO TARGETED OCR: Field=Gender Region={'x': 714, 'y': 667, 'width': 38, 'height': 15} Variant=4x_contrast PSM=13 Whitelist=False Result='Male' Candidate='Male' Valid=True Conf=81.0
2026-08-15 15:03:35,676 INFO TARGETED OCR: Field=Gender Region={'x': 714, 'y': 667, 'width': 38, 'height': 15} Variant=4x_otsu PSM=7 Whitelist=False Result='Male' Candidate='Male' Valid=True Conf=96.0
2026-08-15 15:03:35,786 INFO TARGETED OCR: Field=Gender Region={'x': 714, 'y': 667, 'width': 38, 'height': 15} Variant=4x_otsu PSM=8 Whitelist=False Result='Male' Candidate='Male' Valid=True Conf=78.0
2026-08-15 15:03:35,904 INFO TARGETED OCR: Field=Gender Region={'x': 714, 'y': 667, 'width': 38, 'height': 15} Variant=4x_otsu PSM=6 Whitelist=False Result='Male' Candidate='Male' Valid=True Conf=96.0
2026-08-15 15:03:36,010 INFO TARGETED OCR: Field=Gender Region={'x': 714, 'y': 667, 'width': 38, 'height': 15} Variant=4x_otsu PSM=13 Whitelist=False Result='Male' Candidate='Male' Valid=True Conf=78.0
2026-08-15 15:03:36,140 INFO TARGETED OCR: Field=Gender Region={'x': 714, 'y': 667, 'width': 38, 'height': 15} Variant=3x_adaptive PSM=7 Whitelist=False Result='Male' Candidate='Male' Valid=True Conf=96.0
2026-08-15 15:03:36,268 INFO TARGETED OCR: Field=Gender Region={'x': 714, 'y': 667, 'width': 38, 'height': 15} Variant=3x_adaptive PSM=8 Whitelist=False Result='Male' Candidate='Male' Valid=True Conf=88.0
2026-08-15 15:03:36,414 INFO TARGETED OCR: Field=Gender Region={'x': 714, 'y': 667, 'width': 38, 'height': 15} Variant=3x_adaptive PSM=6 Whitelist=False Result='Male' Candidate='Male' Valid=True Conf=96.0
2026-08-15 15:03:36,539 INFO TARGETED OCR: Field=Gender Region={'x': 714, 'y': 667, 'width': 38, 'height': 15} Variant=3x_adaptive PSM=13 Whitelist=False Result='Male' Candidate='Male' Valid=True Conf=88.0
2026-08-15 15:03:36,540 INFO TARGETED OCR ACCEPTED: Record=4 Field=Gender Value='Male' Conf=89.2 Decision=ACCEPTED_CONSENSUS
2026-08-15 15:03:36,540 INFO TARGETED OCR START: Record=4 Field=Profession Region={'x': 928, 'y': 666, 'width': 299, 'height': 20}
2026-08-15 15:03:36,706 INFO TARGETED OCR: Field=Profession Region={'x': 928, 'y': 666, 'width': 299, 'height': 20} Variant=3x_contrast PSM=7 Whitelist=False Result='Building 500, Abbey Park, Coventry,' Candidate='Building 500, Abbey Park, Coventry,' Valid=True Conf=95.6
2026-08-15 15:03:36,851 INFO TARGETED OCR: Field=Profession Region={'x': 928, 'y': 666, 'width': 299, 'height': 20} Variant=3x_contrast PSM=8 Whitelist=False Result='Building 500, Abbey Park, Coventry,' Candidate='Building 500, Abbey Park, Coventry,' Valid=True Conf=93.6
2026-08-15 15:03:37,036 INFO TARGETED OCR: Field=Profession Region={'x': 928, 'y': 666, 'width': 299, 'height': 20} Variant=3x_contrast PSM=6 Whitelist=False Result='Building 500, Abbey Park, Coventry,' Candidate='Building 500, Abbey Park, Coventry,' Valid=True Conf=95.6
2026-08-15 15:03:37,188 INFO TARGETED OCR: Field=Profession Region={'x': 928, 'y': 666, 'width': 299, 'height': 20} Variant=3x_contrast PSM=13 Whitelist=False Result='Building 500, Abbey Park, Coventry,' Candidate='Building 500, Abbey Park, Coventry,' Valid=True Conf=93.6
2026-08-15 15:03:37,334 INFO TARGETED OCR: Field=Profession Region={'x': 928, 'y': 666, 'width': 299, 'height': 20} Variant=4x_contrast PSM=7 Whitelist=False Result='Building 500, Abbey Park, Coventry,' Candidate='Building 500, Abbey Park, Coventry,' Valid=True Conf=84.6
2026-08-15 15:03:37,469 INFO TARGETED OCR: Field=Profession Region={'x': 928, 'y': 666, 'width': 299, 'height': 20} Variant=4x_contrast PSM=8 Whitelist=False Result='Building 500, Abbey Park, Coventry,' Candidate='Building 500, Abbey Park, Coventry,' Valid=True Conf=94.4
2026-08-15 15:03:37,607 INFO TARGETED OCR: Field=Profession Region={'x': 928, 'y': 666, 'width': 299, 'height': 20} Variant=4x_contrast PSM=6 Whitelist=False Result='Building 500, Abbey Park, Coventry,' Candidate='Building 500, Abbey Park, Coventry,' Valid=True Conf=84.6
2026-08-15 15:03:37,742 INFO TARGETED OCR: Field=Profession Region={'x': 928, 'y': 666, 'width': 299, 'height': 20} Variant=4x_contrast PSM=13 Whitelist=False Result='Building 500, Abbey Park, Coventry,' Candidate='Building 500, Abbey Park, Coventry,' Valid=True Conf=94.4
2026-08-15 15:03:37,881 INFO TARGETED OCR: Field=Profession Region={'x': 928, 'y': 666, 'width': 299, 'height': 20} Variant=4x_otsu PSM=7 Whitelist=False Result='Building 500, Abbey Park, Coventry,' Candidate='Building 500, Abbey Park, Coventry,' Valid=True Conf=94.2
2026-08-15 15:03:38,014 INFO TARGETED OCR: Field=Profession Region={'x': 928, 'y': 666, 'width': 299, 'height': 20} Variant=4x_otsu PSM=8 Whitelist=False Result='Building 500, Abbey Park, Coventry,' Candidate='Building 500, Abbey Park, Coventry,' Valid=True Conf=93.4
2026-08-15 15:03:38,144 INFO TARGETED OCR: Field=Profession Region={'x': 928, 'y': 666, 'width': 299, 'height': 20} Variant=4x_otsu PSM=6 Whitelist=False Result='Building 500, Abbey Park, Coventry,' Candidate='Building 500, Abbey Park, Coventry,' Valid=True Conf=94.2
2026-08-15 15:03:38,269 INFO TARGETED OCR: Field=Profession Region={'x': 928, 'y': 666, 'width': 299, 'height': 20} Variant=4x_otsu PSM=13 Whitelist=False Result='Building 500, Abbey Park, Coventry,' Candidate='Building 500, Abbey Park, Coventry,' Valid=True Conf=93.4
2026-08-15 15:03:38,425 INFO TARGETED OCR: Field=Profession Region={'x': 928, 'y': 666, 'width': 299, 'height': 20} Variant=3x_adaptive PSM=7 Whitelist=False Result='Building 500, Abbey Park, Coventry,' Candidate='Building 500, Abbey Park, Coventry,' Valid=True Conf=87.6
2026-08-15 15:03:38,560 INFO TARGETED OCR: Field=Profession Region={'x': 928, 'y': 666, 'width': 299, 'height': 20} Variant=3x_adaptive PSM=8 Whitelist=False Result='Building 500, Abbey Park, Coventry,' Candidate='Building 500, Abbey Park, Coventry,' Valid=True Conf=93.0
2026-08-15 15:03:38,705 INFO TARGETED OCR: Field=Profession Region={'x': 928, 'y': 666, 'width': 299, 'height': 20} Variant=3x_adaptive PSM=6 Whitelist=False Result='Building 500, Abbey Park, Coventry,' Candidate='Building 500, Abbey Park, Coventry,' Valid=True Conf=87.6
2026-08-15 15:03:38,837 INFO TARGETED OCR: Field=Profession Region={'x': 928, 'y': 666, 'width': 299, 'height': 20} Variant=3x_adaptive PSM=13 Whitelist=False Result='Building 500, Abbey Park, Coventry,' Candidate='Building 500, Abbey Park, Coventry,' Valid=True Conf=93.0
2026-08-15 15:03:38,838 INFO TARGETED OCR ACCEPTED: Record=4 Field=Profession Value='Building 500, Abbey Park, Coventry,' Conf=92.0 Decision=ACCEPTED_CONSENSUS
2026-08-15 15:03:38,838 INFO TARGETED OCR START: Record=4 Field=Country Region={'x': 214, 'y': 710, 'width': 22, 'height': 15}
2026-08-15 15:03:38,980 INFO TARGETED OCR: Field=Country Region={'x': 214, 'y': 710, 'width': 22, 'height': 15} Variant=3x_contrast PSM=7 Whitelist=False Result='UK' Candidate='UK' Valid=True Conf=96.0
2026-08-15 15:03:39,107 INFO TARGETED OCR: Field=Country Region={'x': 214, 'y': 710, 'width': 22, 'height': 15} Variant=3x_contrast PSM=8 Whitelist=False Result='UK:' Candidate='UK' Valid=True Conf=65.0
2026-08-15 15:03:39,224 INFO TARGETED OCR: Field=Country Region={'x': 214, 'y': 710, 'width': 22, 'height': 15} Variant=3x_contrast PSM=6 Whitelist=False Result='UK' Candidate='UK' Valid=True Conf=96.0
2026-08-15 15:03:39,337 INFO TARGETED OCR: Field=Country Region={'x': 214, 'y': 710, 'width': 22, 'height': 15} Variant=3x_contrast PSM=13 Whitelist=False Result='UK:' Candidate='UK' Valid=True Conf=65.0
2026-08-15 15:03:39,474 INFO TARGETED OCR: Field=Country Region={'x': 214, 'y': 710, 'width': 22, 'height': 15} Variant=4x_contrast PSM=7 Whitelist=False Result='UK' Candidate='UK' Valid=True Conf=96.0
2026-08-15 15:03:39,588 INFO TARGETED OCR: Field=Country Region={'x': 214, 'y': 710, 'width': 22, 'height': 15} Variant=4x_contrast PSM=8 Whitelist=False Result='UK:' Candidate='UK' Valid=True Conf=65.0
2026-08-15 15:03:39,701 INFO TARGETED OCR: Field=Country Region={'x': 214, 'y': 710, 'width': 22, 'height': 15} Variant=4x_contrast PSM=6 Whitelist=False Result='UK' Candidate='UK' Valid=True Conf=96.0
2026-08-15 15:03:39,813 INFO TARGETED OCR: Field=Country Region={'x': 214, 'y': 710, 'width': 22, 'height': 15} Variant=4x_contrast PSM=13 Whitelist=False Result='UK:' Candidate='UK' Valid=True Conf=65.0
2026-08-15 15:03:39,933 INFO TARGETED OCR: Field=Country Region={'x': 214, 'y': 710, 'width': 22, 'height': 15} Variant=4x_otsu PSM=7 Whitelist=False Result='UK' Candidate='UK' Valid=True Conf=96.0
2026-08-15 15:03:40,051 INFO TARGETED OCR: Field=Country Region={'x': 214, 'y': 710, 'width': 22, 'height': 15} Variant=4x_otsu PSM=8 Whitelist=False Result='UK:' Candidate='UK' Valid=True Conf=63.0
2026-08-15 15:03:40,163 INFO TARGETED OCR: Field=Country Region={'x': 214, 'y': 710, 'width': 22, 'height': 15} Variant=4x_otsu PSM=6 Whitelist=False Result='UK' Candidate='UK' Valid=True Conf=96.0
2026-08-15 15:03:40,296 INFO TARGETED OCR: Field=Country Region={'x': 214, 'y': 710, 'width': 22, 'height': 15} Variant=4x_otsu PSM=13 Whitelist=False Result='UK:' Candidate='UK' Valid=True Conf=63.0
2026-08-15 15:03:40,418 INFO TARGETED OCR: Field=Country Region={'x': 214, 'y': 710, 'width': 22, 'height': 15} Variant=3x_adaptive PSM=7 Whitelist=False Result='UK' Candidate='UK' Valid=True Conf=96.0
2026-08-15 15:03:40,532 INFO TARGETED OCR: Field=Country Region={'x': 214, 'y': 710, 'width': 22, 'height': 15} Variant=3x_adaptive PSM=8 Whitelist=False Result='UK' Candidate='UK' Valid=True Conf=57.0
2026-08-15 15:03:40,648 INFO TARGETED OCR: Field=Country Region={'x': 214, 'y': 710, 'width': 22, 'height': 15} Variant=3x_adaptive PSM=6 Whitelist=False Result='UK' Candidate='UK' Valid=True Conf=96.0
2026-08-15 15:03:40,762 INFO TARGETED OCR: Field=Country Region={'x': 214, 'y': 710, 'width': 22, 'height': 15} Variant=3x_adaptive PSM=13 Whitelist=False Result='UK' Candidate='UK' Valid=True Conf=57.0
2026-08-15 15:03:40,763 INFO TARGETED OCR ACCEPTED: Record=4 Field=Country Value='UK' Conf=79.2 Decision=ACCEPTED_CONSENSUS
2026-08-15 15:03:40,763 INFO TARGETED OCR START: Record=4 Field=Reference No Region={'x': 679, 'y': 706, 'width': 214, 'height': 25}
2026-08-15 15:03:40,916 INFO TARGETED OCR: Field=Reference No Region={'x': 679, 'y': 706, 'width': 214, 'height': 25} Variant=3x_contrast PSM=7 Whitelist=False Result='HuWh570p+$!++764566528' Candidate='HuWh570p+$!++764566528' Valid=True Conf=26.0
2026-08-15 15:03:41,061 INFO TARGETED OCR: Field=Reference No Region={'x': 679, 'y': 706, 'width': 214, 'height': 25} Variant=3x_contrast PSM=8 Whitelist=False Result='HuWhS70p+$!+4T64566528' Candidate='HuWhS70p+$!+4T64566528' Valid=True Conf=43.0
2026-08-15 15:03:41,204 INFO TARGETED OCR: Field=Reference No Region={'x': 679, 'y': 706, 'width': 214, 'height': 25} Variant=3x_contrast PSM=6 Whitelist=False Result='HuWh570p+$!++764566528' Candidate='HuWh570p+$!++764566528' Valid=True Conf=26.0
2026-08-15 15:03:41,341 INFO TARGETED OCR: Field=Reference No Region={'x': 679, 'y': 706, 'width': 214, 'height': 25} Variant=3x_contrast PSM=13 Whitelist=False Result='HuWhS70p+$!+4T64566528' Candidate='HuWhS70p+$!+4T64566528' Valid=True Conf=43.0
2026-08-15 15:03:41,476 INFO TARGETED OCR: Field=Reference No Region={'x': 679, 'y': 706, 'width': 214, 'height': 25} Variant=4x_contrast PSM=7 Whitelist=False Result='HuWh57Dp+$!++764566528' Candidate='HuWh57Dp+$!++764566528' Valid=True Conf=31.0
2026-08-15 15:03:41,599 INFO TARGETED OCR: Field=Reference No Region={'x': 679, 'y': 706, 'width': 214, 'height': 25} Variant=4x_contrast PSM=8 Whitelist=False Result='HuWhS70p+$!+4T64566528' Candidate='HuWhS70p+$!+4T64566528' Valid=True Conf=39.0
2026-08-15 15:03:41,750 INFO TARGETED OCR: Field=Reference No Region={'x': 679, 'y': 706, 'width': 214, 'height': 25} Variant=4x_contrast PSM=6 Whitelist=False Result='HuWh57Dp+$!++764566528' Candidate='HuWh57Dp+$!++764566528' Valid=True Conf=31.0
2026-08-15 15:03:41,884 INFO TARGETED OCR: Field=Reference No Region={'x': 679, 'y': 706, 'width': 214, 'height': 25} Variant=4x_contrast PSM=13 Whitelist=False Result='HuWhS70p+$!+4T64566528' Candidate='HuWhS70p+$!+4T64566528' Valid=True Conf=39.0
2026-08-15 15:03:42,012 INFO TARGETED OCR: Field=Reference No Region={'x': 679, 'y': 706, 'width': 214, 'height': 25} Variant=4x_otsu PSM=7 Whitelist=False Result='HuWh570p+$!++T64566528' Candidate='HuWh570p+$!++T64566528' Valid=True Conf=39.0
2026-08-15 15:03:42,134 INFO TARGETED OCR: Field=Reference No Region={'x': 679, 'y': 706, 'width': 214, 'height': 25} Variant=4x_otsu PSM=8 Whitelist=False Result='HuWh570p+$!+4T64566528' Candidate='HuWh570p+$!+4T64566528' Valid=True Conf=23.0
2026-08-15 15:03:42,258 INFO TARGETED OCR: Field=Reference No Region={'x': 679, 'y': 706, 'width': 214, 'height': 25} Variant=4x_otsu PSM=6 Whitelist=False Result='HuWh570p+$!++T64566528' Candidate='HuWh570p+$!++T64566528' Valid=True Conf=39.0
2026-08-15 15:03:42,389 INFO TARGETED OCR: Field=Reference No Region={'x': 679, 'y': 706, 'width': 214, 'height': 25} Variant=4x_otsu PSM=13 Whitelist=False Result='HuWh570p+$!+4T64566528' Candidate='HuWh570p+$!+4T64566528' Valid=True Conf=23.0
2026-08-15 15:03:42,512 INFO TARGETED OCR: Field=Reference No Region={'x': 679, 'y': 706, 'width': 214, 'height': 25} Variant=3x_adaptive PSM=7 Whitelist=False Result='HuWh570p+$!++164566528' Candidate='HuWh570p+$!++164566528' Valid=True Conf=19.0
2026-08-15 15:03:42,636 INFO TARGETED OCR: Field=Reference No Region={'x': 679, 'y': 706, 'width': 214, 'height': 25} Variant=3x_adaptive PSM=8 Whitelist=False Result='HuWh570p+$!+4T64566528' Candidate='HuWh570p+$!+4T64566528' Valid=True Conf=30.0
2026-08-15 15:03:42,762 INFO TARGETED OCR: Field=Reference No Region={'x': 679, 'y': 706, 'width': 214, 'height': 25} Variant=3x_adaptive PSM=6 Whitelist=False Result='HuWh570p+$!++164566528' Candidate='HuWh570p+$!++164566528' Valid=True Conf=19.0
2026-08-15 15:03:42,904 INFO TARGETED OCR: Field=Reference No Region={'x': 679, 'y': 706, 'width': 214, 'height': 25} Variant=3x_adaptive PSM=13 Whitelist=False Result='HuWh570p+$!+4T64566528' Candidate='HuWh570p+$!+4T64566528' Valid=True Conf=30.0
2026-08-15 15:03:42,905 INFO TARGETED OCR ACCEPTED: Record=4 Field=Reference No Value='HuWhS70p+$!+4T64566528' Conf=41.0 Decision=ACCEPTED_CONSENSUS
2026-08-15 15:03:42,906 INFO TARGETED OCR START: Record=4 Field=SIM No Region={'x': 939, 'y': 710, 'width': 184, 'height': 16}
2026-08-15 15:03:43,079 INFO TARGETED OCR: Field=SIM No Region={'x': 939, 'y': 710, 'width': 184, 'height': 16} Variant=3x_contrast PSM=7 Whitelist=False Result='IVEkdC688070733DS72' Candidate='IVEkdC688070733DS72' Valid=True Conf=61.0
2026-08-15 15:03:43,222 INFO TARGETED OCR: Field=SIM No Region={'x': 939, 'y': 710, 'width': 184, 'height': 16} Variant=3x_contrast PSM=8 Whitelist=False Result='|VEkd0688070733DS72' Candidate='|VEkd0688070733DS72' Valid=True Conf=0.0
2026-08-15 15:03:43,375 INFO TARGETED OCR: Field=SIM No Region={'x': 939, 'y': 710, 'width': 184, 'height': 16} Variant=3x_contrast PSM=6 Whitelist=False Result='IVEkdC688070733DS72' Candidate='IVEkdC688070733DS72' Valid=True Conf=61.0
2026-08-15 15:03:43,510 INFO TARGETED OCR: Field=SIM No Region={'x': 939, 'y': 710, 'width': 184, 'height': 16} Variant=3x_contrast PSM=13 Whitelist=False Result='|VEkd0688070733DS72' Candidate='|VEkd0688070733DS72' Valid=True Conf=0.0
2026-08-15 15:03:43,648 INFO TARGETED OCR: Field=SIM No Region={'x': 939, 'y': 710, 'width': 184, 'height': 16} Variant=4x_contrast PSM=7 Whitelist=False Result='IVEkdC688070733DS72' Candidate='IVEkdC688070733DS72' Valid=True Conf=57.0
2026-08-15 15:03:43,782 INFO TARGETED OCR: Field=SIM No Region={'x': 939, 'y': 710, 'width': 184, 'height': 16} Variant=4x_contrast PSM=8 Whitelist=False Result='|VEkd0688070733DS72' Candidate='|VEkd0688070733DS72' Valid=True Conf=0.0
2026-08-15 15:03:43,926 INFO TARGETED OCR: Field=SIM No Region={'x': 939, 'y': 710, 'width': 184, 'height': 16} Variant=4x_contrast PSM=6 Whitelist=False Result='IVEkdC688070733DS72' Candidate='IVEkdC688070733DS72' Valid=True Conf=57.0
2026-08-15 15:03:44,058 INFO TARGETED OCR: Field=SIM No Region={'x': 939, 'y': 710, 'width': 184, 'height': 16} Variant=4x_contrast PSM=13 Whitelist=False Result='|VEkd0688070733DS72' Candidate='|VEkd0688070733DS72' Valid=True Conf=0.0
2026-08-15 15:03:44,201 INFO TARGETED OCR: Field=SIM No Region={'x': 939, 'y': 710, 'width': 184, 'height': 16} Variant=4x_otsu PSM=7 Whitelist=False Result='IVEkdC688070733DS72' Candidate='IVEkdC688070733DS72' Valid=True Conf=16.0
2026-08-15 15:03:44,328 INFO TARGETED OCR: Field=SIM No Region={'x': 939, 'y': 710, 'width': 184, 'height': 16} Variant=4x_otsu PSM=8 Whitelist=False Result='(VEkd0688070733DS72.' Candidate='(VEkd0688070733DS72.' Valid=True Conf=6.0
2026-08-15 15:03:44,466 INFO TARGETED OCR: Field=SIM No Region={'x': 939, 'y': 710, 'width': 184, 'height': 16} Variant=4x_otsu PSM=6 Whitelist=False Result='IVEkdC688070733DS72' Candidate='IVEkdC688070733DS72' Valid=True Conf=16.0
2026-08-15 15:03:44,605 INFO TARGETED OCR: Field=SIM No Region={'x': 939, 'y': 710, 'width': 184, 'height': 16} Variant=4x_otsu PSM=13 Whitelist=False Result='(VEkd0688070733DS72.' Candidate='(VEkd0688070733DS72.' Valid=True Conf=6.0
2026-08-15 15:03:44,744 INFO TARGETED OCR: Field=SIM No Region={'x': 939, 'y': 710, 'width': 184, 'height': 16} Variant=3x_adaptive PSM=7 Whitelist=False Result='IVEkdC688070733DS72' Candidate='IVEkdC688070733DS72' Valid=True Conf=29.0
2026-08-15 15:03:44,869 INFO TARGETED OCR: Field=SIM No Region={'x': 939, 'y': 710, 'width': 184, 'height': 16} Variant=3x_adaptive PSM=8 Whitelist=False Result='IVEkd0688070733DS72' Candidate='IVEkd0688070733DS72' Valid=True Conf=52.0
2026-08-15 15:03:44,997 INFO TARGETED OCR: Field=SIM No Region={'x': 939, 'y': 710, 'width': 184, 'height': 16} Variant=3x_adaptive PSM=6 Whitelist=False Result='IVEkdC688070733DS72' Candidate='IVEkdC688070733DS72' Valid=True Conf=29.0
2026-08-15 15:03:45,126 INFO TARGETED OCR: Field=SIM No Region={'x': 939, 'y': 710, 'width': 184, 'height': 16} Variant=3x_adaptive PSM=13 Whitelist=False Result='IVEkd0688070733DS72' Candidate='IVEkd0688070733DS72' Valid=True Conf=52.0
2026-08-15 15:03:45,127 INFO TARGETED OCR ACCEPTED: Record=4 Field=SIM No Value='IVEkdC688070733DS72' Conf=40.8 Decision=ACCEPTED_CONSENSUS
2026-08-15 15:03:45,127 INFO TARGETED OCR START: Record=4 Field=IMEI 1 Region={'x': 389, 'y': 751, 'width': 194, 'height': 19}
2026-08-15 15:03:45,267 INFO IMEI1 TOKENS: included token='I%%SS!' bbox={'x': 389, 'y': 751, 'width': 56, 'height': 20}
2026-08-15 15:03:45,267 INFO IMEI1 TOKENS: included token='-' bbox={'x': 452, 'y': 762, 'width': 7, 'height': 3}
2026-08-15 15:03:45,267 INFO IMEI1 TOKENS: included token='1' bbox={'x': 466, 'y': 753, 'width': 14, 'height': 16}
2026-08-15 15:03:45,267 INFO IMEI1 TOKENS: included token='-' bbox={'x': 487, 'y': 762, 'width': 7, 'height': 3}
2026-08-15 15:03:45,267 INFO IMEI1 TOKENS: included token='798797' bbox={'x': 501, 'y': 753, 'width': 55, 'height': 17}
2026-08-15 15:03:45,267 INFO IMEI1 TOKENS: included token='-' bbox={'x': 562, 'y': 762, 'width': 6, 'height': 3}
2026-08-15 15:03:45,267 INFO IMEI1 TOKENS: included token='7' bbox={'x': 576, 'y': 753, 'width': 8, 'height': 16}
2026-08-15 15:03:45,267 INFO IMEI1 NUMERIC PASS: Variant=3x_contrast PSM=7 Whitelist=False Raw='I%%SS! - 1 - 798797 - 7' Candidate='17987977' Valid=False Conf=67.9
2026-08-15 15:03:45,404 INFO IMEI1 TOKENS: included token='-1-798797-7' bbox={'x': 389, 'y': 751, 'width': 194, 'height': 20}
2026-08-15 15:03:45,404 INFO IMEI1 NUMERIC PASS: Variant=3x_contrast PSM=7 Whitelist=True Raw='-1-798797-7' Candidate='17987977' Valid=False Conf=0.0
2026-08-15 15:03:45,544 INFO IMEI1 TOKENS: included token='I%%SSI' bbox={'x': 389, 'y': 751, 'width': 194, 'height': 20}
2026-08-15 15:03:45,544 INFO IMEI1 TOKENS: included token='-' bbox={'x': 453, 'y': 745, 'width': 5, 'height': 31}
2026-08-15 15:03:45,545 INFO IMEI1 TOKENS: included token='HE' bbox={'x': 466, 'y': 745, 'width': 16, 'height': 31}
2026-08-15 15:03:45,545 INFO IMEI1 TOKENS: included token='-' bbox={'x': 489, 'y': 745, 'width': 8, 'height': 31}
2026-08-15 15:03:45,545 INFO IMEI1 TOKENS: included token='798797' bbox={'x': 504, 'y': 751, 'width': 49, 'height': 20}
2026-08-15 15:03:45,545 INFO IMEI1 TOKENS: included token='-' bbox={'x': 561, 'y': 745, 'width': 8, 'height': 31}
2026-08-15 15:03:45,545 INFO IMEI1 TOKENS: included token='7' bbox={'x': 577, 'y': 745, 'width': 11, 'height': 31}
2026-08-15 15:03:45,545 INFO IMEI1 NUMERIC PASS: Variant=3x_contrast PSM=8 Whitelist=False Raw='I%%SSI - HE - 798797 - 7' Candidate='7987977' Valid=False Conf=71.3
2026-08-15 15:03:45,673 INFO IMEI1 TOKENS: included token='1--798797-7' bbox={'x': 389, 'y': 751, 'width': 194, 'height': 20}
2026-08-15 15:03:45,673 INFO IMEI1 NUMERIC PASS: Variant=3x_contrast PSM=8 Whitelist=True Raw='1--798797-7' Candidate='17987977' Valid=False Conf=0.0
2026-08-15 15:03:45,801 INFO IMEI1 TOKENS: included token='I%%SS!' bbox={'x': 389, 'y': 751, 'width': 56, 'height': 20}
2026-08-15 15:03:45,801 INFO IMEI1 TOKENS: included token='-' bbox={'x': 452, 'y': 762, 'width': 7, 'height': 3}
2026-08-15 15:03:45,801 INFO IMEI1 TOKENS: included token='1' bbox={'x': 466, 'y': 753, 'width': 14, 'height': 16}
2026-08-15 15:03:45,801 INFO IMEI1 TOKENS: included token='-' bbox={'x': 487, 'y': 762, 'width': 7, 'height': 3}
2026-08-15 15:03:45,801 INFO IMEI1 TOKENS: included token='798797' bbox={'x': 501, 'y': 753, 'width': 55, 'height': 17}
2026-08-15 15:03:45,801 INFO IMEI1 TOKENS: included token='-' bbox={'x': 562, 'y': 762, 'width': 6, 'height': 3}
2026-08-15 15:03:45,801 INFO IMEI1 TOKENS: included token='7' bbox={'x': 576, 'y': 753, 'width': 8, 'height': 16}
2026-08-15 15:03:45,802 INFO IMEI1 NUMERIC PASS: Variant=3x_contrast PSM=6 Whitelist=False Raw='I%%SS! - 1 - 798797 - 7' Candidate='17987977' Valid=False Conf=67.9
2026-08-15 15:03:45,930 INFO IMEI1 TOKENS: included token='-1-798797-7' bbox={'x': 389, 'y': 751, 'width': 194, 'height': 20}
2026-08-15 15:03:45,930 INFO IMEI1 NUMERIC PASS: Variant=3x_contrast PSM=6 Whitelist=True Raw='-1-798797-7' Candidate='17987977' Valid=False Conf=0.0
2026-08-15 15:03:46,070 INFO IMEI1 TOKENS: included token='I%%SSI' bbox={'x': 389, 'y': 751, 'width': 194, 'height': 20}
2026-08-15 15:03:46,070 INFO IMEI1 TOKENS: included token='-' bbox={'x': 453, 'y': 745, 'width': 5, 'height': 31}
2026-08-15 15:03:46,070 INFO IMEI1 TOKENS: included token='HE' bbox={'x': 466, 'y': 745, 'width': 16, 'height': 31}
2026-08-15 15:03:46,070 INFO IMEI1 TOKENS: included token='-' bbox={'x': 489, 'y': 745, 'width': 8, 'height': 31}
2026-08-15 15:03:46,070 INFO IMEI1 TOKENS: included token='798797' bbox={'x': 504, 'y': 751, 'width': 49, 'height': 20}
2026-08-15 15:03:46,071 INFO IMEI1 TOKENS: included token='-' bbox={'x': 561, 'y': 745, 'width': 8, 'height': 31}
2026-08-15 15:03:46,071 INFO IMEI1 TOKENS: included token='7' bbox={'x': 577, 'y': 745, 'width': 11, 'height': 31}
2026-08-15 15:03:46,071 INFO IMEI1 NUMERIC PASS: Variant=3x_contrast PSM=13 Whitelist=False Raw='I%%SSI - HE - 798797 - 7' Candidate='7987977' Valid=False Conf=71.3
2026-08-15 15:03:46,196 INFO IMEI1 TOKENS: included token='1--798797-7' bbox={'x': 389, 'y': 751, 'width': 194, 'height': 20}
2026-08-15 15:03:46,196 INFO IMEI1 NUMERIC PASS: Variant=3x_contrast PSM=13 Whitelist=True Raw='1--798797-7' Candidate='17987977' Valid=False Conf=0.0
2026-08-15 15:03:46,325 INFO IMEI1 TOKENS: included token='I~%SS!' bbox={'x': 389, 'y': 751, 'width': 56, 'height': 20}
2026-08-15 15:03:46,325 INFO IMEI1 TOKENS: included token='-' bbox={'x': 452, 'y': 762, 'width': 7, 'height': 3}
2026-08-15 15:03:46,325 INFO IMEI1 TOKENS: included token='!#' bbox={'x': 465, 'y': 753, 'width': 14, 'height': 17}
2026-08-15 15:03:46,325 INFO IMEI1 TOKENS: included token='-' bbox={'x': 487, 'y': 762, 'width': 7, 'height': 3}
2026-08-15 15:03:46,325 INFO IMEI1 TOKENS: included token='798797' bbox={'x': 501, 'y': 753, 'width': 55, 'height': 17}
2026-08-15 15:03:46,325 INFO IMEI1 TOKENS: included token='-' bbox={'x': 562, 'y': 762, 'width': 7, 'height': 3}
2026-08-15 15:03:46,325 INFO IMEI1 TOKENS: included token='7' bbox={'x': 575, 'y': 753, 'width': 8, 'height': 16}
2026-08-15 15:03:46,325 INFO IMEI1 NUMERIC PASS: Variant=4x_contrast PSM=7 Whitelist=False Raw='I~%SS! - !# - 798797 - 7' Candidate='7987977' Valid=False Conf=69.8
2026-08-15 15:03:46,456 INFO IMEI1 TOKENS: included token='--798797-7' bbox={'x': 389, 'y': 751, 'width': 194, 'height': 20}
2026-08-15 15:03:46,456 INFO IMEI1 NUMERIC PASS: Variant=4x_contrast PSM=7 Whitelist=True Raw='--798797-7' Candidate='7987977' Valid=False Conf=0.0
2026-08-15 15:03:46,582 INFO IMEI1 TOKENS: included token='I%%SSI' bbox={'x': 389, 'y': 751, 'width': 194, 'height': 20}
2026-08-15 15:03:46,582 INFO IMEI1 TOKENS: included token='-' bbox={'x': 453, 'y': 745, 'width': 5, 'height': 31}
2026-08-15 15:03:46,582 INFO IMEI1 TOKENS: included token='I' bbox={'x': 465, 'y': 745, 'width': 11, 'height': 31}
2026-08-15 15:03:46,582 INFO IMEI1 TOKENS: included token='-' bbox={'x': 489, 'y': 745, 'width': 8, 'height': 31}
2026-08-15 15:03:46,582 INFO IMEI1 TOKENS: included token='798797' bbox={'x': 504, 'y': 751, 'width': 50, 'height': 20}
2026-08-15 15:03:46,582 INFO IMEI1 TOKENS: included token='-' bbox={'x': 561, 'y': 745, 'width': 8, 'height': 31}
2026-08-15 15:03:46,582 INFO IMEI1 TOKENS: included token='7' bbox={'x': 577, 'y': 745, 'width': 10, 'height': 31}
2026-08-15 15:03:46,582 INFO IMEI1 NUMERIC PASS: Variant=4x_contrast PSM=8 Whitelist=False Raw='I%%SSI - I - 798797 - 7' Candidate='7987977' Valid=False Conf=70.7
2026-08-15 15:03:46,724 INFO IMEI1 TOKENS: included token='1--798797-7' bbox={'x': 389, 'y': 751, 'width': 194, 'height': 20}
2026-08-15 15:03:46,724 INFO IMEI1 NUMERIC PASS: Variant=4x_contrast PSM=8 Whitelist=True Raw='1--798797-7' Candidate='17987977' Valid=False Conf=0.0
2026-08-15 15:03:46,852 INFO IMEI1 TOKENS: included token='I~%SS!' bbox={'x': 389, 'y': 751, 'width': 56, 'height': 20}
2026-08-15 15:03:46,852 INFO IMEI1 TOKENS: included token='-' bbox={'x': 452, 'y': 762, 'width': 7, 'height': 3}
2026-08-15 15:03:46,852 INFO IMEI1 TOKENS: included token='!#' bbox={'x': 465, 'y': 753, 'width': 14, 'height': 17}
2026-08-15 15:03:46,852 INFO IMEI1 TOKENS: included token='-' bbox={'x': 487, 'y': 762, 'width': 7, 'height': 3}
2026-08-15 15:03:46,852 INFO IMEI1 TOKENS: included token='798797' bbox={'x': 501, 'y': 753, 'width': 55, 'height': 17}
2026-08-15 15:03:46,853 INFO IMEI1 TOKENS: included token='-' bbox={'x': 562, 'y': 762, 'width': 7, 'height': 3}
2026-08-15 15:03:46,853 INFO IMEI1 TOKENS: included token='7' bbox={'x': 575, 'y': 753, 'width': 8, 'height': 16}
2026-08-15 15:03:46,853 INFO IMEI1 NUMERIC PASS: Variant=4x_contrast PSM=6 Whitelist=False Raw='I~%SS! - !# - 798797 - 7' Candidate='7987977' Valid=False Conf=69.8
2026-08-15 15:03:46,980 INFO IMEI1 TOKENS: included token='--798797-7' bbox={'x': 389, 'y': 751, 'width': 194, 'height': 20}
2026-08-15 15:03:46,981 INFO IMEI1 NUMERIC PASS: Variant=4x_contrast PSM=6 Whitelist=True Raw='--798797-7' Candidate='7987977' Valid=False Conf=0.0
2026-08-15 15:03:47,106 INFO IMEI1 TOKENS: included token='I%%SSI' bbox={'x': 389, 'y': 751, 'width': 194, 'height': 20}
2026-08-15 15:03:47,106 INFO IMEI1 TOKENS: included token='-' bbox={'x': 453, 'y': 745, 'width': 5, 'height': 31}
2026-08-15 15:03:47,106 INFO IMEI1 TOKENS: included token='I' bbox={'x': 465, 'y': 745, 'width': 11, 'height': 31}
2026-08-15 15:03:47,107 INFO IMEI1 TOKENS: included token='-' bbox={'x': 489, 'y': 745, 'width': 8, 'height': 31}
2026-08-15 15:03:47,107 INFO IMEI1 TOKENS: included token='798797' bbox={'x': 504, 'y': 751, 'width': 50, 'height': 20}
2026-08-15 15:03:47,107 INFO IMEI1 TOKENS: included token='-' bbox={'x': 561, 'y': 745, 'width': 8, 'height': 31}
2026-08-15 15:03:47,107 INFO IMEI1 TOKENS: included token='7' bbox={'x': 577, 'y': 745, 'width': 10, 'height': 31}
2026-08-15 15:03:47,107 INFO IMEI1 NUMERIC PASS: Variant=4x_contrast PSM=13 Whitelist=False Raw='I%%SSI - I - 798797 - 7' Candidate='7987977' Valid=False Conf=70.7
2026-08-15 15:03:47,237 INFO IMEI1 TOKENS: included token='1--798797-7' bbox={'x': 389, 'y': 751, 'width': 194, 'height': 20}
2026-08-15 15:03:47,237 INFO IMEI1 NUMERIC PASS: Variant=4x_contrast PSM=13 Whitelist=True Raw='1--798797-7' Candidate='17987977' Valid=False Conf=0.0
2026-08-15 15:03:47,358 INFO IMEI1 TOKENS: included token='I**99!' bbox={'x': 389, 'y': 751, 'width': 56, 'height': 19}
2026-08-15 15:03:47,358 INFO IMEI1 TOKENS: included token='-' bbox={'x': 452, 'y': 762, 'width': 7, 'height': 2}
2026-08-15 15:03:47,358 INFO IMEI1 TOKENS: included token='!#' bbox={'x': 465, 'y': 753, 'width': 14, 'height': 16}
2026-08-15 15:03:47,358 INFO IMEI1 TOKENS: included token='-' bbox={'x': 487, 'y': 762, 'width': 7, 'height': 2}
2026-08-15 15:03:47,358 INFO IMEI1 TOKENS: included token='79B797' bbox={'x': 501, 'y': 753, 'width': 55, 'height': 17}
2026-08-15 15:03:47,358 INFO IMEI1 TOKENS: included token='-' bbox={'x': 562, 'y': 762, 'width': 6, 'height': 2}
2026-08-15 15:03:47,358 INFO IMEI1 TOKENS: included token='7' bbox={'x': 575, 'y': 753, 'width': 8, 'height': 16}
2026-08-15 15:03:47,358 INFO IMEI1 NUMERIC PASS: Variant=4x_otsu PSM=7 Whitelist=False Raw='I**99! - !# - 79B797 - 7' Candidate='99797977' Valid=False Conf=69.0
2026-08-15 15:03:47,497 INFO IMEI1 TOKENS: included token='99--79797-7' bbox={'x': 389, 'y': 751, 'width': 194, 'height': 19}
2026-08-15 15:03:47,497 INFO IMEI1 NUMERIC PASS: Variant=4x_otsu PSM=7 Whitelist=True Raw='99--79797-7' Candidate='99797977' Valid=False Conf=0.0
2026-08-15 15:03:47,614 INFO IMEI1 TOKENS: included token='I%%SS!' bbox={'x': 389, 'y': 751, 'width': 194, 'height': 19}
2026-08-15 15:03:47,614 INFO IMEI1 TOKENS: included token='-' bbox={'x': 453, 'y': 745, 'width': 5, 'height': 31}
2026-08-15 15:03:47,614 INFO IMEI1 TOKENS: included token='HE' bbox={'x': 465, 'y': 745, 'width': 16, 'height': 31}
2026-08-15 15:03:47,614 INFO IMEI1 TOKENS: included token='-' bbox={'x': 489, 'y': 745, 'width': 8, 'height': 31}
2026-08-15 15:03:47,614 INFO IMEI1 TOKENS: included token='798797' bbox={'x': 504, 'y': 751, 'width': 50, 'height': 19}
2026-08-15 15:03:47,614 INFO IMEI1 TOKENS: included token='-' bbox={'x': 561, 'y': 745, 'width': 8, 'height': 31}
2026-08-15 15:03:47,614 INFO IMEI1 TOKENS: included token='7' bbox={'x': 577, 'y': 745, 'width': 10, 'height': 31}
2026-08-15 15:03:47,615 INFO IMEI1 NUMERIC PASS: Variant=4x_otsu PSM=8 Whitelist=False Raw='I%%SS! - HE - 798797 - 7' Candidate='7987977' Valid=False Conf=64.9
2026-08-15 15:03:47,732 INFO IMEI1 TOKENS: included token='1--798797-7' bbox={'x': 389, 'y': 751, 'width': 194, 'height': 19}
2026-08-15 15:03:47,732 INFO IMEI1 NUMERIC PASS: Variant=4x_otsu PSM=8 Whitelist=True Raw='1--798797-7' Candidate='17987977' Valid=False Conf=0.0
2026-08-15 15:03:47,856 INFO IMEI1 TOKENS: included token='I**99!' bbox={'x': 389, 'y': 751, 'width': 56, 'height': 19}
2026-08-15 15:03:47,856 INFO IMEI1 TOKENS: included token='-' bbox={'x': 452, 'y': 762, 'width': 7, 'height': 2}
2026-08-15 15:03:47,856 INFO IMEI1 TOKENS: included token='!#' bbox={'x': 465, 'y': 753, 'width': 14, 'height': 16}
2026-08-15 15:03:47,856 INFO IMEI1 TOKENS: included token='-' bbox={'x': 487, 'y': 762, 'width': 7, 'height': 2}
2026-08-15 15:03:47,856 INFO IMEI1 TOKENS: included token='79B797' bbox={'x': 501, 'y': 753, 'width': 55, 'height': 17}
2026-08-15 15:03:47,856 INFO IMEI1 TOKENS: included token='-' bbox={'x': 562, 'y': 762, 'width': 6, 'height': 2}
2026-08-15 15:03:47,856 INFO IMEI1 TOKENS: included token='7' bbox={'x': 575, 'y': 753, 'width': 8, 'height': 16}
2026-08-15 15:03:47,856 INFO IMEI1 NUMERIC PASS: Variant=4x_otsu PSM=6 Whitelist=False Raw='I**99! - !# - 79B797 - 7' Candidate='99797977' Valid=False Conf=69.0
2026-08-15 15:03:47,975 INFO IMEI1 TOKENS: included token='99--79797-7' bbox={'x': 389, 'y': 751, 'width': 194, 'height': 19}
2026-08-15 15:03:47,976 INFO IMEI1 NUMERIC PASS: Variant=4x_otsu PSM=6 Whitelist=True Raw='99--79797-7' Candidate='99797977' Valid=False Conf=0.0
2026-08-15 15:03:48,097 INFO IMEI1 TOKENS: included token='I%%SS!' bbox={'x': 389, 'y': 751, 'width': 194, 'height': 19}
2026-08-15 15:03:48,097 INFO IMEI1 TOKENS: included token='-' bbox={'x': 453, 'y': 745, 'width': 5, 'height': 31}
2026-08-15 15:03:48,097 INFO IMEI1 TOKENS: included token='HE' bbox={'x': 465, 'y': 745, 'width': 16, 'height': 31}
2026-08-15 15:03:48,097 INFO IMEI1 TOKENS: included token='-' bbox={'x': 489, 'y': 745, 'width': 8, 'height': 31}
2026-08-15 15:03:48,097 INFO IMEI1 TOKENS: included token='798797' bbox={'x': 504, 'y': 751, 'width': 50, 'height': 19}
2026-08-15 15:03:48,097 INFO IMEI1 TOKENS: included token='-' bbox={'x': 561, 'y': 745, 'width': 8, 'height': 31}
2026-08-15 15:03:48,097 INFO IMEI1 TOKENS: included token='7' bbox={'x': 577, 'y': 745, 'width': 10, 'height': 31}
2026-08-15 15:03:48,098 INFO IMEI1 NUMERIC PASS: Variant=4x_otsu PSM=13 Whitelist=False Raw='I%%SS! - HE - 798797 - 7' Candidate='7987977' Valid=False Conf=64.9
2026-08-15 15:03:48,216 INFO IMEI1 TOKENS: included token='1--798797-7' bbox={'x': 389, 'y': 751, 'width': 194, 'height': 19}
2026-08-15 15:03:48,216 INFO IMEI1 NUMERIC PASS: Variant=4x_otsu PSM=13 Whitelist=True Raw='1--798797-7' Candidate='17987977' Valid=False Conf=0.0
2026-08-15 15:03:48,345 INFO IMEI1 TOKENS: included token='I~%SS!' bbox={'x': 389, 'y': 751, 'width': 55, 'height': 19}
2026-08-15 15:03:48,345 INFO IMEI1 TOKENS: included token='-' bbox={'x': 452, 'y': 762, 'width': 7, 'height': 3}
2026-08-15 15:03:48,345 INFO IMEI1 TOKENS: included token='1' bbox={'x': 466, 'y': 753, 'width': 14, 'height': 16}
2026-08-15 15:03:48,345 INFO IMEI1 TOKENS: included token='-' bbox={'x': 487, 'y': 762, 'width': 7, 'height': 3}
2026-08-15 15:03:48,345 INFO IMEI1 TOKENS: included token='T9BI9T' bbox={'x': 501, 'y': 753, 'width': 55, 'height': 17}
2026-08-15 15:03:48,345 INFO IMEI1 TOKENS: included token='-' bbox={'x': 562, 'y': 762, 'width': 6, 'height': 3}
2026-08-15 15:03:48,345 INFO IMEI1 TOKENS: included token='7' bbox={'x': 576, 'y': 753, 'width': 8, 'height': 16}
2026-08-15 15:03:48,345 INFO IMEI1 NUMERIC PASS: Variant=3x_adaptive PSM=7 Whitelist=False Raw='I~%SS! - 1 - T9BI9T - 7' Candidate='1997' Valid=False Conf=74.2
2026-08-15 15:03:48,475 INFO IMEI1 TOKENS: included token='81-1--7997-7' bbox={'x': 389, 'y': 751, 'width': 194, 'height': 19}
2026-08-15 15:03:48,475 INFO IMEI1 NUMERIC PASS: Variant=3x_adaptive PSM=7 Whitelist=True Raw='81-1--7997-7' Candidate='81179977' Valid=False Conf=0.0
2026-08-15 15:03:48,601 INFO IMEI1 TOKENS: included token='I%%SS!' bbox={'x': 389, 'y': 751, 'width': 194, 'height': 19}
2026-08-15 15:03:48,601 INFO IMEI1 TOKENS: included token='-' bbox={'x': 453, 'y': 745, 'width': 5, 'height': 31}
2026-08-15 15:03:48,601 INFO IMEI1 TOKENS: included token='HE' bbox={'x': 466, 'y': 745, 'width': 16, 'height': 31}
2026-08-15 15:03:48,601 INFO IMEI1 TOKENS: included token='-' bbox={'x': 489, 'y': 745, 'width': 8, 'height': 31}
2026-08-15 15:03:48,601 INFO IMEI1 TOKENS: included token='798797' bbox={'x': 504, 'y': 751, 'width': 49, 'height': 19}
2026-08-15 15:03:48,601 INFO IMEI1 TOKENS: included token='-' bbox={'x': 561, 'y': 745, 'width': 8, 'height': 31}
2026-08-15 15:03:48,601 INFO IMEI1 TOKENS: included token='7' bbox={'x': 577, 'y': 745, 'width': 11, 'height': 31}
2026-08-15 15:03:48,601 INFO IMEI1 NUMERIC PASS: Variant=3x_adaptive PSM=8 Whitelist=False Raw='I%%SS! - HE - 798797 - 7' Candidate='7987977' Valid=False Conf=73.4
2026-08-15 15:03:48,745 INFO IMEI1 TOKENS: included token='1--798797-7' bbox={'x': 389, 'y': 751, 'width': 194, 'height': 19}
2026-08-15 15:03:48,745 INFO IMEI1 NUMERIC PASS: Variant=3x_adaptive PSM=8 Whitelist=True Raw='1--798797-7' Candidate='17987977' Valid=False Conf=0.0
2026-08-15 15:03:48,885 INFO IMEI1 TOKENS: included token='I~%SS!' bbox={'x': 389, 'y': 751, 'width': 55, 'height': 19}
2026-08-15 15:03:48,885 INFO IMEI1 TOKENS: included token='-' bbox={'x': 452, 'y': 762, 'width': 7, 'height': 3}
2026-08-15 15:03:48,885 INFO IMEI1 TOKENS: included token='1' bbox={'x': 466, 'y': 753, 'width': 14, 'height': 16}
2026-08-15 15:03:48,885 INFO IMEI1 TOKENS: included token='-' bbox={'x': 487, 'y': 762, 'width': 7, 'height': 3}
2026-08-15 15:03:48,885 INFO IMEI1 TOKENS: included token='T9BI9T' bbox={'x': 501, 'y': 753, 'width': 55, 'height': 17}
2026-08-15 15:03:48,885 INFO IMEI1 TOKENS: included token='-' bbox={'x': 562, 'y': 762, 'width': 6, 'height': 3}
2026-08-15 15:03:48,885 INFO IMEI1 TOKENS: included token='7' bbox={'x': 576, 'y': 753, 'width': 8, 'height': 16}
2026-08-15 15:03:48,885 INFO IMEI1 NUMERIC PASS: Variant=3x_adaptive PSM=6 Whitelist=False Raw='I~%SS! - 1 - T9BI9T - 7' Candidate='1997' Valid=False Conf=74.2
2026-08-15 15:03:49,008 INFO IMEI1 TOKENS: included token='81-1--7997-7' bbox={'x': 389, 'y': 751, 'width': 194, 'height': 19}
2026-08-15 15:03:49,008 INFO IMEI1 NUMERIC PASS: Variant=3x_adaptive PSM=6 Whitelist=True Raw='81-1--7997-7' Candidate='81179977' Valid=False Conf=0.0
2026-08-15 15:03:49,131 INFO IMEI1 TOKENS: included token='I%%SS!' bbox={'x': 389, 'y': 751, 'width': 194, 'height': 19}
2026-08-15 15:03:49,131 INFO IMEI1 TOKENS: included token='-' bbox={'x': 453, 'y': 745, 'width': 5, 'height': 31}
2026-08-15 15:03:49,131 INFO IMEI1 TOKENS: included token='HE' bbox={'x': 466, 'y': 745, 'width': 16, 'height': 31}
2026-08-15 15:03:49,131 INFO IMEI1 TOKENS: included token='-' bbox={'x': 489, 'y': 745, 'width': 8, 'height': 31}
2026-08-15 15:03:49,131 INFO IMEI1 TOKENS: included token='798797' bbox={'x': 504, 'y': 751, 'width': 49, 'height': 19}
2026-08-15 15:03:49,131 INFO IMEI1 TOKENS: included token='-' bbox={'x': 561, 'y': 745, 'width': 8, 'height': 31}
2026-08-15 15:03:49,131 INFO IMEI1 TOKENS: included token='7' bbox={'x': 577, 'y': 745, 'width': 11, 'height': 31}
2026-08-15 15:03:49,131 INFO IMEI1 NUMERIC PASS: Variant=3x_adaptive PSM=13 Whitelist=False Raw='I%%SS! - HE - 798797 - 7' Candidate='7987977' Valid=False Conf=73.4
2026-08-15 15:03:49,257 INFO IMEI1 TOKENS: included token='1--798797-7' bbox={'x': 389, 'y': 751, 'width': 194, 'height': 19}
2026-08-15 15:03:49,257 INFO IMEI1 NUMERIC PASS: Variant=3x_adaptive PSM=13 Whitelist=True Raw='1--798797-7' Candidate='17987977' Valid=False Conf=0.0
2026-08-15 15:03:49,257 WARNING IMEI1 CONSENSUS: ValidCandidates=0 Decision=NO_SAFE_CORRECTION
2026-08-15 15:03:49,258 WARNING TARGETED OCR FAILED: Record=4 Field=IMEI 1 Decision=NO_SAFE_CORRECTION Reason=INVALID_IMEI1
2026-08-15 15:03:49,258 INFO TARGETED OCR START: Record=4 Field=Plan Type Region={'x': 624, 'y': 752, 'width': 67, 'height': 17}
2026-08-15 15:03:49,396 INFO TARGETED OCR: Field=Plan Type Region={'x': 624, 'y': 752, 'width': 67, 'height': 17} Variant=3x_contrast PSM=7 Whitelist=False Result='SMS Pro' Candidate='SMS Pro' Valid=True Conf=96.0
2026-08-15 15:03:49,507 INFO TARGETED OCR: Field=Plan Type Region={'x': 624, 'y': 752, 'width': 67, 'height': 17} Variant=3x_contrast PSM=8 Whitelist=False Result='‘SMS Pro' Candidate='‘SMS Pro' Valid=True Conf=77.0
2026-08-15 15:03:49,616 INFO TARGETED OCR: Field=Plan Type Region={'x': 624, 'y': 752, 'width': 67, 'height': 17} Variant=3x_contrast PSM=6 Whitelist=False Result='SMS Pro' Candidate='SMS Pro' Valid=True Conf=96.0
2026-08-15 15:03:49,727 INFO TARGETED OCR: Field=Plan Type Region={'x': 624, 'y': 752, 'width': 67, 'height': 17} Variant=3x_contrast PSM=13 Whitelist=False Result='‘SMS Pro' Candidate='‘SMS Pro' Valid=True Conf=77.0
2026-08-15 15:03:49,847 INFO TARGETED OCR: Field=Plan Type Region={'x': 624, 'y': 752, 'width': 67, 'height': 17} Variant=4x_contrast PSM=7 Whitelist=False Result='SMS Pro' Candidate='SMS Pro' Valid=True Conf=94.0
2026-08-15 15:03:49,973 INFO TARGETED OCR: Field=Plan Type Region={'x': 624, 'y': 752, 'width': 67, 'height': 17} Variant=4x_contrast PSM=8 Whitelist=False Result='SMS Pro' Candidate='SMS Pro' Valid=True Conf=73.5
2026-08-15 15:03:50,105 INFO TARGETED OCR: Field=Plan Type Region={'x': 624, 'y': 752, 'width': 67, 'height': 17} Variant=4x_contrast PSM=6 Whitelist=False Result='SMS Pro' Candidate='SMS Pro' Valid=True Conf=94.0
2026-08-15 15:03:50,220 INFO TARGETED OCR: Field=Plan Type Region={'x': 624, 'y': 752, 'width': 67, 'height': 17} Variant=4x_contrast PSM=13 Whitelist=False Result='SMS Pro' Candidate='SMS Pro' Valid=True Conf=73.5
2026-08-15 15:03:50,343 INFO TARGETED OCR: Field=Plan Type Region={'x': 624, 'y': 752, 'width': 67, 'height': 17} Variant=4x_otsu PSM=7 Whitelist=False Result='SMS Pro' Candidate='SMS Pro' Valid=True Conf=96.0
2026-08-15 15:03:50,466 INFO TARGETED OCR: Field=Plan Type Region={'x': 624, 'y': 752, 'width': 67, 'height': 17} Variant=4x_otsu PSM=8 Whitelist=False Result='‘SMS Pro' Candidate='‘SMS Pro' Valid=True Conf=77.5
2026-08-15 15:03:50,580 INFO TARGETED OCR: Field=Plan Type Region={'x': 624, 'y': 752, 'width': 67, 'height': 17} Variant=4x_otsu PSM=6 Whitelist=False Result='SMS Pro' Candidate='SMS Pro' Valid=True Conf=96.0
2026-08-15 15:03:50,692 INFO TARGETED OCR: Field=Plan Type Region={'x': 624, 'y': 752, 'width': 67, 'height': 17} Variant=4x_otsu PSM=13 Whitelist=False Result='‘SMS Pro' Candidate='‘SMS Pro' Valid=True Conf=77.5
2026-08-15 15:03:50,822 INFO TARGETED OCR: Field=Plan Type Region={'x': 624, 'y': 752, 'width': 67, 'height': 17} Variant=3x_adaptive PSM=7 Whitelist=False Result='SMS Pro' Candidate='SMS Pro' Valid=True Conf=95.5
2026-08-15 15:03:50,935 INFO TARGETED OCR: Field=Plan Type Region={'x': 624, 'y': 752, 'width': 67, 'height': 17} Variant=3x_adaptive PSM=8 Whitelist=False Result='‘SMS Pro' Candidate='‘SMS Pro' Valid=True Conf=79.0
2026-08-15 15:03:51,046 INFO TARGETED OCR: Field=Plan Type Region={'x': 624, 'y': 752, 'width': 67, 'height': 17} Variant=3x_adaptive PSM=6 Whitelist=False Result='SMS Pro' Candidate='SMS Pro' Valid=True Conf=95.5
2026-08-15 15:03:51,156 INFO TARGETED OCR: Field=Plan Type Region={'x': 624, 'y': 752, 'width': 67, 'height': 17} Variant=3x_adaptive PSM=13 Whitelist=False Result='‘SMS Pro' Candidate='‘SMS Pro' Valid=True Conf=79.0
2026-08-15 15:03:51,157 INFO TARGETED OCR ACCEPTED: Record=4 Field=Plan Type Value='SMS Pro' Conf=91.0 Decision=ACCEPTED_CONSENSUS
2026-08-15 15:03:51,157 INFO TARGETED OCR START: Record=4 Field=Card Type Region={'x': 722, 'y': 752, 'width': 209, 'height': 17}
2026-08-15 15:03:51,302 INFO TARGETED OCR: Field=Card Type Region={'x': 722, 'y': 752, 'width': 209, 'height': 17} Variant=3x_contrast PSM=7 Whitelist=False Result='MasterCard PremiumGold' Candidate='MasterCard PremiumGold' Valid=True Conf=92.0
2026-08-15 15:03:51,445 INFO TARGETED OCR: Field=Card Type Region={'x': 722, 'y': 752, 'width': 209, 'height': 17} Variant=3x_contrast PSM=8 Whitelist=False Result='MasterCard PremiumGold' Candidate='MasterCard PremiumGold' Valid=True Conf=91.5
2026-08-15 15:03:51,578 INFO TARGETED OCR: Field=Card Type Region={'x': 722, 'y': 752, 'width': 209, 'height': 17} Variant=3x_contrast PSM=6 Whitelist=False Result='MasterCard PremiumGold' Candidate='MasterCard PremiumGold' Valid=True Conf=92.0
2026-08-15 15:03:51,710 INFO TARGETED OCR: Field=Card Type Region={'x': 722, 'y': 752, 'width': 209, 'height': 17} Variant=3x_contrast PSM=13 Whitelist=False Result='MasterCard PremiumGold' Candidate='MasterCard PremiumGold' Valid=True Conf=91.5
2026-08-15 15:03:51,844 INFO TARGETED OCR: Field=Card Type Region={'x': 722, 'y': 752, 'width': 209, 'height': 17} Variant=4x_contrast PSM=7 Whitelist=False Result='MasterCard PremiumGold' Candidate='MasterCard PremiumGold' Valid=True Conf=92.0
2026-08-15 15:03:52,017 INFO TARGETED OCR: Field=Card Type Region={'x': 722, 'y': 752, 'width': 209, 'height': 17} Variant=4x_contrast PSM=8 Whitelist=False Result='MasterCard PremiumGold' Candidate='MasterCard PremiumGold' Valid=True Conf=91.5
2026-08-15 15:03:52,152 INFO TARGETED OCR: Field=Card Type Region={'x': 722, 'y': 752, 'width': 209, 'height': 17} Variant=4x_contrast PSM=6 Whitelist=False Result='MasterCard PremiumGold' Candidate='MasterCard PremiumGold' Valid=True Conf=92.0
2026-08-15 15:03:52,278 INFO TARGETED OCR: Field=Card Type Region={'x': 722, 'y': 752, 'width': 209, 'height': 17} Variant=4x_contrast PSM=13 Whitelist=False Result='MasterCard PremiumGold' Candidate='MasterCard PremiumGold' Valid=True Conf=91.5
2026-08-15 15:03:52,410 INFO TARGETED OCR: Field=Card Type Region={'x': 722, 'y': 752, 'width': 209, 'height': 17} Variant=4x_otsu PSM=7 Whitelist=False Result='MasterCard PremiumGold' Candidate='MasterCard PremiumGold' Valid=True Conf=92.0
2026-08-15 15:03:52,532 INFO TARGETED OCR: Field=Card Type Region={'x': 722, 'y': 752, 'width': 209, 'height': 17} Variant=4x_otsu PSM=8 Whitelist=False Result='MasterCard PremiumGold' Candidate='MasterCard PremiumGold' Valid=True Conf=92.0
2026-08-15 15:03:52,650 INFO TARGETED OCR: Field=Card Type Region={'x': 722, 'y': 752, 'width': 209, 'height': 17} Variant=4x_otsu PSM=6 Whitelist=False Result='MasterCard PremiumGold' Candidate='MasterCard PremiumGold' Valid=True Conf=92.0
2026-08-15 15:03:52,768 INFO TARGETED OCR: Field=Card Type Region={'x': 722, 'y': 752, 'width': 209, 'height': 17} Variant=4x_otsu PSM=13 Whitelist=False Result='MasterCard PremiumGold' Candidate='MasterCard PremiumGold' Valid=True Conf=92.0
2026-08-15 15:03:52,898 INFO TARGETED OCR: Field=Card Type Region={'x': 722, 'y': 752, 'width': 209, 'height': 17} Variant=3x_adaptive PSM=7 Whitelist=False Result='MasterCard PremiumGold' Candidate='MasterCard PremiumGold' Valid=True Conf=92.0
2026-08-15 15:03:53,026 INFO TARGETED OCR: Field=Card Type Region={'x': 722, 'y': 752, 'width': 209, 'height': 17} Variant=3x_adaptive PSM=8 Whitelist=False Result='MasterCard PremiumGold' Candidate='MasterCard PremiumGold' Valid=True Conf=91.5
2026-08-15 15:03:53,150 INFO TARGETED OCR: Field=Card Type Region={'x': 722, 'y': 752, 'width': 209, 'height': 17} Variant=3x_adaptive PSM=6 Whitelist=False Result='MasterCard PremiumGold' Candidate='MasterCard PremiumGold' Valid=True Conf=92.0
2026-08-15 15:03:53,275 INFO TARGETED OCR: Field=Card Type Region={'x': 722, 'y': 752, 'width': 209, 'height': 17} Variant=3x_adaptive PSM=13 Whitelist=False Result='MasterCard PremiumGold' Candidate='MasterCard PremiumGold' Valid=True Conf=91.5
2026-08-15 15:03:53,275 INFO TARGETED OCR ACCEPTED: Record=4 Field=Card Type Value='MasterCard PremiumGold' Conf=91.8 Decision=ACCEPTED_CONSENSUS
2026-08-15 15:03:53,275 INFO TARGETED OCR START: Record=4 Field=Contact Region={'x': 962, 'y': 752, 'width': 35, 'height': 17}
2026-08-15 15:03:53,400 INFO TARGETED OCR: Field=Contact Region={'x': 962, 'y': 752, 'width': 35, 'height': 17} Variant=3x_contrast PSM=7 Whitelist=False Result='£341' Candidate='341' Valid=True Conf=68.0
2026-08-15 15:03:53,510 INFO TARGETED OCR: Field=Contact Region={'x': 962, 'y': 752, 'width': 35, 'height': 17} Variant=3x_contrast PSM=7 Whitelist=True Result='341' Candidate='341' Valid=True Conf=0.0
2026-08-15 15:03:53,620 INFO TARGETED OCR: Field=Contact Region={'x': 962, 'y': 752, 'width': 35, 'height': 17} Variant=3x_contrast PSM=8 Whitelist=False Result='£341' Candidate='341' Valid=True Conf=72.0
2026-08-15 15:03:53,727 INFO TARGETED OCR: Field=Contact Region={'x': 962, 'y': 752, 'width': 35, 'height': 17} Variant=3x_contrast PSM=8 Whitelist=True Result='341' Candidate='341' Valid=True Conf=0.0
2026-08-15 15:03:53,834 INFO TARGETED OCR: Field=Contact Region={'x': 962, 'y': 752, 'width': 35, 'height': 17} Variant=3x_contrast PSM=6 Whitelist=False Result='£341' Candidate='341' Valid=True Conf=68.0
2026-08-15 15:03:53,953 INFO TARGETED OCR: Field=Contact Region={'x': 962, 'y': 752, 'width': 35, 'height': 17} Variant=3x_contrast PSM=6 Whitelist=True Result='341' Candidate='341' Valid=True Conf=0.0
2026-08-15 15:03:54,066 INFO TARGETED OCR: Field=Contact Region={'x': 962, 'y': 752, 'width': 35, 'height': 17} Variant=3x_contrast PSM=13 Whitelist=False Result='£341' Candidate='341' Valid=True Conf=72.0
2026-08-15 15:03:54,180 INFO TARGETED OCR: Field=Contact Region={'x': 962, 'y': 752, 'width': 35, 'height': 17} Variant=3x_contrast PSM=13 Whitelist=True Result='341' Candidate='341' Valid=True Conf=0.0
2026-08-15 15:03:54,294 INFO TARGETED OCR: Field=Contact Region={'x': 962, 'y': 752, 'width': 35, 'height': 17} Variant=4x_contrast PSM=7 Whitelist=False Result='£341' Candidate='341' Valid=True Conf=75.0
2026-08-15 15:03:54,416 INFO TARGETED OCR: Field=Contact Region={'x': 962, 'y': 752, 'width': 35, 'height': 17} Variant=4x_contrast PSM=7 Whitelist=True Result='341' Candidate='341' Valid=True Conf=0.0
2026-08-15 15:03:54,536 INFO TARGETED OCR: Field=Contact Region={'x': 962, 'y': 752, 'width': 35, 'height': 17} Variant=4x_contrast PSM=8 Whitelist=False Result='£341' Candidate='341' Valid=True Conf=75.0
2026-08-15 15:03:54,646 INFO TARGETED OCR: Field=Contact Region={'x': 962, 'y': 752, 'width': 35, 'height': 17} Variant=4x_contrast PSM=8 Whitelist=True Result='341' Candidate='341' Valid=True Conf=0.0
2026-08-15 15:03:54,756 INFO TARGETED OCR: Field=Contact Region={'x': 962, 'y': 752, 'width': 35, 'height': 17} Variant=4x_contrast PSM=6 Whitelist=False Result='£341' Candidate='341' Valid=True Conf=75.0
2026-08-15 15:03:54,864 INFO TARGETED OCR: Field=Contact Region={'x': 962, 'y': 752, 'width': 35, 'height': 17} Variant=4x_contrast PSM=6 Whitelist=True Result='341' Candidate='341' Valid=True Conf=0.0
2026-08-15 15:03:54,973 INFO TARGETED OCR: Field=Contact Region={'x': 962, 'y': 752, 'width': 35, 'height': 17} Variant=4x_contrast PSM=13 Whitelist=False Result='£341' Candidate='341' Valid=True Conf=75.0
2026-08-15 15:03:55,099 INFO TARGETED OCR: Field=Contact Region={'x': 962, 'y': 752, 'width': 35, 'height': 17} Variant=4x_contrast PSM=13 Whitelist=True Result='341' Candidate='341' Valid=True Conf=0.0
2026-08-15 15:03:55,214 INFO TARGETED OCR: Field=Contact Region={'x': 962, 'y': 752, 'width': 35, 'height': 17} Variant=4x_otsu PSM=7 Whitelist=False Result='E341' Candidate='341' Valid=True Conf=71.0
2026-08-15 15:03:55,320 INFO TARGETED OCR: Field=Contact Region={'x': 962, 'y': 752, 'width': 35, 'height': 17} Variant=4x_otsu PSM=7 Whitelist=True Result='341' Candidate='341' Valid=True Conf=0.0
2026-08-15 15:03:55,430 INFO TARGETED OCR: Field=Contact Region={'x': 962, 'y': 752, 'width': 35, 'height': 17} Variant=4x_otsu PSM=8 Whitelist=False Result='£341' Candidate='341' Valid=True Conf=60.0
2026-08-15 15:03:55,540 INFO TARGETED OCR: Field=Contact Region={'x': 962, 'y': 752, 'width': 35, 'height': 17} Variant=4x_otsu PSM=8 Whitelist=True Result='341' Candidate='341' Valid=True Conf=0.0
2026-08-15 15:03:55,646 INFO TARGETED OCR: Field=Contact Region={'x': 962, 'y': 752, 'width': 35, 'height': 17} Variant=4x_otsu PSM=6 Whitelist=False Result='E341' Candidate='341' Valid=True Conf=71.0
2026-08-15 15:03:55,757 INFO TARGETED OCR: Field=Contact Region={'x': 962, 'y': 752, 'width': 35, 'height': 17} Variant=4x_otsu PSM=6 Whitelist=True Result='341' Candidate='341' Valid=True Conf=0.0
2026-08-15 15:03:55,863 INFO TARGETED OCR: Field=Contact Region={'x': 962, 'y': 752, 'width': 35, 'height': 17} Variant=4x_otsu PSM=13 Whitelist=False Result='£341' Candidate='341' Valid=True Conf=60.0
2026-08-15 15:03:55,973 INFO TARGETED OCR: Field=Contact Region={'x': 962, 'y': 752, 'width': 35, 'height': 17} Variant=4x_otsu PSM=13 Whitelist=True Result='341' Candidate='341' Valid=True Conf=0.0
2026-08-15 15:03:56,081 INFO TARGETED OCR: Field=Contact Region={'x': 962, 'y': 752, 'width': 35, 'height': 17} Variant=3x_adaptive PSM=7 Whitelist=False Result='£341' Candidate='341' Valid=True Conf=74.0
2026-08-15 15:03:56,188 INFO TARGETED OCR: Field=Contact Region={'x': 962, 'y': 752, 'width': 35, 'height': 17} Variant=3x_adaptive PSM=7 Whitelist=True Result='341' Candidate='341' Valid=True Conf=0.0
2026-08-15 15:03:56,296 INFO TARGETED OCR: Field=Contact Region={'x': 962, 'y': 752, 'width': 35, 'height': 17} Variant=3x_adaptive PSM=8 Whitelist=False Result='£341' Candidate='341' Valid=True Conf=80.0
2026-08-15 15:03:56,420 INFO TARGETED OCR: Field=Contact Region={'x': 962, 'y': 752, 'width': 35, 'height': 17} Variant=3x_adaptive PSM=8 Whitelist=True Result='341' Candidate='341' Valid=True Conf=0.0
2026-08-15 15:03:56,530 INFO TARGETED OCR: Field=Contact Region={'x': 962, 'y': 752, 'width': 35, 'height': 17} Variant=3x_adaptive PSM=6 Whitelist=False Result='£341' Candidate='341' Valid=True Conf=74.0
2026-08-15 15:03:56,638 INFO TARGETED OCR: Field=Contact Region={'x': 962, 'y': 752, 'width': 35, 'height': 17} Variant=3x_adaptive PSM=6 Whitelist=True Result='341' Candidate='341' Valid=True Conf=0.0
2026-08-15 15:03:56,744 INFO TARGETED OCR: Field=Contact Region={'x': 962, 'y': 752, 'width': 35, 'height': 17} Variant=3x_adaptive PSM=13 Whitelist=False Result='£341' Candidate='341' Valid=True Conf=80.0
2026-08-15 15:03:56,848 INFO TARGETED OCR: Field=Contact Region={'x': 962, 'y': 752, 'width': 35, 'height': 17} Variant=3x_adaptive PSM=13 Whitelist=True Result='341' Candidate='341' Valid=True Conf=0.0
2026-08-15 15:03:56,849 INFO TARGETED OCR ACCEPTED: Record=4 Field=Contact Value='341' Conf=71.9 Decision=ACCEPTED_CONSENSUS
2026-08-15 15:03:56,849 WARNING RECORD 4 FIELD Service Provider | raw='' normalized='' confidence=0.0 validation=REVIEW reasons=FIELD_REGION_NOT_LOCATED targeted={'attempted': False, 'decision': 'FIELD_REGION_NOT_LOCATED'}
2026-08-15 15:03:56,849 WARNING RECORD 4 FIELD IMEI 1 | raw='!%%SS!-!#-798797-7' normalized='!%%SS!-!#-798797-7' confidence=22.0 validation=REVIEW reasons=LOW_OCR_CONFIDENCE,INVALID_IMEI1,AMBIGUOUS_IMEI1 targeted={'attempted': True, 'decision': 'NO_SAFE_CORRECTION', 'reason': 'INVALID_IMEI1', 'detail': 'No confident 15-digit candidate produced from IMEI 1 region', 'runs': [{'variant': '3x_contrast', 'psm': 7, 'whitelist': False, 'raw_text': 'I%%SS! - 1 - 798797 - 7', 'cleaned': '17987977', 'confidence': 67.86, 'is_valid': False}, {'variant': '3x_contrast', 'psm': 7, 'whitelist': True, 'raw_text': '-1-798797-7', 'cleaned': '17987977', 'confidence': 0.0, 'is_valid': False}, {'variant': '3x_contrast', 'psm': 8, 'whitelist': False, 'raw_text': 'I%%SSI - HE - 798797 - 7', 'cleaned': '7987977', 'confidence': 71.29, 'is_valid': False}, {'variant': '3x_contrast', 'psm': 8, 'whitelist': True, 'raw_text': '1--798797-7', 'cleaned': '17987977', 'confidence': 0.0, 'is_valid': False}, {'variant': '3x_contrast', 'psm': 6, 'whitelist': False, 'raw_text': 'I%%SS! - 1 - 798797 - 7', 'cleaned': '17987977', 'confidence': 67.86, 'is_valid': False}, {'variant': '3x_contrast', 'psm': 6, 'whitelist': True, 'raw_text': '-1-798797-7', 'cleaned': '17987977', 'confidence': 0.0, 'is_valid': False}, {'variant': '3x_contrast', 'psm': 13, 'whitelist': False, 'raw_text': 'I%%SSI - HE - 798797 - 7', 'cleaned': '7987977', 'confidence': 71.29, 'is_valid': False}, {'variant': '3x_contrast', 'psm': 13, 'whitelist': True, 'raw_text': '1--798797-7', 'cleaned': '17987977', 'confidence': 0.0, 'is_valid': False}, {'variant': '4x_contrast', 'psm': 7, 'whitelist': False, 'raw_text': 'I~%SS! - !# - 798797 - 7', 'cleaned': '7987977', 'confidence': 69.83, 'is_valid': False}, {'variant': '4x_contrast', 'psm': 7, 'whitelist': True, 'raw_text': '--798797-7', 'cleaned': '7987977', 'confidence': 0.0, 'is_valid': False}, {'variant': '4x_contrast', 'psm': 8, 'whitelist': False, 'raw_text': 'I%%SSI - I - 798797 - 7', 'cleaned': '7987977', 'confidence': 70.71, 'is_valid': False}, {'variant': '4x_contrast', 'psm': 8, 'whitelist': True, 'raw_text': '1--798797-7', 'cleaned': '17987977', 'confidence': 0.0, 'is_valid': False}, {'variant': '4x_contrast', 'psm': 6, 'whitelist': False, 'raw_text': 'I~%SS! - !# - 798797 - 7', 'cleaned': '7987977', 'confidence': 69.83, 'is_valid': False}, {'variant': '4x_contrast', 'psm': 6, 'whitelist': True, 'raw_text': '--798797-7', 'cleaned': '7987977', 'confidence': 0.0, 'is_valid': False}, {'variant': '4x_contrast', 'psm': 13, 'whitelist': False, 'raw_text': 'I%%SSI - I - 798797 - 7', 'cleaned': '7987977', 'confidence': 70.71, 'is_valid': False}, {'variant': '4x_contrast', 'psm': 13, 'whitelist': True, 'raw_text': '1--798797-7', 'cleaned': '17987977', 'confidence': 0.0, 'is_valid': False}, {'variant': '4x_otsu', 'psm': 7, 'whitelist': False, 'raw_text': 'I**99! - !# - 79B797 - 7', 'cleaned': '99797977', 'confidence': 69.0, 'is_valid': False}, {'variant': '4x_otsu', 'psm': 7, 'whitelist': True, 'raw_text': '99--79797-7', 'cleaned': '99797977', 'confidence': 0.0, 'is_valid': False}, {'variant': '4x_otsu', 'psm': 8, 'whitelist': False, 'raw_text': 'I%%SS! - HE - 798797 - 7', 'cleaned': '7987977', 'confidence': 64.86, 'is_valid': False}, {'variant': '4x_otsu', 'psm': 8, 'whitelist': True, 'raw_text': '1--798797-7', 'cleaned': '17987977', 'confidence': 0.0, 'is_valid': False}, {'variant': '4x_otsu', 'psm': 6, 'whitelist': False, 'raw_text': 'I**99! - !# - 79B797 - 7', 'cleaned': '99797977', 'confidence': 69.0, 'is_valid': False}, {'variant': '4x_otsu', 'psm': 6, 'whitelist': True, 'raw_text': '99--79797-7', 'cleaned': '99797977', 'confidence': 0.0, 'is_valid': False}, {'variant': '4x_otsu', 'psm': 13, 'whitelist': False, 'raw_text': 'I%%SS! - HE - 798797 - 7', 'cleaned': '7987977', 'confidence': 64.86, 'is_valid': False}, {'variant': '4x_otsu', 'psm': 13, 'whitelist': True, 'raw_text': '1--798797-7', 'cleaned': '17987977', 'confidence': 0.0, 'is_valid': False}, {'variant': '3x_adaptive', 'psm': 7, 'whitelist': False, 'raw_text': 'I~%SS! - 1 - T9BI9T - 7', 'cleaned': '1997', 'confidence': 74.17, 'is_valid': False}, {'variant': '3x_adaptive', 'psm': 7, 'whitelist': True, 'raw_text': '81-1--7997-7', 'cleaned': '81179977', 'confidence': 0.0, 'is_valid': False}, {'variant': '3x_adaptive', 'psm': 8, 'whitelist': False, 'raw_text': 'I%%SS! - HE - 798797 - 7', 'cleaned': '7987977', 'confidence': 73.43, 'is_valid': False}, {'variant': '3x_adaptive', 'psm': 8, 'whitelist': True, 'raw_text': '1--798797-7', 'cleaned': '17987977', 'confidence': 0.0, 'is_valid': False}, {'variant': '3x_adaptive', 'psm': 6, 'whitelist': False, 'raw_text': 'I~%SS! - 1 - T9BI9T - 7', 'cleaned': '1997', 'confidence': 74.17, 'is_valid': False}, {'variant': '3x_adaptive', 'psm': 6, 'whitelist': True, 'raw_text': '81-1--7997-7', 'cleaned': '81179977', 'confidence': 0.0, 'is_valid': False}, {'variant': '3x_adaptive', 'psm': 13, 'whitelist': False, 'raw_text': 'I%%SS! - HE - 798797 - 7', 'cleaned': '7987977', 'confidence': 73.43, 'is_valid': False}, {'variant': '3x_adaptive', 'psm': 13, 'whitelist': True, 'raw_text': '1--798797-7', 'cleaned': '17987977', 'confidence': 0.0, 'is_valid': False}]}
2026-08-15 15:03:56,850 WARNING RECORD 4 FIELD IMEI 2 | raw='' normalized='' confidence=0.0 validation=REVIEW reasons=FIELD_REGION_NOT_LOCATED targeted={'attempted': False, 'decision': 'FIELD_REGION_NOT_LOCATED'}
2026-08-15 15:03:56,850 WARNING RECORD 4 STATUS: REVIEW_REQUIRED
2026-08-15 15:03:56,866 INFO Processed sample.png (File No 28): {'VALIDATED': 0, 'REVIEW_REQUIRED': 4, 'FAILED': 0}
2026-08-15 15:10:42,967 INFO Watcher stopped safely.
2026-08-15 15:10:47,460 INFO StateStore active | Form No: max=113, next=114 | File No: max=28, next=28
2026-08-15 15:10:55,999 INFO Daily startup session initialized: continuing existing numbering state
2026-08-15 15:10:55,999 INFO Active File No: 28 | Next Form No: 114
2026-08-15 15:10:56,000 INFO Watching images\inbox for new images (.png, .jpg, .jpeg, .bmp, .webp). Polling latency ~1s. Ctrl+C to stop.
2026-08-15 15:11:17,013 INFO Image detected: Screenshot 2026-08-15 151116.png (size: 107527 bytes)
2026-08-15 15:11:17,013 INFO IMAGE STABILITY CHECK: Screenshot 2026-08-15 151116.png (SIZE=107527)
2026-08-15 15:11:17,542 INFO IMAGE DECODE OK: Screenshot 2026-08-15 151116.png
2026-08-15 15:11:17,542 INFO Image ready: Screenshot 2026-08-15 151116.png (file stable and readable)
2026-08-15 15:11:17,542 INFO Processing started: Screenshot 2026-08-15 151116.png
2026-08-15 15:11:17,890 INFO OCR variant A on Screenshot 2026-08-15 151116.png: records=1 mean_confidence=65.3
2026-08-15 15:11:18,216 INFO OCR variant B on Screenshot 2026-08-15 151116.png: records=1 mean_confidence=65.2
2026-08-15 15:11:18,567 INFO OCR variant C on Screenshot 2026-08-15 151116.png: records=1 mean_confidence=63.1
2026-08-15 15:11:18,568 INFO Selected OCR variant A for Screenshot 2026-08-15 151116.png
2026-08-15 15:11:18,628 INFO FIELD REGION: Record=1 Field=Card Type Label='Card' Label bbox={'x': 1070, 'y': 126, 'width': 42, 'height': 18} Value region={'x': 1119, 'y': 126, 'width': 151, 'height': 18} Region confidence=0.95
2026-08-15 15:11:18,629 INFO FIELD OWNERSHIP: Record=1 Field=Mobile Model Tokens='T722'
2026-08-15 15:11:18,629 INFO FIELD OWNERSHIP: Record=1 Field=IMEI 1 Tokens='943826 - 52-988142-5'
2026-08-15 15:11:18,633 INFO TARGETED OCR START: Record=1 Field=Mailing Street Region={'x': 1038, 'y': 27, 'width': 137, 'height': 23}
2026-08-15 15:11:18,758 INFO TARGETED OCR: Field=Mailing Street Region={'x': 1038, 'y': 27, 'width': 137, 'height': 23} Variant=3x_contrast PSM=7 Whitelist=False Result='139 Kings Road' Candidate='139 Kings Road' Valid=True Conf=96.0
2026-08-15 15:11:18,890 INFO TARGETED OCR: Field=Mailing Street Region={'x': 1038, 'y': 27, 'width': 137, 'height': 23} Variant=3x_contrast PSM=7 Whitelist=True Result='139KingsRoad' Candidate='139KingsRoad' Valid=True Conf=0.0
2026-08-15 15:11:19,008 INFO TARGETED OCR: Field=Mailing Street Region={'x': 1038, 'y': 27, 'width': 137, 'height': 23} Variant=3x_contrast PSM=8 Whitelist=False Result='139 Kings Road' Candidate='139 Kings Road' Valid=True Conf=90.7
2026-08-15 15:11:19,118 INFO TARGETED OCR: Field=Mailing Street Region={'x': 1038, 'y': 27, 'width': 137, 'height': 23} Variant=3x_contrast PSM=8 Whitelist=True Result='139KingsRoad' Candidate='139KingsRoad' Valid=True Conf=0.0
2026-08-15 15:11:19,227 INFO TARGETED OCR: Field=Mailing Street Region={'x': 1038, 'y': 27, 'width': 137, 'height': 23} Variant=3x_contrast PSM=6 Whitelist=False Result='139 Kings Road' Candidate='139 Kings Road' Valid=True Conf=96.0
2026-08-15 15:11:19,336 INFO TARGETED OCR: Field=Mailing Street Region={'x': 1038, 'y': 27, 'width': 137, 'height': 23} Variant=3x_contrast PSM=6 Whitelist=True Result='139KingsRoad' Candidate='139KingsRoad' Valid=True Conf=0.0
2026-08-15 15:11:19,456 INFO TARGETED OCR: Field=Mailing Street Region={'x': 1038, 'y': 27, 'width': 137, 'height': 23} Variant=3x_contrast PSM=13 Whitelist=False Result='139 Kings Road' Candidate='139 Kings Road' Valid=True Conf=90.7
2026-08-15 15:11:19,566 INFO TARGETED OCR: Field=Mailing Street Region={'x': 1038, 'y': 27, 'width': 137, 'height': 23} Variant=3x_contrast PSM=13 Whitelist=True Result='139KingsRoad' Candidate='139KingsRoad' Valid=True Conf=0.0
2026-08-15 15:11:19,691 INFO TARGETED OCR: Field=Mailing Street Region={'x': 1038, 'y': 27, 'width': 137, 'height': 23} Variant=4x_contrast PSM=7 Whitelist=False Result='139 Kings Road' Candidate='139 Kings Road' Valid=True Conf=95.7
2026-08-15 15:11:19,815 INFO TARGETED OCR: Field=Mailing Street Region={'x': 1038, 'y': 27, 'width': 137, 'height': 23} Variant=4x_contrast PSM=7 Whitelist=True Result='139KingsRoad' Candidate='139KingsRoad' Valid=True Conf=0.0
2026-08-15 15:11:19,937 INFO TARGETED OCR: Field=Mailing Street Region={'x': 1038, 'y': 27, 'width': 137, 'height': 23} Variant=4x_contrast PSM=8 Whitelist=False Result='139 Kings Road' Candidate='139 Kings Road' Valid=True Conf=92.7
2026-08-15 15:11:20,071 INFO TARGETED OCR: Field=Mailing Street Region={'x': 1038, 'y': 27, 'width': 137, 'height': 23} Variant=4x_contrast PSM=8 Whitelist=True Result='139KingsRoad' Candidate='139KingsRoad' Valid=True Conf=0.0
2026-08-15 15:11:20,195 INFO TARGETED OCR: Field=Mailing Street Region={'x': 1038, 'y': 27, 'width': 137, 'height': 23} Variant=4x_contrast PSM=6 Whitelist=False Result='139 Kings Road' Candidate='139 Kings Road' Valid=True Conf=95.7
2026-08-15 15:11:20,319 INFO TARGETED OCR: Field=Mailing Street Region={'x': 1038, 'y': 27, 'width': 137, 'height': 23} Variant=4x_contrast PSM=6 Whitelist=True Result='139KingsRoad' Candidate='139KingsRoad' Valid=True Conf=0.0
2026-08-15 15:11:20,436 INFO TARGETED OCR: Field=Mailing Street Region={'x': 1038, 'y': 27, 'width': 137, 'height': 23} Variant=4x_contrast PSM=13 Whitelist=False Result='139 Kings Road' Candidate='139 Kings Road' Valid=True Conf=92.7
2026-08-15 15:11:20,548 INFO TARGETED OCR: Field=Mailing Street Region={'x': 1038, 'y': 27, 'width': 137, 'height': 23} Variant=4x_contrast PSM=13 Whitelist=True Result='139KingsRoad' Candidate='139KingsRoad' Valid=True Conf=0.0
2026-08-15 15:11:20,680 INFO TARGETED OCR: Field=Mailing Street Region={'x': 1038, 'y': 27, 'width': 137, 'height': 23} Variant=4x_otsu PSM=7 Whitelist=False Result='139 Kings Road' Candidate='139 Kings Road' Valid=True Conf=96.0
2026-08-15 15:11:20,787 INFO TARGETED OCR: Field=Mailing Street Region={'x': 1038, 'y': 27, 'width': 137, 'height': 23} Variant=4x_otsu PSM=7 Whitelist=True Result='139KingsRoad' Candidate='139KingsRoad' Valid=True Conf=0.0
2026-08-15 15:11:20,896 INFO TARGETED OCR: Field=Mailing Street Region={'x': 1038, 'y': 27, 'width': 137, 'height': 23} Variant=4x_otsu PSM=8 Whitelist=False Result='139 Kings Read' Candidate='139 Kings Read' Valid=True Conf=92.7
2026-08-15 15:11:21,003 INFO TARGETED OCR: Field=Mailing Street Region={'x': 1038, 'y': 27, 'width': 137, 'height': 23} Variant=4x_otsu PSM=8 Whitelist=True Result='139KingsRead' Candidate='139KingsRead' Valid=True Conf=0.0
2026-08-15 15:11:21,109 INFO TARGETED OCR: Field=Mailing Street Region={'x': 1038, 'y': 27, 'width': 137, 'height': 23} Variant=4x_otsu PSM=6 Whitelist=False Result='139 Kings Road' Candidate='139 Kings Road' Valid=True Conf=96.0
2026-08-15 15:11:21,217 INFO TARGETED OCR: Field=Mailing Street Region={'x': 1038, 'y': 27, 'width': 137, 'height': 23} Variant=4x_otsu PSM=6 Whitelist=True Result='139KingsRoad' Candidate='139KingsRoad' Valid=True Conf=0.0
2026-08-15 15:11:21,323 INFO TARGETED OCR: Field=Mailing Street Region={'x': 1038, 'y': 27, 'width': 137, 'height': 23} Variant=4x_otsu PSM=13 Whitelist=False Result='139 Kings Read' Candidate='139 Kings Read' Valid=True Conf=92.7
2026-08-15 15:11:21,429 INFO TARGETED OCR: Field=Mailing Street Region={'x': 1038, 'y': 27, 'width': 137, 'height': 23} Variant=4x_otsu PSM=13 Whitelist=True Result='139KingsRead' Candidate='139KingsRead' Valid=True Conf=0.0
2026-08-15 15:11:21,541 INFO TARGETED OCR: Field=Mailing Street Region={'x': 1038, 'y': 27, 'width': 137, 'height': 23} Variant=3x_adaptive PSM=7 Whitelist=False Result='139 Kings Road' Candidate='139 Kings Road' Valid=True Conf=95.7
2026-08-15 15:11:21,665 INFO TARGETED OCR: Field=Mailing Street Region={'x': 1038, 'y': 27, 'width': 137, 'height': 23} Variant=3x_adaptive PSM=7 Whitelist=True Result='139KingsRoad' Candidate='139KingsRoad' Valid=True Conf=0.0
2026-08-15 15:11:21,777 INFO TARGETED OCR: Field=Mailing Street Region={'x': 1038, 'y': 27, 'width': 137, 'height': 23} Variant=3x_adaptive PSM=8 Whitelist=False Result='139 Kings Road' Candidate='139 Kings Road' Valid=True Conf=91.0
2026-08-15 15:11:21,890 INFO TARGETED OCR: Field=Mailing Street Region={'x': 1038, 'y': 27, 'width': 137, 'height': 23} Variant=3x_adaptive PSM=8 Whitelist=True Result='139KingsRoad' Candidate='139KingsRoad' Valid=True Conf=0.0
2026-08-15 15:11:22,002 INFO TARGETED OCR: Field=Mailing Street Region={'x': 1038, 'y': 27, 'width': 137, 'height': 23} Variant=3x_adaptive PSM=6 Whitelist=False Result='139 Kings Road' Candidate='139 Kings Road' Valid=True Conf=95.7
2026-08-15 15:11:22,119 INFO TARGETED OCR: Field=Mailing Street Region={'x': 1038, 'y': 27, 'width': 137, 'height': 23} Variant=3x_adaptive PSM=6 Whitelist=True Result='139KingsRoad' Candidate='139KingsRoad' Valid=True Conf=0.0
2026-08-15 15:11:22,231 INFO TARGETED OCR: Field=Mailing Street Region={'x': 1038, 'y': 27, 'width': 137, 'height': 23} Variant=3x_adaptive PSM=13 Whitelist=False Result='139 Kings Road' Candidate='139 Kings Road' Valid=True Conf=91.0
2026-08-15 15:11:22,344 INFO TARGETED OCR: Field=Mailing Street Region={'x': 1038, 'y': 27, 'width': 137, 'height': 23} Variant=3x_adaptive PSM=13 Whitelist=True Result='139KingsRoad' Candidate='139KingsRoad' Valid=True Conf=0.0
2026-08-15 15:11:22,346 INFO TARGETED OCR ACCEPTED: Record=1 Field=Mailing Street Value='139 Kings Road' Conf=94.0 Decision=ACCEPTED_CONSENSUS
2026-08-15 15:11:22,346 INFO TARGETED OCR START: Record=1 Field=Mobile Model Region={'x': 201, 'y': 126, 'width': 43, 'height': 18}
2026-08-15 15:11:22,457 INFO TARGETED OCR: Field=Mobile Model Region={'x': 201, 'y': 126, 'width': 43, 'height': 18} Variant=3x_contrast PSM=7 Whitelist=False Result='T722' Candidate='T722' Valid=True Conf=69.0
2026-08-15 15:11:22,559 INFO TARGETED OCR: Field=Mobile Model Region={'x': 201, 'y': 126, 'width': 43, 'height': 18} Variant=3x_contrast PSM=8 Whitelist=False Result='1122,' Candidate='1122,' Valid=True Conf=50.0
2026-08-15 15:11:22,658 INFO TARGETED OCR: Field=Mobile Model Region={'x': 201, 'y': 126, 'width': 43, 'height': 18} Variant=3x_contrast PSM=6 Whitelist=False Result='T722' Candidate='T722' Valid=True Conf=69.0
2026-08-15 15:11:22,759 INFO TARGETED OCR: Field=Mobile Model Region={'x': 201, 'y': 126, 'width': 43, 'height': 18} Variant=3x_contrast PSM=13 Whitelist=False Result='1122,' Candidate='1122,' Valid=True Conf=50.0
2026-08-15 15:11:22,867 INFO TARGETED OCR: Field=Mobile Model Region={'x': 201, 'y': 126, 'width': 43, 'height': 18} Variant=4x_contrast PSM=7 Whitelist=False Result='T722' Candidate='T722' Valid=True Conf=80.0
2026-08-15 15:11:22,969 INFO TARGETED OCR: Field=Mobile Model Region={'x': 201, 'y': 126, 'width': 43, 'height': 18} Variant=4x_contrast PSM=8 Whitelist=False Result='1122' Candidate='1122' Valid=True Conf=49.0
2026-08-15 15:11:23,070 INFO TARGETED OCR: Field=Mobile Model Region={'x': 201, 'y': 126, 'width': 43, 'height': 18} Variant=4x_contrast PSM=6 Whitelist=False Result='T722' Candidate='T722' Valid=True Conf=80.0
2026-08-15 15:11:23,173 INFO TARGETED OCR: Field=Mobile Model Region={'x': 201, 'y': 126, 'width': 43, 'height': 18} Variant=4x_contrast PSM=13 Whitelist=False Result='1122' Candidate='1122' Valid=True Conf=49.0
2026-08-15 15:11:23,290 INFO TARGETED OCR: Field=Mobile Model Region={'x': 201, 'y': 126, 'width': 43, 'height': 18} Variant=4x_otsu PSM=7 Whitelist=False Result='T722' Candidate='T722' Valid=True Conf=79.0
2026-08-15 15:11:23,392 INFO TARGETED OCR: Field=Mobile Model Region={'x': 201, 'y': 126, 'width': 43, 'height': 18} Variant=4x_otsu PSM=8 Whitelist=False Result='T7122' Candidate='T7122' Valid=True Conf=40.0
2026-08-15 15:11:23,493 INFO TARGETED OCR: Field=Mobile Model Region={'x': 201, 'y': 126, 'width': 43, 'height': 18} Variant=4x_otsu PSM=6 Whitelist=False Result='T722' Candidate='T722' Valid=True Conf=79.0
2026-08-15 15:11:23,597 INFO TARGETED OCR: Field=Mobile Model Region={'x': 201, 'y': 126, 'width': 43, 'height': 18} Variant=4x_otsu PSM=13 Whitelist=False Result='T7122' Candidate='T7122' Valid=True Conf=40.0
2026-08-15 15:11:23,705 INFO TARGETED OCR: Field=Mobile Model Region={'x': 201, 'y': 126, 'width': 43, 'height': 18} Variant=3x_adaptive PSM=7 Whitelist=False Result='T722' Candidate='T722' Valid=True Conf=88.0
2026-08-15 15:11:23,805 INFO TARGETED OCR: Field=Mobile Model Region={'x': 201, 'y': 126, 'width': 43, 'height': 18} Variant=3x_adaptive PSM=8 Whitelist=False Result='1722' Candidate='1722' Valid=True Conf=51.0
2026-08-15 15:11:23,905 INFO TARGETED OCR: Field=Mobile Model Region={'x': 201, 'y': 126, 'width': 43, 'height': 18} Variant=3x_adaptive PSM=6 Whitelist=False Result='T722' Candidate='T722' Valid=True Conf=88.0
2026-08-15 15:11:24,011 INFO TARGETED OCR: Field=Mobile Model Region={'x': 201, 'y': 126, 'width': 43, 'height': 18} Variant=3x_adaptive PSM=13 Whitelist=False Result='1722' Candidate='1722' Valid=True Conf=51.0
2026-08-15 15:11:24,011 INFO TARGETED OCR ACCEPTED: Record=1 Field=Mobile Model Value='T722' Conf=79.0 Decision=ACCEPTED_CONSENSUS
2026-08-15 15:11:24,011 INFO TARGETED OCR START: Record=1 Field=IMEI 1 Region={'x': 278, 'y': 126, 'width': 226, 'height': 18}
2026-08-15 15:11:24,139 INFO IMEI1 TOKENS: included token='943826' bbox={'x': 278, 'y': 126, 'width': 64, 'height': 18}
2026-08-15 15:11:24,140 INFO IMEI1 TOKENS: included token='-' bbox={'x': 350, 'y': 136, 'width': 8, 'height': 3}
2026-08-15 15:11:24,140 INFO IMEI1 TOKENS: included token='52' bbox={'x': 367, 'y': 126, 'width': 21, 'height': 18}
2026-08-15 15:11:24,140 INFO IMEI1 TOKENS: included token='-' bbox={'x': 394, 'y': 136, 'width': 8, 'height': 3}
2026-08-15 15:11:24,140 INFO IMEI1 TOKENS: included token='988142' bbox={'x': 410, 'y': 126, 'width': 63, 'height': 18}
2026-08-15 15:11:24,140 INFO IMEI1 TOKENS: included token='-' bbox={'x': 480, 'y': 136, 'width': 7, 'height': 3}
2026-08-15 15:11:24,140 INFO IMEI1 TOKENS: included token='5' bbox={'x': 495, 'y': 126, 'width': 9, 'height': 18}
2026-08-15 15:11:24,140 INFO IMEI1 NUMERIC PASS: Variant=3x_contrast PSM=7 Whitelist=False Raw='943826 - 52 - 988142 - 5' Candidate='943826529881425' Valid=True Conf=84.4
2026-08-15 15:11:24,277 INFO IMEI1 TOKENS: included token='943826-52-988142-5' bbox={'x': 278, 'y': 126, 'width': 226, 'height': 18}
2026-08-15 15:11:24,277 INFO IMEI1 NUMERIC PASS: Variant=3x_contrast PSM=7 Whitelist=True Raw='943826-52-988142-5' Candidate='943826529881425' Valid=True Conf=0.0
2026-08-15 15:11:24,401 INFO IMEI1 TOKENS: included token='943826' bbox={'x': 278, 'y': 126, 'width': 226, 'height': 18}
2026-08-15 15:11:24,401 INFO IMEI1 TOKENS: included token='-' bbox={'x': 349, 'y': 120, 'width': 10, 'height': 30}
2026-08-15 15:11:24,401 INFO IMEI1 TOKENS: included token='52' bbox={'x': 369, 'y': 120, 'width': 18, 'height': 30}
2026-08-15 15:11:24,401 INFO IMEI1 TOKENS: included token='-' bbox={'x': 394, 'y': 120, 'width': 8, 'height': 30}
2026-08-15 15:11:24,401 INFO IMEI1 TOKENS: included token='988142' bbox={'x': 412, 'y': 126, 'width': 60, 'height': 18}
2026-08-15 15:11:24,401 INFO IMEI1 TOKENS: included token='-5' bbox={'x': 482, 'y': 120, 'width': 28, 'height': 30}
2026-08-15 15:11:24,401 INFO IMEI1 NUMERIC PASS: Variant=3x_contrast PSM=8 Whitelist=False Raw='943826 - 52 - 988142 -5' Candidate='943826529881425' Valid=True Conf=81.3
2026-08-15 15:11:24,528 INFO IMEI1 TOKENS: included token='943826-52-988142-5' bbox={'x': 278, 'y': 126, 'width': 226, 'height': 18}
2026-08-15 15:11:24,528 INFO IMEI1 NUMERIC PASS: Variant=3x_contrast PSM=8 Whitelist=True Raw='943826-52-988142-5' Candidate='943826529881425' Valid=True Conf=0.0
2026-08-15 15:11:24,664 INFO IMEI1 TOKENS: included token='943826' bbox={'x': 278, 'y': 126, 'width': 64, 'height': 18}
2026-08-15 15:11:24,664 INFO IMEI1 TOKENS: included token='-' bbox={'x': 350, 'y': 136, 'width': 8, 'height': 3}
2026-08-15 15:11:24,665 INFO IMEI1 TOKENS: included token='52' bbox={'x': 367, 'y': 126, 'width': 21, 'height': 18}
2026-08-15 15:11:24,665 INFO IMEI1 TOKENS: included token='-' bbox={'x': 394, 'y': 136, 'width': 8, 'height': 3}
2026-08-15 15:11:24,665 INFO IMEI1 TOKENS: included token='988142' bbox={'x': 410, 'y': 126, 'width': 63, 'height': 18}
2026-08-15 15:11:24,665 INFO IMEI1 TOKENS: included token='-' bbox={'x': 480, 'y': 136, 'width': 7, 'height': 3}
2026-08-15 15:11:24,665 INFO IMEI1 TOKENS: included token='5' bbox={'x': 495, 'y': 126, 'width': 9, 'height': 18}
2026-08-15 15:11:24,665 INFO IMEI1 NUMERIC PASS: Variant=3x_contrast PSM=6 Whitelist=False Raw='943826 - 52 - 988142 - 5' Candidate='943826529881425' Valid=True Conf=84.4
2026-08-15 15:11:24,798 INFO IMEI1 TOKENS: included token='943826-52-988142-5' bbox={'x': 278, 'y': 126, 'width': 226, 'height': 18}
2026-08-15 15:11:24,799 INFO IMEI1 NUMERIC PASS: Variant=3x_contrast PSM=6 Whitelist=True Raw='943826-52-988142-5' Candidate='943826529881425' Valid=True Conf=0.0
2026-08-15 15:11:24,927 INFO IMEI1 TOKENS: included token='943826' bbox={'x': 278, 'y': 126, 'width': 226, 'height': 18}
2026-08-15 15:11:24,927 INFO IMEI1 TOKENS: included token='-' bbox={'x': 349, 'y': 120, 'width': 10, 'height': 30}
2026-08-15 15:11:24,927 INFO IMEI1 TOKENS: included token='52' bbox={'x': 369, 'y': 120, 'width': 18, 'height': 30}
2026-08-15 15:11:24,928 INFO IMEI1 TOKENS: included token='-' bbox={'x': 394, 'y': 120, 'width': 8, 'height': 30}
2026-08-15 15:11:24,928 INFO IMEI1 TOKENS: included token='988142' bbox={'x': 412, 'y': 126, 'width': 60, 'height': 18}
2026-08-15 15:11:24,928 INFO IMEI1 TOKENS: included token='-5' bbox={'x': 482, 'y': 120, 'width': 28, 'height': 30}
2026-08-15 15:11:24,928 INFO IMEI1 NUMERIC PASS: Variant=3x_contrast PSM=13 Whitelist=False Raw='943826 - 52 - 988142 -5' Candidate='943826529881425' Valid=True Conf=81.3
2026-08-15 15:11:25,054 INFO IMEI1 TOKENS: included token='943826-52-988142-5' bbox={'x': 278, 'y': 126, 'width': 226, 'height': 18}
2026-08-15 15:11:25,055 INFO IMEI1 NUMERIC PASS: Variant=3x_contrast PSM=13 Whitelist=True Raw='943826-52-988142-5' Candidate='943826529881425' Valid=True Conf=0.0
2026-08-15 15:11:25,192 INFO IMEI1 TOKENS: included token='943826' bbox={'x': 278, 'y': 126, 'width': 64, 'height': 18}
2026-08-15 15:11:25,192 INFO IMEI1 TOKENS: included token='-' bbox={'x': 350, 'y': 136, 'width': 8, 'height': 3}
2026-08-15 15:11:25,192 INFO IMEI1 TOKENS: included token='52' bbox={'x': 366, 'y': 126, 'width': 21, 'height': 18}
2026-08-15 15:11:25,192 INFO IMEI1 TOKENS: included token='-' bbox={'x': 394, 'y': 136, 'width': 8, 'height': 3}
2026-08-15 15:11:25,193 INFO IMEI1 TOKENS: included token='988142' bbox={'x': 410, 'y': 126, 'width': 63, 'height': 18}
2026-08-15 15:11:25,193 INFO IMEI1 TOKENS: included token='-' bbox={'x': 480, 'y': 136, 'width': 8, 'height': 3}
2026-08-15 15:11:25,193 INFO IMEI1 TOKENS: included token='5' bbox={'x': 495, 'y': 126, 'width': 8, 'height': 18}
2026-08-15 15:11:25,193 INFO IMEI1 NUMERIC PASS: Variant=4x_contrast PSM=7 Whitelist=False Raw='943826 - 52 - 988142 - 5' Candidate='943826529881425' Valid=True Conf=91.4
2026-08-15 15:11:25,330 INFO IMEI1 TOKENS: included token='943826-52-988142-5' bbox={'x': 278, 'y': 126, 'width': 225, 'height': 18}
2026-08-15 15:11:25,330 INFO IMEI1 NUMERIC PASS: Variant=4x_contrast PSM=7 Whitelist=True Raw='943826-52-988142-5' Candidate='943826529881425' Valid=True Conf=0.0
2026-08-15 15:11:25,460 INFO IMEI1 TOKENS: included token='943826' bbox={'x': 278, 'y': 126, 'width': 225, 'height': 18}
2026-08-15 15:11:25,460 INFO IMEI1 TOKENS: included token='-' bbox={'x': 350, 'y': 120, 'width': 10, 'height': 30}
2026-08-15 15:11:25,460 INFO IMEI1 TOKENS: included token='52' bbox={'x': 370, 'y': 120, 'width': 18, 'height': 30}
2026-08-15 15:11:25,460 INFO IMEI1 TOKENS: included token='-' bbox={'x': 394, 'y': 120, 'width': 8, 'height': 30}
2026-08-15 15:11:25,460 INFO IMEI1 TOKENS: included token='988142' bbox={'x': 412, 'y': 126, 'width': 60, 'height': 18}
2026-08-15 15:11:25,460 INFO IMEI1 TOKENS: included token='-5' bbox={'x': 482, 'y': 120, 'width': 28, 'height': 30}
2026-08-15 15:11:25,460 INFO IMEI1 NUMERIC PASS: Variant=4x_contrast PSM=8 Whitelist=False Raw='943826 - 52 - 988142 -5' Candidate='943826529881425' Valid=True Conf=80.0
2026-08-15 15:11:25,581 INFO IMEI1 TOKENS: included token='943826-52-988142-5' bbox={'x': 278, 'y': 126, 'width': 225, 'height': 18}
2026-08-15 15:11:25,581 INFO IMEI1 NUMERIC PASS: Variant=4x_contrast PSM=8 Whitelist=True Raw='943826-52-988142-5' Candidate='943826529881425' Valid=True Conf=0.0
2026-08-15 15:11:25,703 INFO IMEI1 TOKENS: included token='943826' bbox={'x': 278, 'y': 126, 'width': 64, 'height': 18}
2026-08-15 15:11:25,703 INFO IMEI1 TOKENS: included token='-' bbox={'x': 350, 'y': 136, 'width': 8, 'height': 3}
2026-08-15 15:11:25,703 INFO IMEI1 TOKENS: included token='52' bbox={'x': 366, 'y': 126, 'width': 21, 'height': 18}
2026-08-15 15:11:25,703 INFO IMEI1 TOKENS: included token='-' bbox={'x': 394, 'y': 136, 'width': 8, 'height': 3}
2026-08-15 15:11:25,703 INFO IMEI1 TOKENS: included token='988142' bbox={'x': 410, 'y': 126, 'width': 63, 'height': 18}
2026-08-15 15:11:25,703 INFO IMEI1 TOKENS: included token='-' bbox={'x': 480, 'y': 136, 'width': 8, 'height': 3}
2026-08-15 15:11:25,703 INFO IMEI1 TOKENS: included token='5' bbox={'x': 495, 'y': 126, 'width': 8, 'height': 18}
2026-08-15 15:11:25,703 INFO IMEI1 NUMERIC PASS: Variant=4x_contrast PSM=6 Whitelist=False Raw='943826 - 52 - 988142 - 5' Candidate='943826529881425' Valid=True Conf=91.4
2026-08-15 15:11:25,823 INFO IMEI1 TOKENS: included token='943826-52-988142-5' bbox={'x': 278, 'y': 126, 'width': 225, 'height': 18}
2026-08-15 15:11:25,824 INFO IMEI1 NUMERIC PASS: Variant=4x_contrast PSM=6 Whitelist=True Raw='943826-52-988142-5' Candidate='943826529881425' Valid=True Conf=0.0
2026-08-15 15:11:25,942 INFO IMEI1 TOKENS: included token='943826' bbox={'x': 278, 'y': 126, 'width': 225, 'height': 18}
2026-08-15 15:11:25,943 INFO IMEI1 TOKENS: included token='-' bbox={'x': 350, 'y': 120, 'width': 10, 'height': 30}
2026-08-15 15:11:25,943 INFO IMEI1 TOKENS: included token='52' bbox={'x': 370, 'y': 120, 'width': 18, 'height': 30}
2026-08-15 15:11:25,943 INFO IMEI1 TOKENS: included token='-' bbox={'x': 394, 'y': 120, 'width': 8, 'height': 30}
2026-08-15 15:11:25,943 INFO IMEI1 TOKENS: included token='988142' bbox={'x': 412, 'y': 126, 'width': 60, 'height': 18}
2026-08-15 15:11:25,943 INFO IMEI1 TOKENS: included token='-5' bbox={'x': 482, 'y': 120, 'width': 28, 'height': 30}
2026-08-15 15:11:25,943 INFO IMEI1 NUMERIC PASS: Variant=4x_contrast PSM=13 Whitelist=False Raw='943826 - 52 - 988142 -5' Candidate='943826529881425' Valid=True Conf=80.0
2026-08-15 15:11:26,061 INFO IMEI1 TOKENS: included token='943826-52-988142-5' bbox={'x': 278, 'y': 126, 'width': 225, 'height': 18}
2026-08-15 15:11:26,061 INFO IMEI1 NUMERIC PASS: Variant=4x_contrast PSM=13 Whitelist=True Raw='943826-52-988142-5' Candidate='943826529881425' Valid=True Conf=0.0
2026-08-15 15:11:26,183 INFO IMEI1 TOKENS: included token='943826' bbox={'x': 278, 'y': 126, 'width': 64, 'height': 18}
2026-08-15 15:11:26,183 INFO IMEI1 TOKENS: included token='-' bbox={'x': 350, 'y': 136, 'width': 7, 'height': 3}
2026-08-15 15:11:26,183 INFO IMEI1 TOKENS: included token='52' bbox={'x': 367, 'y': 126, 'width': 20, 'height': 18}
2026-08-15 15:11:26,183 INFO IMEI1 TOKENS: included token='-' bbox={'x': 394, 'y': 136, 'width': 7, 'height': 2}
2026-08-15 15:11:26,183 INFO IMEI1 TOKENS: included token='988142' bbox={'x': 410, 'y': 126, 'width': 63, 'height': 18}
2026-08-15 15:11:26,183 INFO IMEI1 TOKENS: included token='-' bbox={'x': 480, 'y': 136, 'width': 7, 'height': 3}
2026-08-15 15:11:26,184 INFO IMEI1 TOKENS: included token='5' bbox={'x': 496, 'y': 126, 'width': 8, 'height': 18}
2026-08-15 15:11:26,184 INFO IMEI1 NUMERIC PASS: Variant=4x_otsu PSM=7 Whitelist=False Raw='943826 - 52 - 988142 - 5' Candidate='943826529881425' Valid=True Conf=91.3
2026-08-15 15:11:26,295 INFO IMEI1 TOKENS: included token='943826-52-988142-5' bbox={'x': 278, 'y': 126, 'width': 225, 'height': 18}
2026-08-15 15:11:26,295 INFO IMEI1 NUMERIC PASS: Variant=4x_otsu PSM=7 Whitelist=True Raw='943826-52-988142-5' Candidate='943826529881425' Valid=True Conf=0.0
2026-08-15 15:11:26,408 INFO IMEI1 TOKENS: included token='943826' bbox={'x': 278, 'y': 126, 'width': 225, 'height': 18}
2026-08-15 15:11:26,408 INFO IMEI1 TOKENS: included token='-' bbox={'x': 350, 'y': 120, 'width': 10, 'height': 30}
2026-08-15 15:11:26,408 INFO IMEI1 TOKENS: included token='52' bbox={'x': 370, 'y': 120, 'width': 18, 'height': 30}
2026-08-15 15:11:26,408 INFO IMEI1 TOKENS: included token='-' bbox={'x': 394, 'y': 120, 'width': 8, 'height': 30}
2026-08-15 15:11:26,408 INFO IMEI1 TOKENS: included token='988142' bbox={'x': 412, 'y': 126, 'width': 60, 'height': 18}
2026-08-15 15:11:26,409 INFO IMEI1 TOKENS: included token='-' bbox={'x': 482, 'y': 120, 'width': 10, 'height': 30}
2026-08-15 15:11:26,409 INFO IMEI1 TOKENS: included token='5' bbox={'x': 494, 'y': 120, 'width': 15, 'height': 30}
2026-08-15 15:11:26,409 INFO IMEI1 NUMERIC PASS: Variant=4x_otsu PSM=8 Whitelist=False Raw='943826 - 52 - 988142 - 5' Candidate='943826529881425' Valid=True Conf=72.9
2026-08-15 15:11:26,518 INFO IMEI1 TOKENS: included token='943826-52-988142-5' bbox={'x': 278, 'y': 126, 'width': 225, 'height': 18}
2026-08-15 15:11:26,518 INFO IMEI1 NUMERIC PASS: Variant=4x_otsu PSM=8 Whitelist=True Raw='943826-52-988142-5' Candidate='943826529881425' Valid=True Conf=0.0
2026-08-15 15:11:26,628 INFO IMEI1 TOKENS: included token='943826' bbox={'x': 278, 'y': 126, 'width': 64, 'height': 18}
2026-08-15 15:11:26,628 INFO IMEI1 TOKENS: included token='-' bbox={'x': 350, 'y': 136, 'width': 7, 'height': 3}
2026-08-15 15:11:26,629 INFO IMEI1 TOKENS: included token='52' bbox={'x': 367, 'y': 126, 'width': 20, 'height': 18}
2026-08-15 15:11:26,629 INFO IMEI1 TOKENS: included token='-' bbox={'x': 394, 'y': 136, 'width': 7, 'height': 2}
2026-08-15 15:11:26,629 INFO IMEI1 TOKENS: included token='988142' bbox={'x': 410, 'y': 126, 'width': 63, 'height': 18}
2026-08-15 15:11:26,629 INFO IMEI1 TOKENS: included token='-' bbox={'x': 480, 'y': 136, 'width': 7, 'height': 3}
2026-08-15 15:11:26,629 INFO IMEI1 TOKENS: included token='5' bbox={'x': 496, 'y': 126, 'width': 8, 'height': 18}
2026-08-15 15:11:26,629 INFO IMEI1 NUMERIC PASS: Variant=4x_otsu PSM=6 Whitelist=False Raw='943826 - 52 - 988142 - 5' Candidate='943826529881425' Valid=True Conf=91.3
2026-08-15 15:11:26,740 INFO IMEI1 TOKENS: included token='943826-52-988142-5' bbox={'x': 278, 'y': 126, 'width': 225, 'height': 18}
2026-08-15 15:11:26,740 INFO IMEI1 NUMERIC PASS: Variant=4x_otsu PSM=6 Whitelist=True Raw='943826-52-988142-5' Candidate='943826529881425' Valid=True Conf=0.0
2026-08-15 15:11:26,849 INFO IMEI1 TOKENS: included token='943826' bbox={'x': 278, 'y': 126, 'width': 225, 'height': 18}
2026-08-15 15:11:26,849 INFO IMEI1 TOKENS: included token='-' bbox={'x': 350, 'y': 120, 'width': 10, 'height': 30}
2026-08-15 15:11:26,849 INFO IMEI1 TOKENS: included token='52' bbox={'x': 370, 'y': 120, 'width': 18, 'height': 30}
2026-08-15 15:11:26,849 INFO IMEI1 TOKENS: included token='-' bbox={'x': 394, 'y': 120, 'width': 8, 'height': 30}
2026-08-15 15:11:26,849 INFO IMEI1 TOKENS: included token='988142' bbox={'x': 412, 'y': 126, 'width': 60, 'height': 18}
2026-08-15 15:11:26,849 INFO IMEI1 TOKENS: included token='-' bbox={'x': 482, 'y': 120, 'width': 10, 'height': 30}
2026-08-15 15:11:26,849 INFO IMEI1 TOKENS: included token='5' bbox={'x': 494, 'y': 120, 'width': 15, 'height': 30}
2026-08-15 15:11:26,850 INFO IMEI1 NUMERIC PASS: Variant=4x_otsu PSM=13 Whitelist=False Raw='943826 - 52 - 988142 - 5' Candidate='943826529881425' Valid=True Conf=72.9
2026-08-15 15:11:26,959 INFO IMEI1 TOKENS: included token='943826-52-988142-5' bbox={'x': 278, 'y': 126, 'width': 225, 'height': 18}
2026-08-15 15:11:26,959 INFO IMEI1 NUMERIC PASS: Variant=4x_otsu PSM=13 Whitelist=True Raw='943826-52-988142-5' Candidate='943826529881425' Valid=True Conf=0.0
2026-08-15 15:11:27,088 INFO IMEI1 TOKENS: included token='943826' bbox={'x': 279, 'y': 126, 'width': 64, 'height': 18}
2026-08-15 15:11:27,088 INFO IMEI1 TOKENS: included token='-' bbox={'x': 350, 'y': 136, 'width': 8, 'height': 3}
2026-08-15 15:11:27,088 INFO IMEI1 TOKENS: included token='52' bbox={'x': 367, 'y': 126, 'width': 21, 'height': 18}
2026-08-15 15:11:27,088 INFO IMEI1 TOKENS: included token='-' bbox={'x': 394, 'y': 136, 'width': 8, 'height': 3}
2026-08-15 15:11:27,088 INFO IMEI1 TOKENS: included token='988142' bbox={'x': 410, 'y': 126, 'width': 63, 'height': 18}
2026-08-15 15:11:27,088 INFO IMEI1 TOKENS: included token='-' bbox={'x': 480, 'y': 136, 'width': 7, 'height': 3}
2026-08-15 15:11:27,089 INFO IMEI1 TOKENS: included token='5' bbox={'x': 495, 'y': 126, 'width': 8, 'height': 18}
2026-08-15 15:11:27,089 INFO IMEI1 NUMERIC PASS: Variant=3x_adaptive PSM=7 Whitelist=False Raw='943826 - 52 - 988142 - 5' Candidate='943826529881425' Valid=True Conf=89.0
2026-08-15 15:11:27,208 INFO IMEI1 TOKENS: included token='943826-52-988142-5' bbox={'x': 279, 'y': 126, 'width': 225, 'height': 18}
2026-08-15 15:11:27,208 INFO IMEI1 NUMERIC PASS: Variant=3x_adaptive PSM=7 Whitelist=True Raw='943826-52-988142-5' Candidate='943826529881425' Valid=True Conf=0.0
2026-08-15 15:11:27,325 INFO IMEI1 TOKENS: included token='943826' bbox={'x': 279, 'y': 126, 'width': 225, 'height': 18}
2026-08-15 15:11:27,325 INFO IMEI1 TOKENS: included token='-' bbox={'x': 349, 'y': 120, 'width': 10, 'height': 30}
2026-08-15 15:11:27,325 INFO IMEI1 TOKENS: included token='52' bbox={'x': 369, 'y': 120, 'width': 18, 'height': 30}
2026-08-15 15:11:27,325 INFO IMEI1 TOKENS: included token='-' bbox={'x': 394, 'y': 120, 'width': 8, 'height': 30}
2026-08-15 15:11:27,325 INFO IMEI1 TOKENS: included token='988142' bbox={'x': 412, 'y': 126, 'width': 60, 'height': 18}
2026-08-15 15:11:27,325 INFO IMEI1 TOKENS: included token='-' bbox={'x': 482, 'y': 120, 'width': 10, 'height': 30}
2026-08-15 15:11:27,326 INFO IMEI1 TOKENS: included token='5' bbox={'x': 497, 'y': 120, 'width': 13, 'height': 30}
2026-08-15 15:11:27,326 INFO IMEI1 NUMERIC PASS: Variant=3x_adaptive PSM=8 Whitelist=False Raw='943826 - 52 - 988142 - 5' Candidate='943826529881425' Valid=True Conf=84.4
2026-08-15 15:11:27,443 INFO IMEI1 TOKENS: included token='943826-52-988142-5' bbox={'x': 279, 'y': 126, 'width': 225, 'height': 18}
2026-08-15 15:11:27,443 INFO IMEI1 NUMERIC PASS: Variant=3x_adaptive PSM=8 Whitelist=True Raw='943826-52-988142-5' Candidate='943826529881425' Valid=True Conf=0.0
2026-08-15 15:11:27,560 INFO IMEI1 TOKENS: included token='943826' bbox={'x': 279, 'y': 126, 'width': 64, 'height': 18}
2026-08-15 15:11:27,561 INFO IMEI1 TOKENS: included token='-' bbox={'x': 350, 'y': 136, 'width': 8, 'height': 3}
2026-08-15 15:11:27,561 INFO IMEI1 TOKENS: included token='52' bbox={'x': 367, 'y': 126, 'width': 21, 'height': 18}
2026-08-15 15:11:27,561 INFO IMEI1 TOKENS: included token='-' bbox={'x': 394, 'y': 136, 'width': 8, 'height': 3}
2026-08-15 15:11:27,561 INFO IMEI1 TOKENS: included token='988142' bbox={'x': 410, 'y': 126, 'width': 63, 'height': 18}
2026-08-15 15:11:27,561 INFO IMEI1 TOKENS: included token='-' bbox={'x': 480, 'y': 136, 'width': 7, 'height': 3}
2026-08-15 15:11:27,561 INFO IMEI1 TOKENS: included token='5' bbox={'x': 495, 'y': 126, 'width': 8, 'height': 18}
2026-08-15 15:11:27,561 INFO IMEI1 NUMERIC PASS: Variant=3x_adaptive PSM=6 Whitelist=False Raw='943826 - 52 - 988142 - 5' Candidate='943826529881425' Valid=True Conf=89.0
2026-08-15 15:11:27,677 INFO IMEI1 TOKENS: included token='943826-52-988142-5' bbox={'x': 279, 'y': 126, 'width': 225, 'height': 18}
2026-08-15 15:11:27,677 INFO IMEI1 NUMERIC PASS: Variant=3x_adaptive PSM=6 Whitelist=True Raw='943826-52-988142-5' Candidate='943826529881425' Valid=True Conf=0.0
2026-08-15 15:11:27,794 INFO IMEI1 TOKENS: included token='943826' bbox={'x': 279, 'y': 126, 'width': 225, 'height': 18}
2026-08-15 15:11:27,794 INFO IMEI1 TOKENS: included token='-' bbox={'x': 349, 'y': 120, 'width': 10, 'height': 30}
2026-08-15 15:11:27,794 INFO IMEI1 TOKENS: included token='52' bbox={'x': 369, 'y': 120, 'width': 18, 'height': 30}
2026-08-15 15:11:27,794 INFO IMEI1 TOKENS: included token='-' bbox={'x': 394, 'y': 120, 'width': 8, 'height': 30}
2026-08-15 15:11:27,794 INFO IMEI1 TOKENS: included token='988142' bbox={'x': 412, 'y': 126, 'width': 60, 'height': 18}
2026-08-15 15:11:27,794 INFO IMEI1 TOKENS: included token='-' bbox={'x': 482, 'y': 120, 'width': 10, 'height': 30}
2026-08-15 15:11:27,794 INFO IMEI1 TOKENS: included token='5' bbox={'x': 497, 'y': 120, 'width': 13, 'height': 30}
2026-08-15 15:11:27,795 INFO IMEI1 NUMERIC PASS: Variant=3x_adaptive PSM=13 Whitelist=False Raw='943826 - 52 - 988142 - 5' Candidate='943826529881425' Valid=True Conf=84.4
2026-08-15 15:11:27,909 INFO IMEI1 TOKENS: included token='943826-52-988142-5' bbox={'x': 279, 'y': 126, 'width': 225, 'height': 18}
2026-08-15 15:11:27,910 INFO IMEI1 NUMERIC PASS: Variant=3x_adaptive PSM=13 Whitelist=True Raw='943826-52-988142-5' Candidate='943826529881425' Valid=True Conf=0.0
2026-08-15 15:11:27,910 INFO IMEI1 CONSENSUS: Candidate=943826529881425 Support=32 MeanConfidence=84.3 Decision=ACCEPTED_STRICT_IMEI
2026-08-15 15:11:27,910 INFO TARGETED OCR ACCEPTED: Record=1 Field=IMEI 1 Value='943826529881425' Conf=84.3 Decision=ACCEPTED_STRICT_IMEI
2026-08-15 15:11:27,910 INFO TARGETED OCR START: Record=1 Field=IMEI 2 Region={'x': 553, 'y': 123, 'width': 221, 'height': 22}
2026-08-15 15:11:28,033 INFO TARGETED OCR: Field=IMEI 2 Region={'x': 553, 'y': 123, 'width': 221, 'height': 22} Variant=3x_contrast PSM=7 Whitelist=False Result="'#SS# - $? - 468976 - 2" Candidate="'#SS# - $? - 468976 - 2" Valid=True Conf=90.2
2026-08-15 15:11:28,147 INFO TARGETED OCR: Field=IMEI 2 Region={'x': 553, 'y': 123, 'width': 221, 'height': 22} Variant=3x_contrast PSM=8 Whitelist=False Result='IWSS# - $? - 468976 - 2' Candidate='IWSS# - $? - 468976 - 2' Valid=True Conf=75.6
2026-08-15 15:11:28,276 INFO TARGETED OCR: Field=IMEI 2 Region={'x': 553, 'y': 123, 'width': 221, 'height': 22} Variant=3x_contrast PSM=6 Whitelist=False Result="'#SS# - $? - 468976 - 2" Candidate="'#SS# - $? - 468976 - 2" Valid=True Conf=90.2
2026-08-15 15:11:28,388 INFO TARGETED OCR: Field=IMEI 2 Region={'x': 553, 'y': 123, 'width': 221, 'height': 22} Variant=3x_contrast PSM=13 Whitelist=False Result='IWSS# - $? - 468976 - 2' Candidate='IWSS# - $? - 468976 - 2' Valid=True Conf=75.6
2026-08-15 15:11:28,513 INFO TARGETED OCR: Field=IMEI 2 Region={'x': 553, 'y': 123, 'width': 221, 'height': 22} Variant=4x_contrast PSM=7 Whitelist=False Result='"SSH - $? - 468976 - 2' Candidate='"SSH - $? - 468976 - 2' Valid=True Conf=91.2
2026-08-15 15:11:28,632 INFO TARGETED OCR: Field=IMEI 2 Region={'x': 553, 'y': 123, 'width': 221, 'height': 22} Variant=4x_contrast PSM=8 Whitelist=False Result='IWSS# - $? - 468976 - 2' Candidate='IWSS# - $? - 468976 - 2' Valid=True Conf=74.6
2026-08-15 15:11:28,752 INFO TARGETED OCR: Field=IMEI 2 Region={'x': 553, 'y': 123, 'width': 221, 'height': 22} Variant=4x_contrast PSM=6 Whitelist=False Result='"SSH - $? - 468976 - 2' Candidate='"SSH - $? - 468976 - 2' Valid=True Conf=91.2
2026-08-15 15:11:28,870 INFO TARGETED OCR: Field=IMEI 2 Region={'x': 553, 'y': 123, 'width': 221, 'height': 22} Variant=4x_contrast PSM=13 Whitelist=False Result='IWSS# - $? - 468976 - 2' Candidate='IWSS# - $? - 468976 - 2' Valid=True Conf=74.6
2026-08-15 15:11:28,990 INFO TARGETED OCR: Field=IMEI 2 Region={'x': 553, 'y': 123, 'width': 221, 'height': 22} Variant=4x_otsu PSM=7 Whitelist=False Result='"4SS# - $? - 468976 - 2' Candidate='"4SS# - $? - 468976 - 2' Valid=True Conf=90.2
2026-08-15 15:11:29,102 INFO TARGETED OCR: Field=IMEI 2 Region={'x': 553, 'y': 123, 'width': 221, 'height': 22} Variant=4x_otsu PSM=8 Whitelist=False Result='I#SS# - $? - 468976 - 2' Candidate='I#SS# - $? - 468976 - 2' Valid=True Conf=81.5
2026-08-15 15:11:29,214 INFO TARGETED OCR: Field=IMEI 2 Region={'x': 553, 'y': 123, 'width': 221, 'height': 22} Variant=4x_otsu PSM=6 Whitelist=False Result='"4SS# - $? - 468976 - 2' Candidate='"4SS# - $? - 468976 - 2' Valid=True Conf=90.2
2026-08-15 15:11:29,322 INFO TARGETED OCR: Field=IMEI 2 Region={'x': 553, 'y': 123, 'width': 221, 'height': 22} Variant=4x_otsu PSM=13 Whitelist=False Result='I#SS# - $? - 468976 - 2' Candidate='I#SS# - $? - 468976 - 2' Valid=True Conf=81.5
2026-08-15 15:11:29,450 INFO TARGETED OCR: Field=IMEI 2 Region={'x': 553, 'y': 123, 'width': 221, 'height': 22} Variant=3x_adaptive PSM=7 Whitelist=False Result='!W#SS# - $? - 468976 - 2' Candidate='!W#SS# - $? - 468976 - 2' Valid=True Conf=90.0
2026-08-15 15:11:29,567 INFO TARGETED OCR: Field=IMEI 2 Region={'x': 553, 'y': 123, 'width': 221, 'height': 22} Variant=3x_adaptive PSM=8 Whitelist=False Result='IMSS# - $? - 468976 - 2' Candidate='IMSS# - $? - 468976 - 2' Valid=True Conf=77.7
2026-08-15 15:11:29,684 INFO TARGETED OCR: Field=IMEI 2 Region={'x': 553, 'y': 123, 'width': 221, 'height': 22} Variant=3x_adaptive PSM=6 Whitelist=False Result='!W#SS# - $? - 468976 - 2' Candidate='!W#SS# - $? - 468976 - 2' Valid=True Conf=90.0
2026-08-15 15:11:29,800 INFO TARGETED OCR: Field=IMEI 2 Region={'x': 553, 'y': 123, 'width': 221, 'height': 22} Variant=3x_adaptive PSM=13 Whitelist=False Result='IMSS# - $? - 468976 - 2' Candidate='IMSS# - $? - 468976 - 2' Valid=True Conf=77.7
2026-08-15 15:11:29,801 INFO TARGETED OCR ACCEPTED: Record=1 Field=IMEI 2 Value='IWSS# - $? - 468976 - 2' Conf=75.1 Decision=ACCEPTED_CONSENSUS
2026-08-15 15:11:29,801 WARNING RECORD 1 FIELD Postal Code | raw='' normalized='' confidence=0.0 validation=REVIEW reasons=MISSING_REQUIRED_FIELD,FIELD_REGION_NOT_LOCATED targeted={'attempted': False, 'decision': 'FIELD_REGION_NOT_LOCATED'}
2026-08-15 15:11:29,801 WARNING RECORD 1 STATUS: REVIEW_REQUIRED
2026-08-15 15:11:29,808 INFO Processed Screenshot 2026-08-15 151116.png (File No 28): {'VALIDATED': 0, 'REVIEW_REQUIRED': 1, 'FAILED': 0}
2026-08-15 15:11:29,808 INFO Processing completed: Screenshot 2026-08-15 151116.png
2026-08-15 15:31:06,190 INFO Watcher stopped safely.
2026-08-17 12:43:02,144 INFO StateStore active | Form No: max=114, next=115 | File No: max=28, next=28
2026-08-17 12:43:43,787 INFO Operator selected new daily numbering configuration
2026-08-17 12:44:39,942 INFO New daily numbering configuration confirmed: File No=145 Starting Form No=574
2026-08-17 12:44:39,945 INFO Watching images\inbox for new images (.png, .jpg, .jpeg, .bmp, .webp). Polling latency ~1s. Ctrl+C to stop.
2026-08-17 12:44:39,948 INFO Image detected: Screenshot 2026-08-15 153414.png (size: 330228 bytes)
2026-08-17 12:44:39,948 INFO IMAGE STABILITY CHECK: Screenshot 2026-08-15 153414.png (SIZE=330228)
2026-08-17 12:44:40,518 INFO IMAGE DECODE OK: Screenshot 2026-08-15 153414.png
2026-08-17 12:44:40,519 INFO Image ready: Screenshot 2026-08-15 153414.png (file stable and readable)
2026-08-17 12:44:40,520 INFO Processing started: Screenshot 2026-08-15 153414.png
2026-08-17 12:44:44,166 INFO OCR variant A on Screenshot 2026-08-15 153414.png: records=4 mean_confidence=68.8
2026-08-17 12:44:45,408 INFO OCR variant B on Screenshot 2026-08-15 153414.png: records=4 mean_confidence=68.8
2026-08-17 12:44:46,786 INFO OCR variant C on Screenshot 2026-08-15 153414.png: records=4 mean_confidence=66.0
2026-08-17 12:44:46,786 INFO Selected OCR variant B for Screenshot 2026-08-15 153414.png
2026-08-17 12:44:46,864 INFO FIELD REGION: Record=1 Field=Card Type Label='Card' Label bbox={'x': 930, 'y': 138, 'width': 37, 'height': 16} Value region={'x': 974, 'y': 138, 'width': 132, 'height': 16} Region confidence=0.95
2026-08-17 12:44:46,865 INFO FIELD OWNERSHIP: Record=1 Field=Mobile Model Tokens='1722'
2026-08-17 12:44:46,865 INFO FIELD OWNERSHIP: Record=1 Field=IMEI 1 Tokens='943826 - 52 - 988142 -5'
2026-08-17 12:44:46,910 INFO TARGETED OCR START: Record=1 Field=Email Region={'x': 241, 'y': 52, 'width': 209, 'height': 20}
2026-08-17 12:44:47,084 INFO TARGETED OCR: Field=Email Region={'x': 241, 'y': 52, 'width': 209, 'height': 20} Variant=3x_contrast PSM=7 Whitelist=False Result='lelia.greci@jurysinns.com' Candidate='lelia.greci@jurysinns.com' Valid=True Conf=91.0
2026-08-17 12:44:47,244 INFO TARGETED OCR: Field=Email Region={'x': 241, 'y': 52, 'width': 209, 'height': 20} Variant=3x_contrast PSM=8 Whitelist=False Result='lelia.greci@jurysinns.com' Candidate='lelia.greci@jurysinns.com' Valid=True Conf=22.0
2026-08-17 12:44:47,414 INFO TARGETED OCR: Field=Email Region={'x': 241, 'y': 52, 'width': 209, 'height': 20} Variant=3x_contrast PSM=6 Whitelist=False Result='lelia.greci@jurysinns.com' Candidate='lelia.greci@jurysinns.com' Valid=True Conf=91.0
2026-08-17 12:44:47,575 INFO TARGETED OCR: Field=Email Region={'x': 241, 'y': 52, 'width': 209, 'height': 20} Variant=3x_contrast PSM=13 Whitelist=False Result='lelia.greci@jurysinns.com' Candidate='lelia.greci@jurysinns.com' Valid=True Conf=22.0
2026-08-17 12:44:47,756 INFO TARGETED OCR: Field=Email Region={'x': 241, 'y': 52, 'width': 209, 'height': 20} Variant=4x_contrast PSM=7 Whitelist=False Result='lelia.greci@jurysinns.com' Candidate='lelia.greci@jurysinns.com' Valid=True Conf=90.0
2026-08-17 12:44:47,917 INFO TARGETED OCR: Field=Email Region={'x': 241, 'y': 52, 'width': 209, 'height': 20} Variant=4x_contrast PSM=8 Whitelist=False Result='lelia.greci@jurysinns.com' Candidate='lelia.greci@jurysinns.com' Valid=True Conf=28.0
2026-08-17 12:44:48,083 INFO TARGETED OCR: Field=Email Region={'x': 241, 'y': 52, 'width': 209, 'height': 20} Variant=4x_contrast PSM=6 Whitelist=False Result='lelia.greci@jurysinns.com' Candidate='lelia.greci@jurysinns.com' Valid=True Conf=90.0
2026-08-17 12:44:48,241 INFO TARGETED OCR: Field=Email Region={'x': 241, 'y': 52, 'width': 209, 'height': 20} Variant=4x_contrast PSM=13 Whitelist=False Result='lelia.greci@jurysinns.com' Candidate='lelia.greci@jurysinns.com' Valid=True Conf=28.0
2026-08-17 12:44:48,396 INFO TARGETED OCR: Field=Email Region={'x': 241, 'y': 52, 'width': 209, 'height': 20} Variant=4x_otsu PSM=7 Whitelist=False Result='lelia.greci@jurysinns.com' Candidate='lelia.greci@jurysinns.com' Valid=True Conf=88.0
2026-08-17 12:44:48,554 INFO TARGETED OCR: Field=Email Region={'x': 241, 'y': 52, 'width': 209, 'height': 20} Variant=4x_otsu PSM=8 Whitelist=False Result='lelia.greci@jurysinns.com' Candidate='lelia.greci@jurysinns.com' Valid=True Conf=0.0
2026-08-17 12:44:48,712 INFO TARGETED OCR: Field=Email Region={'x': 241, 'y': 52, 'width': 209, 'height': 20} Variant=4x_otsu PSM=6 Whitelist=False Result='lelia.greci@jurysinns.com' Candidate='lelia.greci@jurysinns.com' Valid=True Conf=88.0
2026-08-17 12:44:48,855 INFO TARGETED OCR: Field=Email Region={'x': 241, 'y': 52, 'width': 209, 'height': 20} Variant=4x_otsu PSM=13 Whitelist=False Result='lelia.greci@jurysinns.com' Candidate='lelia.greci@jurysinns.com' Valid=True Conf=0.0
2026-08-17 12:44:49,020 INFO TARGETED OCR: Field=Email Region={'x': 241, 'y': 52, 'width': 209, 'height': 20} Variant=3x_adaptive PSM=7 Whitelist=False Result='lelia.greci@jurysinns.com' Candidate='lelia.greci@jurysinns.com' Valid=True Conf=92.0
2026-08-17 12:44:49,177 INFO TARGETED OCR: Field=Email Region={'x': 241, 'y': 52, 'width': 209, 'height': 20} Variant=3x_adaptive PSM=8 Whitelist=False Result='lelia.greci@jurysinns.com' Candidate='lelia.greci@jurysinns.com' Valid=True Conf=21.0
2026-08-17 12:44:49,333 INFO TARGETED OCR: Field=Email Region={'x': 241, 'y': 52, 'width': 209, 'height': 20} Variant=3x_adaptive PSM=6 Whitelist=False Result='lelia.greci@jurysinns.com' Candidate='lelia.greci@jurysinns.com' Valid=True Conf=92.0
2026-08-17 12:44:49,493 INFO TARGETED OCR: Field=Email Region={'x': 241, 'y': 52, 'width': 209, 'height': 20} Variant=3x_adaptive PSM=13 Whitelist=False Result='lelia.greci@jurysinns.com' Candidate='lelia.greci@jurysinns.com' Valid=True Conf=21.0
2026-08-17 12:44:49,501 INFO TARGETED OCR ACCEPTED: Record=1 Field=Email Value='lelia.greci@jurysinns.com' Conf=61.7 Decision=ACCEPTED_CONSENSUS
2026-08-17 12:44:49,501 INFO TARGETED OCR START: Record=1 Field=Mailing Street Region={'x': 902, 'y': 52, 'width': 183, 'height': 19}
2026-08-17 12:44:49,667 INFO TARGETED OCR: Field=Mailing Street Region={'x': 902, 'y': 52, 'width': 183, 'height': 19} Variant=3x_contrast PSM=7 Whitelist=False Result='139 Kings Road Arches' Candidate='139 Kings Road Arches' Valid=True Conf=95.8
2026-08-17 12:44:49,858 INFO TARGETED OCR: Field=Mailing Street Region={'x': 902, 'y': 52, 'width': 183, 'height': 19} Variant=3x_contrast PSM=7 Whitelist=True Result='139KingsRoadArches' Candidate='139KingsRoadArches' Valid=True Conf=0.0
2026-08-17 12:44:50,052 INFO TARGETED OCR: Field=Mailing Street Region={'x': 902, 'y': 52, 'width': 183, 'height': 19} Variant=3x_contrast PSM=8 Whitelist=False Result='139 Kings Road Arches' Candidate='139 Kings Road Arches' Valid=True Conf=89.5
2026-08-17 12:44:50,222 INFO TARGETED OCR: Field=Mailing Street Region={'x': 902, 'y': 52, 'width': 183, 'height': 19} Variant=3x_contrast PSM=8 Whitelist=True Result='139KingsRoadArches' Candidate='139KingsRoadArches' Valid=True Conf=0.0
2026-08-17 12:44:50,405 INFO TARGETED OCR: Field=Mailing Street Region={'x': 902, 'y': 52, 'width': 183, 'height': 19} Variant=3x_contrast PSM=6 Whitelist=False Result='139 Kings Road Arches' Candidate='139 Kings Road Arches' Valid=True Conf=95.8
2026-08-17 12:44:50,593 INFO TARGETED OCR: Field=Mailing Street Region={'x': 902, 'y': 52, 'width': 183, 'height': 19} Variant=3x_contrast PSM=6 Whitelist=True Result='139KingsRoadArches' Candidate='139KingsRoadArches' Valid=True Conf=0.0
2026-08-17 12:44:50,750 INFO TARGETED OCR: Field=Mailing Street Region={'x': 902, 'y': 52, 'width': 183, 'height': 19} Variant=3x_contrast PSM=13 Whitelist=False Result='139 Kings Road Arches' Candidate='139 Kings Road Arches' Valid=True Conf=89.5
2026-08-17 12:44:50,912 INFO TARGETED OCR: Field=Mailing Street Region={'x': 902, 'y': 52, 'width': 183, 'height': 19} Variant=3x_contrast PSM=13 Whitelist=True Result='139KingsRoadArches' Candidate='139KingsRoadArches' Valid=True Conf=0.0
2026-08-17 12:44:51,069 INFO TARGETED OCR: Field=Mailing Street Region={'x': 902, 'y': 52, 'width': 183, 'height': 19} Variant=4x_contrast PSM=7 Whitelist=False Result='139 Kings Road Arches' Candidate='139 Kings Road Arches' Valid=True Conf=95.8
2026-08-17 12:44:51,230 INFO TARGETED OCR: Field=Mailing Street Region={'x': 902, 'y': 52, 'width': 183, 'height': 19} Variant=4x_contrast PSM=7 Whitelist=True Result='139KingsRoadArches' Candidate='139KingsRoadArches' Valid=True Conf=0.0
2026-08-17 12:44:51,394 INFO TARGETED OCR: Field=Mailing Street Region={'x': 902, 'y': 52, 'width': 183, 'height': 19} Variant=4x_contrast PSM=8 Whitelist=False Result='139 Kings Road Arches' Candidate='139 Kings Road Arches' Valid=True Conf=89.8
2026-08-17 12:44:51,601 INFO TARGETED OCR: Field=Mailing Street Region={'x': 902, 'y': 52, 'width': 183, 'height': 19} Variant=4x_contrast PSM=8 Whitelist=True Result='139KingsRoadArches' Candidate='139KingsRoadArches' Valid=True Conf=0.0
2026-08-17 12:44:51,756 INFO TARGETED OCR: Field=Mailing Street Region={'x': 902, 'y': 52, 'width': 183, 'height': 19} Variant=4x_contrast PSM=6 Whitelist=False Result='139 Kings Road Arches' Candidate='139 Kings Road Arches' Valid=True Conf=95.8
2026-08-17 12:44:51,912 INFO TARGETED OCR: Field=Mailing Street Region={'x': 902, 'y': 52, 'width': 183, 'height': 19} Variant=4x_contrast PSM=6 Whitelist=True Result='139KingsRoadArches' Candidate='139KingsRoadArches' Valid=True Conf=0.0
2026-08-17 12:44:52,068 INFO TARGETED OCR: Field=Mailing Street Region={'x': 902, 'y': 52, 'width': 183, 'height': 19} Variant=4x_contrast PSM=13 Whitelist=False Result='139 Kings Road Arches' Candidate='139 Kings Road Arches' Valid=True Conf=89.8
2026-08-17 12:44:52,228 INFO TARGETED OCR: Field=Mailing Street Region={'x': 902, 'y': 52, 'width': 183, 'height': 19} Variant=4x_contrast PSM=13 Whitelist=True Result='139KingsRoadArches' Candidate='139KingsRoadArches' Valid=True Conf=0.0
2026-08-17 12:44:52,382 INFO TARGETED OCR: Field=Mailing Street Region={'x': 902, 'y': 52, 'width': 183, 'height': 19} Variant=4x_otsu PSM=7 Whitelist=False Result='139 Kings Road Arches' Candidate='139 Kings Road Arches' Valid=True Conf=96.0
2026-08-17 12:44:52,527 INFO TARGETED OCR: Field=Mailing Street Region={'x': 902, 'y': 52, 'width': 183, 'height': 19} Variant=4x_otsu PSM=7 Whitelist=True Result='139KingsRoadArches' Candidate='139KingsRoadArches' Valid=True Conf=0.0
2026-08-17 12:44:52,675 INFO TARGETED OCR: Field=Mailing Street Region={'x': 902, 'y': 52, 'width': 183, 'height': 19} Variant=4x_otsu PSM=8 Whitelist=False Result='139 Kings Road Arches' Candidate='139 Kings Road Arches' Valid=True Conf=89.0
2026-08-17 12:44:52,820 INFO TARGETED OCR: Field=Mailing Street Region={'x': 902, 'y': 52, 'width': 183, 'height': 19} Variant=4x_otsu PSM=8 Whitelist=True Result='139KingsRoadArches' Candidate='139KingsRoadArches' Valid=True Conf=0.0
2026-08-17 12:44:52,965 INFO TARGETED OCR: Field=Mailing Street Region={'x': 902, 'y': 52, 'width': 183, 'height': 19} Variant=4x_otsu PSM=6 Whitelist=False Result='139 Kings Road Arches' Candidate='139 Kings Road Arches' Valid=True Conf=96.0
2026-08-17 12:44:53,119 INFO TARGETED OCR: Field=Mailing Street Region={'x': 902, 'y': 52, 'width': 183, 'height': 19} Variant=4x_otsu PSM=6 Whitelist=True Result='139KingsRoadArches' Candidate='139KingsRoadArches' Valid=True Conf=0.0
2026-08-17 12:44:53,263 INFO TARGETED OCR: Field=Mailing Street Region={'x': 902, 'y': 52, 'width': 183, 'height': 19} Variant=4x_otsu PSM=13 Whitelist=False Result='139 Kings Road Arches' Candidate='139 Kings Road Arches' Valid=True Conf=89.0
2026-08-17 12:44:53,409 INFO TARGETED OCR: Field=Mailing Street Region={'x': 902, 'y': 52, 'width': 183, 'height': 19} Variant=4x_otsu PSM=13 Whitelist=True Result='139KingsRoadArches' Candidate='139KingsRoadArches' Valid=True Conf=0.0
2026-08-17 12:44:53,567 INFO TARGETED OCR: Field=Mailing Street Region={'x': 902, 'y': 52, 'width': 183, 'height': 19} Variant=3x_adaptive PSM=7 Whitelist=False Result='139 Kings Road Arches' Candidate='139 Kings Road Arches' Valid=True Conf=96.0
2026-08-17 12:44:53,729 INFO TARGETED OCR: Field=Mailing Street Region={'x': 902, 'y': 52, 'width': 183, 'height': 19} Variant=3x_adaptive PSM=7 Whitelist=True Result='139KingsRoadArches' Candidate='139KingsRoadArches' Valid=True Conf=0.0
2026-08-17 12:44:53,888 INFO TARGETED OCR: Field=Mailing Street Region={'x': 902, 'y': 52, 'width': 183, 'height': 19} Variant=3x_adaptive PSM=8 Whitelist=False Result='139 Kings Road Arches' Candidate='139 Kings Road Arches' Valid=True Conf=88.5
2026-08-17 12:44:54,046 INFO TARGETED OCR: Field=Mailing Street Region={'x': 902, 'y': 52, 'width': 183, 'height': 19} Variant=3x_adaptive PSM=8 Whitelist=True Result='139KingsRoadArches' Candidate='139KingsRoadArches' Valid=True Conf=0.0
2026-08-17 12:44:54,205 INFO TARGETED OCR: Field=Mailing Street Region={'x': 902, 'y': 52, 'width': 183, 'height': 19} Variant=3x_adaptive PSM=6 Whitelist=False Result='139 Kings Road Arches' Candidate='139 Kings Road Arches' Valid=True Conf=96.0
2026-08-17 12:44:54,370 INFO TARGETED OCR: Field=Mailing Street Region={'x': 902, 'y': 52, 'width': 183, 'height': 19} Variant=3x_adaptive PSM=6 Whitelist=True Result='139KingsRoadArches' Candidate='139KingsRoadArches' Valid=True Conf=0.0
2026-08-17 12:44:54,526 INFO TARGETED OCR: Field=Mailing Street Region={'x': 902, 'y': 52, 'width': 183, 'height': 19} Variant=3x_adaptive PSM=13 Whitelist=False Result='139 Kings Road Arches' Candidate='139 Kings Road Arches' Valid=True Conf=88.5
2026-08-17 12:44:54,681 INFO TARGETED OCR: Field=Mailing Street Region={'x': 902, 'y': 52, 'width': 183, 'height': 19} Variant=3x_adaptive PSM=13 Whitelist=True Result='139KingsRoadArches' Candidate='139KingsRoadArches' Valid=True Conf=0.0
2026-08-17 12:44:54,682 INFO TARGETED OCR ACCEPTED: Record=1 Field=Mailing Street Value='139 Kings Road Arches' Conf=92.5 Decision=ACCEPTED_CONSENSUS
2026-08-17 12:44:54,682 INFO TARGETED OCR START: Record=1 Field=Service Provider Region={'x': 335, 'y': 95, 'width': 164, 'height': 20}
2026-08-17 12:44:54,851 INFO TARGETED OCR: Field=Service Provider Region={'x': 335, 'y': 95, 'width': 164, 'height': 20} Variant=3x_contrast PSM=7 Whitelist=False Result='Hutchison Whampoa' Candidate='Hutchison Whampoa' Valid=True Conf=95.0
2026-08-17 12:44:55,019 INFO TARGETED OCR: Field=Service Provider Region={'x': 335, 'y': 95, 'width': 164, 'height': 20} Variant=3x_contrast PSM=8 Whitelist=False Result='Hutchison Whampoa' Candidate='Hutchison Whampoa' Valid=True Conf=93.5
2026-08-17 12:44:55,178 INFO TARGETED OCR: Field=Service Provider Region={'x': 335, 'y': 95, 'width': 164, 'height': 20} Variant=3x_contrast PSM=6 Whitelist=False Result='Hutchison Whampoa' Candidate='Hutchison Whampoa' Valid=True Conf=95.0
2026-08-17 12:44:55,323 INFO TARGETED OCR: Field=Service Provider Region={'x': 335, 'y': 95, 'width': 164, 'height': 20} Variant=3x_contrast PSM=13 Whitelist=False Result='Hutchison Whampoa' Candidate='Hutchison Whampoa' Valid=True Conf=93.5
2026-08-17 12:44:55,509 INFO TARGETED OCR: Field=Service Provider Region={'x': 335, 'y': 95, 'width': 164, 'height': 20} Variant=4x_contrast PSM=7 Whitelist=False Result='Hutchison Whampoa' Candidate='Hutchison Whampoa' Valid=True Conf=95.5
2026-08-17 12:44:55,678 INFO TARGETED OCR: Field=Service Provider Region={'x': 335, 'y': 95, 'width': 164, 'height': 20} Variant=4x_contrast PSM=8 Whitelist=False Result='Hutchison Whampoa' Candidate='Hutchison Whampoa' Valid=True Conf=93.0
2026-08-17 12:44:55,876 INFO TARGETED OCR: Field=Service Provider Region={'x': 335, 'y': 95, 'width': 164, 'height': 20} Variant=4x_contrast PSM=6 Whitelist=False Result='Hutchison Whampoa' Candidate='Hutchison Whampoa' Valid=True Conf=95.5
2026-08-17 12:44:56,072 INFO TARGETED OCR: Field=Service Provider Region={'x': 335, 'y': 95, 'width': 164, 'height': 20} Variant=4x_contrast PSM=13 Whitelist=False Result='Hutchison Whampoa' Candidate='Hutchison Whampoa' Valid=True Conf=93.0
2026-08-17 12:44:56,245 INFO TARGETED OCR: Field=Service Provider Region={'x': 335, 'y': 95, 'width': 164, 'height': 20} Variant=4x_otsu PSM=7 Whitelist=False Result='Hutchison Whampoa' Candidate='Hutchison Whampoa' Valid=True Conf=95.5
2026-08-17 12:44:56,390 INFO TARGETED OCR: Field=Service Provider Region={'x': 335, 'y': 95, 'width': 164, 'height': 20} Variant=4x_otsu PSM=8 Whitelist=False Result='Hutchison Whampoa' Candidate='Hutchison Whampoa' Valid=True Conf=93.5
2026-08-17 12:44:56,544 INFO TARGETED OCR: Field=Service Provider Region={'x': 335, 'y': 95, 'width': 164, 'height': 20} Variant=4x_otsu PSM=6 Whitelist=False Result='Hutchison Whampoa' Candidate='Hutchison Whampoa' Valid=True Conf=95.5
2026-08-17 12:44:56,688 INFO TARGETED OCR: Field=Service Provider Region={'x': 335, 'y': 95, 'width': 164, 'height': 20} Variant=4x_otsu PSM=13 Whitelist=False Result='Hutchison Whampoa' Candidate='Hutchison Whampoa' Valid=True Conf=93.5
2026-08-17 12:44:56,850 INFO TARGETED OCR: Field=Service Provider Region={'x': 335, 'y': 95, 'width': 164, 'height': 20} Variant=3x_adaptive PSM=7 Whitelist=False Result='Hutchison Whampoa' Candidate='Hutchison Whampoa' Valid=True Conf=96.0
2026-08-17 12:44:56,999 INFO TARGETED OCR: Field=Service Provider Region={'x': 335, 'y': 95, 'width': 164, 'height': 20} Variant=3x_adaptive PSM=8 Whitelist=False Result='Hutchison Whampoa' Candidate='Hutchison Whampoa' Valid=True Conf=92.0
2026-08-17 12:44:57,160 INFO TARGETED OCR: Field=Service Provider Region={'x': 335, 'y': 95, 'width': 164, 'height': 20} Variant=3x_adaptive PSM=6 Whitelist=False Result='Hutchison Whampoa' Candidate='Hutchison Whampoa' Valid=True Conf=96.0
2026-08-17 12:44:57,318 INFO TARGETED OCR: Field=Service Provider Region={'x': 335, 'y': 95, 'width': 164, 'height': 20} Variant=3x_adaptive PSM=13 Whitelist=False Result='Hutchison Whampoa' Candidate='Hutchison Whampoa' Valid=True Conf=92.0
2026-08-17 12:44:57,320 INFO TARGETED OCR ACCEPTED: Record=1 Field=Service Provider Value='Hutchison Whampoa' Conf=94.2 Decision=ACCEPTED_CONSENSUS
2026-08-17 12:44:57,321 INFO TARGETED OCR START: Record=1 Field=Reference No Region={'x': 721, 'y': 94, 'width': 224, 'height': 20}
2026-08-17 12:44:57,533 INFO TARGETED OCR: Field=Reference No Region={'x': 721, 'y': 94, 'width': 224, 'height': 20} Variant=3x_contrast PSM=7 Whitelist=False Result='HuWhéinr+#!@#&28405650' Candidate='HuWhéinr+#!@#&28405650' Valid=True Conf=25.0
2026-08-17 12:44:57,723 INFO TARGETED OCR: Field=Reference No Region={'x': 721, 'y': 94, 'width': 224, 'height': 20} Variant=3x_contrast PSM=8 Whitelist=False Result='‘HuWhéinr+#1@#628405650' Candidate='‘HuWhéinr+#1@#628405650' Valid=True Conf=42.0
2026-08-17 12:44:57,899 INFO TARGETED OCR: Field=Reference No Region={'x': 721, 'y': 94, 'width': 224, 'height': 20} Variant=3x_contrast PSM=6 Whitelist=False Result='HuWhéinr+#!@#&28405650' Candidate='HuWhéinr+#!@#&28405650' Valid=True Conf=25.0
2026-08-17 12:44:58,071 INFO TARGETED OCR: Field=Reference No Region={'x': 721, 'y': 94, 'width': 224, 'height': 20} Variant=3x_contrast PSM=13 Whitelist=False Result='‘HuWhéinr+#1@#628405650' Candidate='‘HuWhéinr+#1@#628405650' Valid=True Conf=42.0
2026-08-17 12:44:58,274 INFO TARGETED OCR: Field=Reference No Region={'x': 721, 'y': 94, 'width': 224, 'height': 20} Variant=4x_contrast PSM=7 Whitelist=False Result='HuWhéinr+#!@#&z8405650' Candidate='HuWhéinr+#!@#&z8405650' Valid=True Conf=31.0
2026-08-17 12:44:58,513 INFO TARGETED OCR: Field=Reference No Region={'x': 721, 'y': 94, 'width': 224, 'height': 20} Variant=4x_contrast PSM=8 Whitelist=False Result='‘HuWhéinr+#1@#628405650' Candidate='‘HuWhéinr+#1@#628405650' Valid=True Conf=48.0
2026-08-17 12:44:58,716 INFO TARGETED OCR: Field=Reference No Region={'x': 721, 'y': 94, 'width': 224, 'height': 20} Variant=4x_contrast PSM=6 Whitelist=False Result='HuWhéinr+#!@#&z8405650' Candidate='HuWhéinr+#!@#&z8405650' Valid=True Conf=31.0
2026-08-17 12:44:58,898 INFO TARGETED OCR: Field=Reference No Region={'x': 721, 'y': 94, 'width': 224, 'height': 20} Variant=4x_contrast PSM=13 Whitelist=False Result='‘HuWhéinr+#1@#628405650' Candidate='‘HuWhéinr+#1@#628405650' Valid=True Conf=48.0
2026-08-17 12:44:59,071 INFO TARGETED OCR: Field=Reference No Region={'x': 721, 'y': 94, 'width': 224, 'height': 20} Variant=4x_otsu PSM=7 Whitelist=False Result='HuWhéinr+#!@#&28405650' Candidate='HuWhéinr+#!@#&28405650' Valid=True Conf=22.0
2026-08-17 12:44:59,215 INFO TARGETED OCR: Field=Reference No Region={'x': 721, 'y': 94, 'width': 224, 'height': 20} Variant=4x_otsu PSM=8 Whitelist=False Result='‘HuWhéinr+#1@#628405650' Candidate='‘HuWhéinr+#1@#628405650' Valid=True Conf=35.0
2026-08-17 12:44:59,365 INFO TARGETED OCR: Field=Reference No Region={'x': 721, 'y': 94, 'width': 224, 'height': 20} Variant=4x_otsu PSM=6 Whitelist=False Result='HuWhéinr+#!@#&28405650' Candidate='HuWhéinr+#!@#&28405650' Valid=True Conf=22.0
2026-08-17 12:44:59,508 INFO TARGETED OCR: Field=Reference No Region={'x': 721, 'y': 94, 'width': 224, 'height': 20} Variant=4x_otsu PSM=13 Whitelist=False Result='‘HuWhéinr+#1@#628405650' Candidate='‘HuWhéinr+#1@#628405650' Valid=True Conf=35.0
2026-08-17 12:44:59,702 INFO TARGETED OCR: Field=Reference No Region={'x': 721, 'y': 94, 'width': 224, 'height': 20} Variant=3x_adaptive PSM=7 Whitelist=False Result='HuWhéinr+#!@#&28405650' Candidate='HuWhéinr+#!@#&28405650' Valid=True Conf=60.0
2026-08-17 12:44:59,898 INFO TARGETED OCR: Field=Reference No Region={'x': 721, 'y': 94, 'width': 224, 'height': 20} Variant=3x_adaptive PSM=8 Whitelist=False Result='‘HuWhéinr+#1@#628405650' Candidate='‘HuWhéinr+#1@#628405650' Valid=True Conf=30.0
2026-08-17 12:45:00,094 INFO TARGETED OCR: Field=Reference No Region={'x': 721, 'y': 94, 'width': 224, 'height': 20} Variant=3x_adaptive PSM=6 Whitelist=False Result='HuWhéinr+#!@#&28405650' Candidate='HuWhéinr+#!@#&28405650' Valid=True Conf=60.0
2026-08-17 12:45:00,265 INFO TARGETED OCR: Field=Reference No Region={'x': 721, 'y': 94, 'width': 224, 'height': 20} Variant=3x_adaptive PSM=13 Whitelist=False Result='‘HuWhéinr+#1@#628405650' Candidate='‘HuWhéinr+#1@#628405650' Valid=True Conf=30.0
2026-08-17 12:45:00,266 INFO TARGETED OCR ACCEPTED: Record=1 Field=Reference No Value='‘HuWhéinr+#1@#628405650' Conf=38.8 Decision=ACCEPTED_CONSENSUS
2026-08-17 12:45:00,267 WARNING RECORD 1 FIELD Postal Code | raw='' normalized='' confidence=0.0 validation=REVIEW reasons=MISSING_REQUIRED_FIELD,FIELD_REGION_NOT_LOCATED targeted={'attempted': False, 'decision': 'FIELD_REGION_NOT_LOCATED'}
2026-08-17 12:45:00,267 WARNING RECORD 1 FIELD Network Type | raw='' normalized='' confidence=0.0 validation=REVIEW reasons=FIELD_REGION_NOT_LOCATED targeted={'attempted': False, 'decision': 'FIELD_REGION_NOT_LOCATED'}
2026-08-17 12:45:00,267 WARNING RECORD 1 STATUS: REVIEW_REQUIRED
2026-08-17 12:45:00,336 INFO FIELD REGION: Record=2 Field=Profession Label='Professional' Label bbox={'x': 762, 'y': 268, 'width': 100, 'height': 16} Value region={'x': 892, 'y': 268, 'width': 106, 'height': 16} Region confidence=0.95
2026-08-17 12:45:00,336 INFO FIELD REGION: Record=2 Field=Mailing Street Label='Street' Label bbox={'x': 1005, 'y': 268, 'width': 49, 'height': 16} Value region={'x': 1060, 'y': 268, 'width': 143, 'height': 16} Region confidence=0.95
2026-08-17 12:45:00,336 INFO FIELD OWNERSHIP: Record=2 Field=Mobile Model Tokens='Siemens AP7S'
2026-08-17 12:45:00,337 INFO FIELD OWNERSHIP: Record=2 Field=IMEI 1 Tokens='13194] - 77 - 169646-1'
2026-08-17 12:45:00,337 INFO TARGETED OCR START: Record=2 Field=Last Name Region={'x': 130, 'y': 268, 'width': 54, 'height': 15}
2026-08-17 12:45:00,503 INFO TARGETED OCR: Field=Last Name Region={'x': 130, 'y': 268, 'width': 54, 'height': 15} Variant=3x_contrast PSM=7 Whitelist=False Result='Breese' Candidate='Breese' Valid=True Conf=96.0
2026-08-17 12:45:00,654 INFO TARGETED OCR: Field=Last Name Region={'x': 130, 'y': 268, 'width': 54, 'height': 15} Variant=3x_contrast PSM=7 Whitelist=True Result='Breese' Candidate='Breese' Valid=True Conf=96.0
2026-08-17 12:45:00,792 INFO TARGETED OCR: Field=Last Name Region={'x': 130, 'y': 268, 'width': 54, 'height': 15} Variant=3x_contrast PSM=8 Whitelist=False Result='Breese' Candidate='Breese' Valid=True Conf=96.0
2026-08-17 12:45:00,930 INFO TARGETED OCR: Field=Last Name Region={'x': 130, 'y': 268, 'width': 54, 'height': 15} Variant=3x_contrast PSM=8 Whitelist=True Result='Breese' Candidate='Breese' Valid=True Conf=96.0
2026-08-17 12:45:01,072 INFO TARGETED OCR: Field=Last Name Region={'x': 130, 'y': 268, 'width': 54, 'height': 15} Variant=3x_contrast PSM=6 Whitelist=False Result='Breese' Candidate='Breese' Valid=True Conf=96.0
2026-08-17 12:45:01,217 INFO TARGETED OCR: Field=Last Name Region={'x': 130, 'y': 268, 'width': 54, 'height': 15} Variant=3x_contrast PSM=6 Whitelist=True Result='Breese' Candidate='Breese' Valid=True Conf=96.0
2026-08-17 12:45:01,356 INFO TARGETED OCR: Field=Last Name Region={'x': 130, 'y': 268, 'width': 54, 'height': 15} Variant=3x_contrast PSM=13 Whitelist=False Result='Breese' Candidate='Breese' Valid=True Conf=96.0
2026-08-17 12:45:01,493 INFO TARGETED OCR: Field=Last Name Region={'x': 130, 'y': 268, 'width': 54, 'height': 15} Variant=3x_contrast PSM=13 Whitelist=True Result='Breese' Candidate='Breese' Valid=True Conf=96.0
2026-08-17 12:45:01,656 INFO TARGETED OCR: Field=Last Name Region={'x': 130, 'y': 268, 'width': 54, 'height': 15} Variant=4x_contrast PSM=7 Whitelist=False Result='Breese' Candidate='Breese' Valid=True Conf=96.0
2026-08-17 12:45:01,808 INFO TARGETED OCR: Field=Last Name Region={'x': 130, 'y': 268, 'width': 54, 'height': 15} Variant=4x_contrast PSM=7 Whitelist=True Result='Breese' Candidate='Breese' Valid=True Conf=96.0
2026-08-17 12:45:01,977 INFO TARGETED OCR: Field=Last Name Region={'x': 130, 'y': 268, 'width': 54, 'height': 15} Variant=4x_contrast PSM=8 Whitelist=False Result='Breese' Candidate='Breese' Valid=True Conf=96.0
2026-08-17 12:45:02,154 INFO TARGETED OCR: Field=Last Name Region={'x': 130, 'y': 268, 'width': 54, 'height': 15} Variant=4x_contrast PSM=8 Whitelist=True Result='Breese' Candidate='Breese' Valid=True Conf=96.0
2026-08-17 12:45:02,291 INFO TARGETED OCR: Field=Last Name Region={'x': 130, 'y': 268, 'width': 54, 'height': 15} Variant=4x_contrast PSM=6 Whitelist=False Result='Breese' Candidate='Breese' Valid=True Conf=96.0
2026-08-17 12:45:02,459 INFO TARGETED OCR: Field=Last Name Region={'x': 130, 'y': 268, 'width': 54, 'height': 15} Variant=4x_contrast PSM=6 Whitelist=True Result='Breese' Candidate='Breese' Valid=True Conf=96.0
2026-08-17 12:45:02,612 INFO TARGETED OCR: Field=Last Name Region={'x': 130, 'y': 268, 'width': 54, 'height': 15} Variant=4x_contrast PSM=13 Whitelist=False Result='Breese' Candidate='Breese' Valid=True Conf=96.0
2026-08-17 12:45:02,765 INFO TARGETED OCR: Field=Last Name Region={'x': 130, 'y': 268, 'width': 54, 'height': 15} Variant=4x_contrast PSM=13 Whitelist=True Result='Breese' Candidate='Breese' Valid=True Conf=96.0
2026-08-17 12:45:02,939 INFO TARGETED OCR: Field=Last Name Region={'x': 130, 'y': 268, 'width': 54, 'height': 15} Variant=4x_otsu PSM=7 Whitelist=False Result='Breese' Candidate='Breese' Valid=True Conf=96.0
2026-08-17 12:45:03,020 INFO Watcher stopped safely.
2026-08-17 12:47:32,367 INFO StateStore active | Form No: max=575, next=576 | File No: max=28, next=145
2026-08-17 12:47:40,206 INFO Operator selected new daily numbering configuration
2026-08-17 12:48:02,393 WARNING New numbering configuration rejected: File No 145 already exists. Choose a different File No.
2026-08-17 12:48:17,349 WARNING New numbering configuration rejected: File No 145 already exists. Choose a different File No.
2026-08-17 12:48:24,877 WARNING New numbering configuration rejected: File No 145 already exists. Choose a different File No.
2026-08-17 12:48:33,311 WARNING New numbering configuration rejected: File No 145 already exists. Choose a different File No.
2026-08-17 12:48:46,121 WARNING New numbering configuration rejected: File No 145 already exists. Choose a different File No.
2026-08-17 12:48:49,279 INFO Watcher stopped safely.
2026-08-17 12:48:51,903 INFO StateStore active | Form No: max=575, next=576 | File No: max=28, next=145
2026-08-17 12:48:57,357 INFO Daily startup session initialized: continuing existing numbering state
2026-08-17 12:48:57,358 INFO Active File No: 145 | Next Form No: 576
2026-08-17 12:48:57,358 INFO Watching images\inbox for new images (.png, .jpg, .jpeg, .bmp, .webp). Polling latency ~1s. Ctrl+C to stop.
2026-08-17 12:51:25,490 INFO Image detected: Screenshot 2026-08-17 125124.png (size: 31226 bytes)
2026-08-17 12:51:25,491 INFO IMAGE STABILITY CHECK: Screenshot 2026-08-17 125124.png (SIZE=31226)
2026-08-17 12:51:26,036 INFO IMAGE DECODE OK: Screenshot 2026-08-17 125124.png
2026-08-17 12:51:26,037 INFO Image ready: Screenshot 2026-08-17 125124.png (file stable and readable)
2026-08-17 12:51:26,037 INFO Processing started: Screenshot 2026-08-17 125124.png
2026-08-17 12:51:26,634 INFO OCR variant A on Screenshot 2026-08-17 125124.png: records=1 mean_confidence=75.8
2026-08-17 12:51:27,093 INFO OCR variant B on Screenshot 2026-08-17 125124.png: records=1 mean_confidence=66.3
2026-08-17 12:51:27,576 INFO OCR variant C on Screenshot 2026-08-17 125124.png: records=1 mean_confidence=72.3
2026-08-17 12:51:27,576 INFO Selected OCR variant A for Screenshot 2026-08-17 125124.png
2026-08-17 12:51:27,645 INFO FIELD REGION: Record=1 Field=Profession Label='Professional' Label bbox={'x': 761, 'y': 35, 'width': 92, 'height': 15} Value region={'x': 873, 'y': 35, 'width': 91, 'height': 18} Region confidence=0.95
2026-08-17 12:51:27,646 INFO FIELD REGION: Record=1 Field=Mailing Street Label='Street,' Label bbox={'x': 970, 'y': 32, 'width': 48, 'height': 23} Value region={'x': 1028, 'y': 32, 'width': 100, 'height': 23} Region confidence=0.95
2026-08-17 12:51:27,646 INFO FIELD OWNERSHIP: Record=1 Field=Mobile Model Tokens='SiemensU15'
2026-08-17 12:51:27,646 INFO FIELD OWNERSHIP: Record=1 Field=IMEI 1 Tokens='030594 - 49 - 434291-3'
2026-08-17 12:51:27,651 INFO TARGETED OCR START: Record=1 Field=Network Type Region={'x': 737, 'y': 75, 'width': 42, 'height': 14}
2026-08-17 12:51:27,842 INFO TARGETED OCR: Field=Network Type Region={'x': 737, 'y': 75, 'width': 42, 'height': 14} Variant=3x_contrast PSM=7 Whitelist=False Result='CDMA' Candidate='CDMA' Valid=True Conf=96.0
2026-08-17 12:51:28,143 INFO TARGETED OCR: Field=Network Type Region={'x': 737, 'y': 75, 'width': 42, 'height': 14} Variant=3x_contrast PSM=8 Whitelist=False Result='CDMA.' Candidate='CDMA.' Valid=True Conf=63.0
2026-08-17 12:51:28,409 INFO TARGETED OCR: Field=Network Type Region={'x': 737, 'y': 75, 'width': 42, 'height': 14} Variant=3x_contrast PSM=6 Whitelist=False Result='CDMA' Candidate='CDMA' Valid=True Conf=96.0
2026-08-17 12:51:28,598 INFO TARGETED OCR: Field=Network Type Region={'x': 737, 'y': 75, 'width': 42, 'height': 14} Variant=3x_contrast PSM=13 Whitelist=False Result='CDMA.' Candidate='CDMA.' Valid=True Conf=63.0
2026-08-17 12:51:28,782 INFO TARGETED OCR: Field=Network Type Region={'x': 737, 'y': 75, 'width': 42, 'height': 14} Variant=4x_contrast PSM=7 Whitelist=False Result='CDMA' Candidate='CDMA' Valid=True Conf=96.0
2026-08-17 12:51:28,944 INFO TARGETED OCR: Field=Network Type Region={'x': 737, 'y': 75, 'width': 42, 'height': 14} Variant=4x_contrast PSM=8 Whitelist=False Result='CDMA.' Candidate='CDMA.' Valid=True Conf=68.0
2026-08-17 12:51:29,087 INFO TARGETED OCR: Field=Network Type Region={'x': 737, 'y': 75, 'width': 42, 'height': 14} Variant=4x_contrast PSM=6 Whitelist=False Result='CDMA' Candidate='CDMA' Valid=True Conf=96.0
2026-08-17 12:51:29,232 INFO TARGETED OCR: Field=Network Type Region={'x': 737, 'y': 75, 'width': 42, 'height': 14} Variant=4x_contrast PSM=13 Whitelist=False Result='CDMA.' Candidate='CDMA.' Valid=True Conf=68.0
2026-08-17 12:51:29,399 INFO TARGETED OCR: Field=Network Type Region={'x': 737, 'y': 75, 'width': 42, 'height': 14} Variant=4x_otsu PSM=7 Whitelist=False Result='CDMA' Candidate='CDMA' Valid=True Conf=95.0
2026-08-17 12:51:29,545 INFO TARGETED OCR: Field=Network Type Region={'x': 737, 'y': 75, 'width': 42, 'height': 14} Variant=4x_otsu PSM=8 Whitelist=False Result='CDMA.' Candidate='CDMA.' Valid=True Conf=62.0
2026-08-17 12:51:29,752 INFO TARGETED OCR: Field=Network Type Region={'x': 737, 'y': 75, 'width': 42, 'height': 14} Variant=4x_otsu PSM=6 Whitelist=False Result='CDMA' Candidate='CDMA' Valid=True Conf=95.0
2026-08-17 12:51:29,983 INFO TARGETED OCR: Field=Network Type Region={'x': 737, 'y': 75, 'width': 42, 'height': 14} Variant=4x_otsu PSM=13 Whitelist=False Result='CDMA.' Candidate='CDMA.' Valid=True Conf=62.0
2026-08-17 12:51:30,203 INFO TARGETED OCR: Field=Network Type Region={'x': 737, 'y': 75, 'width': 42, 'height': 14} Variant=3x_adaptive PSM=7 Whitelist=False Result='CDMA' Candidate='CDMA' Valid=True Conf=96.0
2026-08-17 12:51:30,354 INFO TARGETED OCR: Field=Network Type Region={'x': 737, 'y': 75, 'width': 42, 'height': 14} Variant=3x_adaptive PSM=8 Whitelist=False Result='CDMA.' Candidate='CDMA.' Valid=True Conf=56.0
2026-08-17 12:51:30,504 INFO TARGETED OCR: Field=Network Type Region={'x': 737, 'y': 75, 'width': 42, 'height': 14} Variant=3x_adaptive PSM=6 Whitelist=False Result='CDMA' Candidate='CDMA' Valid=True Conf=96.0
2026-08-17 12:51:30,670 INFO TARGETED OCR: Field=Network Type Region={'x': 737, 'y': 75, 'width': 42, 'height': 14} Variant=3x_adaptive PSM=13 Whitelist=False Result='CDMA.' Candidate='CDMA.' Valid=True Conf=56.0
2026-08-17 12:51:30,672 INFO TARGETED OCR ACCEPTED: Record=1 Field=Network Type Value='CDMA' Conf=95.8 Decision=ACCEPTED_CONSENSUS
2026-08-17 12:51:30,673 INFO TARGETED OCR START: Record=1 Field=Mobile Model Region={'x': 811, 'y': 75, 'width': 87, 'height': 15}
2026-08-17 12:51:30,912 INFO TARGETED OCR: Field=Mobile Model Region={'x': 811, 'y': 75, 'width': 87, 'height': 15} Variant=3x_contrast PSM=7 Whitelist=False Result='SiemensU15' Candidate='SiemensU15' Valid=True Conf=54.0
2026-08-17 12:51:31,142 INFO TARGETED OCR: Field=Mobile Model Region={'x': 811, 'y': 75, 'width': 87, 'height': 15} Variant=3x_contrast PSM=8 Whitelist=False Result='‘SiemensUI5.' Candidate='‘SiemensUI5.' Valid=True Conf=2.0
2026-08-17 12:51:31,366 INFO TARGETED OCR: Field=Mobile Model Region={'x': 811, 'y': 75, 'width': 87, 'height': 15} Variant=3x_contrast PSM=6 Whitelist=False Result='SiemensU15' Candidate='SiemensU15' Valid=True Conf=54.0
2026-08-17 12:51:31,524 INFO TARGETED OCR: Field=Mobile Model Region={'x': 811, 'y': 75, 'width': 87, 'height': 15} Variant=3x_contrast PSM=13 Whitelist=False Result='‘SiemensUI5.' Candidate='‘SiemensUI5.' Valid=True Conf=2.0
2026-08-17 12:51:31,671 INFO TARGETED OCR: Field=Mobile Model Region={'x': 811, 'y': 75, 'width': 87, 'height': 15} Variant=4x_contrast PSM=7 Whitelist=False Result='SiemensUI15' Candidate='SiemensUI15' Valid=True Conf=29.0
2026-08-17 12:51:31,822 INFO TARGETED OCR: Field=Mobile Model Region={'x': 811, 'y': 75, 'width': 87, 'height': 15} Variant=4x_contrast PSM=8 Whitelist=False Result='‘SiemensUI5.' Candidate='‘SiemensUI5.' Valid=True Conf=15.0
2026-08-17 12:51:32,013 INFO TARGETED OCR: Field=Mobile Model Region={'x': 811, 'y': 75, 'width': 87, 'height': 15} Variant=4x_contrast PSM=6 Whitelist=False Result='SiemensUI15' Candidate='SiemensUI15' Valid=True Conf=29.0
2026-08-17 12:51:32,231 INFO TARGETED OCR: Field=Mobile Model Region={'x': 811, 'y': 75, 'width': 87, 'height': 15} Variant=4x_contrast PSM=13 Whitelist=False Result='‘SiemensUI5.' Candidate='‘SiemensUI5.' Valid=True Conf=15.0
2026-08-17 12:51:32,436 INFO TARGETED OCR: Field=Mobile Model Region={'x': 811, 'y': 75, 'width': 87, 'height': 15} Variant=4x_otsu PSM=7 Whitelist=False Result='SiemensU15' Candidate='SiemensU15' Valid=True Conf=48.0
2026-08-17 12:51:32,704 INFO TARGETED OCR: Field=Mobile Model Region={'x': 811, 'y': 75, 'width': 87, 'height': 15} Variant=4x_otsu PSM=8 Whitelist=False Result='‘SiemensUI5.' Candidate='‘SiemensUI5.' Valid=True Conf=13.0
2026-08-17 12:51:32,902 INFO TARGETED OCR: Field=Mobile Model Region={'x': 811, 'y': 75, 'width': 87, 'height': 15} Variant=4x_otsu PSM=6 Whitelist=False Result='SiemensU15' Candidate='SiemensU15' Valid=True Conf=48.0
2026-08-17 12:51:33,089 INFO TARGETED OCR: Field=Mobile Model Region={'x': 811, 'y': 75, 'width': 87, 'height': 15} Variant=4x_otsu PSM=13 Whitelist=False Result='‘SiemensUI5.' Candidate='‘SiemensUI5.' Valid=True Conf=13.0
2026-08-17 12:51:33,360 INFO TARGETED OCR: Field=Mobile Model Region={'x': 811, 'y': 75, 'width': 87, 'height': 15} Variant=3x_adaptive PSM=7 Whitelist=False Result='SiemensU15' Candidate='SiemensU15' Valid=True Conf=80.0
2026-08-17 12:51:33,604 INFO TARGETED OCR: Field=Mobile Model Region={'x': 811, 'y': 75, 'width': 87, 'height': 15} Variant=3x_adaptive PSM=8 Whitelist=False Result='‘SiemensUI5.' Candidate='‘SiemensUI5.' Valid=True Conf=0.0
2026-08-17 12:51:33,774 INFO TARGETED OCR: Field=Mobile Model Region={'x': 811, 'y': 75, 'width': 87, 'height': 15} Variant=3x_adaptive PSM=6 Whitelist=False Result='SiemensU15' Candidate='SiemensU15' Valid=True Conf=80.0
2026-08-17 12:51:33,924 INFO TARGETED OCR: Field=Mobile Model Region={'x': 811, 'y': 75, 'width': 87, 'height': 15} Variant=3x_adaptive PSM=13 Whitelist=False Result='‘SiemensUI5.' Candidate='‘SiemensUI5.' Valid=True Conf=0.0
2026-08-17 12:51:33,924 INFO TARGETED OCR ACCEPTED: Record=1 Field=Mobile Model Value='‘SiemensUI5.' Conf=10.0 Decision=ACCEPTED_CONSENSUS
2026-08-17 12:51:33,925 INFO TARGETED OCR START: Record=1 Field=Card Type Region={'x': 430, 'y': 114, 'width': 139, 'height': 14}
2026-08-17 12:51:34,086 INFO TARGETED OCR: Field=Card Type Region={'x': 430, 'y': 114, 'width': 139, 'height': 14} Variant=3x_contrast PSM=7 Whitelist=False Result='Visa Titanium-Plus' Candidate='Visa Titanium-Plus' Valid=True Conf=91.5
2026-08-17 12:51:34,231 INFO TARGETED OCR: Field=Card Type Region={'x': 430, 'y': 114, 'width': 139, 'height': 14} Variant=3x_contrast PSM=8 Whitelist=False Result='Visa Titanium-Plus' Candidate='Visa Titanium-Plus' Valid=True Conf=87.5
2026-08-17 12:51:34,381 INFO TARGETED OCR: Field=Card Type Region={'x': 430, 'y': 114, 'width': 139, 'height': 14} Variant=3x_contrast PSM=6 Whitelist=False Result='Visa Titanium-Plus' Candidate='Visa Titanium-Plus' Valid=True Conf=91.5
2026-08-17 12:51:34,656 INFO TARGETED OCR: Field=Card Type Region={'x': 430, 'y': 114, 'width': 139, 'height': 14} Variant=3x_contrast PSM=13 Whitelist=False Result='Visa Titanium-Plus' Candidate='Visa Titanium-Plus' Valid=True Conf=87.5
2026-08-17 12:51:34,931 INFO TARGETED OCR: Field=Card Type Region={'x': 430, 'y': 114, 'width': 139, 'height': 14} Variant=4x_contrast PSM=7 Whitelist=False Result='Visa Titanium-Plus' Candidate='Visa Titanium-Plus' Valid=True Conf=91.5
2026-08-17 12:51:35,160 INFO TARGETED OCR: Field=Card Type Region={'x': 430, 'y': 114, 'width': 139, 'height': 14} Variant=4x_contrast PSM=8 Whitelist=False Result='Visa Titanium-Plus' Candidate='Visa Titanium-Plus' Valid=True Conf=89.0
2026-08-17 12:51:35,334 INFO TARGETED OCR: Field=Card Type Region={'x': 430, 'y': 114, 'width': 139, 'height': 14} Variant=4x_contrast PSM=6 Whitelist=False Result='Visa Titanium-Plus' Candidate='Visa Titanium-Plus' Valid=True Conf=91.5
2026-08-17 12:51:35,524 INFO TARGETED OCR: Field=Card Type Region={'x': 430, 'y': 114, 'width': 139, 'height': 14} Variant=4x_contrast PSM=13 Whitelist=False Result='Visa Titanium-Plus' Candidate='Visa Titanium-Plus' Valid=True Conf=89.0
2026-08-17 12:51:35,736 INFO TARGETED OCR: Field=Card Type Region={'x': 430, 'y': 114, 'width': 139, 'height': 14} Variant=4x_otsu PSM=7 Whitelist=False Result='Visa Titanium-Plus' Candidate='Visa Titanium-Plus' Valid=True Conf=92.0
2026-08-17 12:51:35,996 INFO TARGETED OCR: Field=Card Type Region={'x': 430, 'y': 114, 'width': 139, 'height': 14} Variant=4x_otsu PSM=8 Whitelist=False Result='Visa Titanium-Plus' Candidate='Visa Titanium-Plus' Valid=True Conf=83.0
2026-08-17 12:51:36,248 INFO TARGETED OCR: Field=Card Type Region={'x': 430, 'y': 114, 'width': 139, 'height': 14} Variant=4x_otsu PSM=6 Whitelist=False Result='Visa Titanium-Plus' Candidate='Visa Titanium-Plus' Valid=True Conf=92.0
2026-08-17 12:51:36,423 INFO TARGETED OCR: Field=Card Type Region={'x': 430, 'y': 114, 'width': 139, 'height': 14} Variant=4x_otsu PSM=13 Whitelist=False Result='Visa Titanium-Plus' Candidate='Visa Titanium-Plus' Valid=True Conf=83.0
2026-08-17 12:51:36,596 INFO TARGETED OCR: Field=Card Type Region={'x': 430, 'y': 114, 'width': 139, 'height': 14} Variant=3x_adaptive PSM=7 Whitelist=False Result='Visa Titanium-Plus' Candidate='Visa Titanium-Plus' Valid=True Conf=92.0
2026-08-17 12:51:36,774 INFO TARGETED OCR: Field=Card Type Region={'x': 430, 'y': 114, 'width': 139, 'height': 14} Variant=3x_adaptive PSM=8 Whitelist=False Result='Visa Titanium-Plus' Candidate='Visa Titanium-Plus' Valid=True Conf=87.0
2026-08-17 12:51:36,991 INFO TARGETED OCR: Field=Card Type Region={'x': 430, 'y': 114, 'width': 139, 'height': 14} Variant=3x_adaptive PSM=6 Whitelist=False Result='Visa Titanium-Plus' Candidate='Visa Titanium-Plus' Valid=True Conf=92.0
2026-08-17 12:51:37,217 INFO TARGETED OCR: Field=Card Type Region={'x': 430, 'y': 114, 'width': 139, 'height': 14} Variant=3x_adaptive PSM=13 Whitelist=False Result='Visa Titanium-Plus' Candidate='Visa Titanium-Plus' Valid=True Conf=87.0
2026-08-17 12:51:37,218 INFO TARGETED OCR ACCEPTED: Record=1 Field=Card Type Value='Visa Titanium-Plus' Conf=89.2 Decision=ACCEPTED_CONSENSUS
2026-08-17 12:51:37,218 WARNING RECORD 1 FIELD Service Provider | raw='' normalized='' confidence=0.0 validation=REVIEW reasons=FIELD_REGION_NOT_LOCATED targeted={'attempted': False, 'decision': 'FIELD_REGION_NOT_LOCATED'}
2026-08-17 12:51:37,219 WARNING RECORD 1 FIELD Mobile Model | raw='‘SiemensUI5.' normalized='‘SiemensUI5.' confidence=10.0 validation=REVIEW reasons=LOW_OCR_CONFIDENCE targeted={'attempted': True, 'decision': 'ACCEPTED_CONSENSUS', 'value': '‘SiemensUI5.', 'raw_text': '‘SiemensUI5.', 'confidence': 10.0, 'votes': 8, 'tokens': [{'text': '‘SiemensUI5.', 'x': 811, 'y': 75, 'width': 87, 'height': 14, 'confidence': 15.0, 'needs_review': False}], 'runs': [{'variant': '3x_contrast', 'psm': 7, 'whitelist': False, 'raw_text': 'SiemensU15', 'cleaned': 'SiemensU15', 'confidence': 54.0, 'is_valid': True}, {'variant': '3x_contrast', 'psm': 8, 'whitelist': False, 'raw_text': '‘SiemensUI5.', 'cleaned': '‘SiemensUI5.', 'confidence': 2.0, 'is_valid': True}, {'variant': '3x_contrast', 'psm': 6, 'whitelist': False, 'raw_text': 'SiemensU15', 'cleaned': 'SiemensU15', 'confidence': 54.0, 'is_valid': True}, {'variant': '3x_contrast', 'psm': 13, 'whitelist': False, 'raw_text': '‘SiemensUI5.', 'cleaned': '‘SiemensUI5.', 'confidence': 2.0, 'is_valid': True}, {'variant': '4x_contrast', 'psm': 7, 'whitelist': False, 'raw_text': 'SiemensUI15', 'cleaned': 'SiemensUI15', 'confidence': 29.0, 'is_valid': True}, {'variant': '4x_contrast', 'psm': 8, 'whitelist': False, 'raw_text': '‘SiemensUI5.', 'cleaned': '‘SiemensUI5.', 'confidence': 15.0, 'is_valid': True}, {'variant': '4x_contrast', 'psm': 6, 'whitelist': False, 'raw_text': 'SiemensUI15', 'cleaned': 'SiemensUI15', 'confidence': 29.0, 'is_valid': True}, {'variant': '4x_contrast', 'psm': 13, 'whitelist': False, 'raw_text': '‘SiemensUI5.', 'cleaned': '‘SiemensUI5.', 'confidence': 15.0, 'is_valid': True}, {'variant': '4x_otsu', 'psm': 7, 'whitelist': False, 'raw_text': 'SiemensU15', 'cleaned': 'SiemensU15', 'confidence': 48.0, 'is_valid': True}, {'variant': '4x_otsu', 'psm': 8, 'whitelist': False, 'raw_text': '‘SiemensUI5.', 'cleaned': '‘SiemensUI5.', 'confidence': 13.0, 'is_valid': True}, {'variant': '4x_otsu', 'psm': 6, 'whitelist': False, 'raw_text': 'SiemensU15', 'cleaned': 'SiemensU15', 'confidence': 48.0, 'is_valid': True}, {'variant': '4x_otsu', 'psm': 13, 'whitelist': False, 'raw_text': '‘SiemensUI5.', 'cleaned': '‘SiemensUI5.', 'confidence': 13.0, 'is_valid': True}, {'variant': '3x_adaptive', 'psm': 7, 'whitelist': False, 'raw_text': 'SiemensU15', 'cleaned': 'SiemensU15', 'confidence': 80.0, 'is_valid': True}, {'variant': '3x_adaptive', 'psm': 8, 'whitelist': False, 'raw_text': '‘SiemensUI5.', 'cleaned': '‘SiemensUI5.', 'confidence': 0.0, 'is_valid': True}, {'variant': '3x_adaptive', 'psm': 6, 'whitelist': False, 'raw_text': 'SiemensU15', 'cleaned': 'SiemensU15', 'confidence': 80.0, 'is_valid': True}, {'variant': '3x_adaptive', 'psm': 13, 'whitelist': False, 'raw_text': '‘SiemensUI5.', 'cleaned': '‘SiemensUI5.', 'confidence': 0.0, 'is_valid': True}]}
2026-08-17 12:51:37,219 WARNING RECORD 1 STATUS: REVIEW_REQUIRED
2026-08-17 12:51:37,244 INFO Processed Screenshot 2026-08-17 125124.png (File No 145): {'VALIDATED': 0, 'REVIEW_REQUIRED': 1, 'FAILED': 0}
2026-08-17 12:51:37,244 INFO Processing completed: Screenshot 2026-08-17 125124.png
2026-08-17 12:55:04,040 INFO Watcher stopped safely.
2026-08-17 13:08:54,437 INFO StateStore active | Form No: max=576, next=577 | File No: max=145, next=145
2026-08-17 13:08:58,830 INFO Daily startup session initialized: continuing existing numbering state
2026-08-17 13:08:58,832 INFO Active File No: 145 | Next Form No: 577
2026-08-17 13:08:58,833 INFO Watching images\inbox for new images (.png, .jpg, .jpeg, .bmp, .webp). Polling latency ~1s. Ctrl+C to stop.
2026-08-17 13:12:04,003 INFO Image detected: Screenshot 2026-08-17 131203.png (size: 30961 bytes)
2026-08-17 13:12:04,004 INFO IMAGE STABILITY CHECK: Screenshot 2026-08-17 131203.png (SIZE=30961)
2026-08-17 13:12:04,569 INFO IMAGE DECODE OK: Screenshot 2026-08-17 131203.png
2026-08-17 13:12:04,569 INFO Image ready: Screenshot 2026-08-17 131203.png (file stable and readable)
2026-08-17 13:12:04,570 INFO Processing started: Screenshot 2026-08-17 131203.png
2026-08-17 13:12:05,318 INFO OCR variant A on Screenshot 2026-08-17 131203.png: records=1 mean_confidence=78.2
2026-08-17 13:12:06,027 INFO OCR variant B on Screenshot 2026-08-17 131203.png: records=1 mean_confidence=70.0
2026-08-17 13:12:06,521 INFO OCR variant C on Screenshot 2026-08-17 131203.png: records=1 mean_confidence=79.0
2026-08-17 13:12:06,522 INFO Selected OCR variant C for Screenshot 2026-08-17 131203.png
2026-08-17 13:12:06,611 INFO FIELD OWNERSHIP: Record=1 Field=Mobile Model Tokens='Nokia'
2026-08-17 13:12:06,611 INFO FIELD OWNERSHIP: Record=1 Field=IMEI 1 Tokens='35101 726542 - 57 - 321289-0'
2026-08-17 13:12:06,619 INFO TARGETED OCR START: Record=1 Field=First Name Region={'x': 86, 'y': 21, 'width': 56, 'height': 15}
2026-08-17 13:12:06,812 INFO TARGETED OCR: Field=First Name Region={'x': 86, 'y': 21, 'width': 56, 'height': 15} Variant=3x_contrast PSM=7 Whitelist=False Result='Patricia' Candidate='Patricia' Valid=True Conf=96.0
2026-08-17 13:12:06,982 INFO TARGETED OCR: Field=First Name Region={'x': 86, 'y': 21, 'width': 56, 'height': 15} Variant=3x_contrast PSM=7 Whitelist=True Result='Patricia' Candidate='Patricia' Valid=True Conf=96.0
2026-08-17 13:12:07,157 INFO TARGETED OCR: Field=First Name Region={'x': 86, 'y': 21, 'width': 56, 'height': 15} Variant=3x_contrast PSM=8 Whitelist=False Result='Patricia' Candidate='Patricia' Valid=True Conf=96.0
2026-08-17 13:12:07,525 INFO TARGETED OCR: Field=First Name Region={'x': 86, 'y': 21, 'width': 56, 'height': 15} Variant=3x_contrast PSM=8 Whitelist=True Result='Patricia' Candidate='Patricia' Valid=True Conf=96.0
2026-08-17 13:12:07,763 INFO TARGETED OCR: Field=First Name Region={'x': 86, 'y': 21, 'width': 56, 'height': 15} Variant=3x_contrast PSM=6 Whitelist=False Result='Patricia' Candidate='Patricia' Valid=True Conf=96.0
2026-08-17 13:12:08,033 INFO TARGETED OCR: Field=First Name Region={'x': 86, 'y': 21, 'width': 56, 'height': 15} Variant=3x_contrast PSM=6 Whitelist=True Result='Patricia' Candidate='Patricia' Valid=True Conf=96.0
2026-08-17 13:12:08,199 INFO TARGETED OCR: Field=First Name Region={'x': 86, 'y': 21, 'width': 56, 'height': 15} Variant=3x_contrast PSM=13 Whitelist=False Result='Patricia' Candidate='Patricia' Valid=True Conf=96.0
2026-08-17 13:12:08,367 INFO TARGETED OCR: Field=First Name Region={'x': 86, 'y': 21, 'width': 56, 'height': 15} Variant=3x_contrast PSM=13 Whitelist=True Result='Patricia' Candidate='Patricia' Valid=True Conf=96.0
2026-08-17 13:12:08,526 INFO TARGETED OCR: Field=First Name Region={'x': 86, 'y': 21, 'width': 56, 'height': 15} Variant=4x_contrast PSM=7 Whitelist=False Result='Patricia' Candidate='Patricia' Valid=True Conf=96.0
2026-08-17 13:12:08,671 INFO TARGETED OCR: Field=First Name Region={'x': 86, 'y': 21, 'width': 56, 'height': 15} Variant=4x_contrast PSM=7 Whitelist=True Result='Patricia' Candidate='Patricia' Valid=True Conf=96.0
2026-08-17 13:12:08,811 INFO TARGETED OCR: Field=First Name Region={'x': 86, 'y': 21, 'width': 56, 'height': 15} Variant=4x_contrast PSM=8 Whitelist=False Result='Patricia' Candidate='Patricia' Valid=True Conf=96.0
2026-08-17 13:12:08,961 INFO TARGETED OCR: Field=First Name Region={'x': 86, 'y': 21, 'width': 56, 'height': 15} Variant=4x_contrast PSM=8 Whitelist=True Result='Patricia' Candidate='Patricia' Valid=True Conf=96.0
2026-08-17 13:12:09,106 INFO TARGETED OCR: Field=First Name Region={'x': 86, 'y': 21, 'width': 56, 'height': 15} Variant=4x_contrast PSM=6 Whitelist=False Result='Patricia' Candidate='Patricia' Valid=True Conf=96.0
2026-08-17 13:12:09,335 INFO TARGETED OCR: Field=First Name Region={'x': 86, 'y': 21, 'width': 56, 'height': 15} Variant=4x_contrast PSM=6 Whitelist=True Result='Patricia' Candidate='Patricia' Valid=True Conf=96.0
2026-08-17 13:12:09,510 INFO TARGETED OCR: Field=First Name Region={'x': 86, 'y': 21, 'width': 56, 'height': 15} Variant=4x_contrast PSM=13 Whitelist=False Result='Patricia' Candidate='Patricia' Valid=True Conf=96.0
2026-08-17 13:12:09,699 INFO TARGETED OCR: Field=First Name Region={'x': 86, 'y': 21, 'width': 56, 'height': 15} Variant=4x_contrast PSM=13 Whitelist=True Result='Patricia' Candidate='Patricia' Valid=True Conf=96.0
2026-08-17 13:12:09,903 INFO TARGETED OCR: Field=First Name Region={'x': 86, 'y': 21, 'width': 56, 'height': 15} Variant=4x_otsu PSM=7 Whitelist=False Result='Patricia' Candidate='Patricia' Valid=True Conf=96.0
2026-08-17 13:12:10,063 INFO TARGETED OCR: Field=First Name Region={'x': 86, 'y': 21, 'width': 56, 'height': 15} Variant=4x_otsu PSM=7 Whitelist=True Result='Patricia' Candidate='Patricia' Valid=True Conf=96.0
2026-08-17 13:12:10,208 INFO TARGETED OCR: Field=First Name Region={'x': 86, 'y': 21, 'width': 56, 'height': 15} Variant=4x_otsu PSM=8 Whitelist=False Result='Patricia' Candidate='Patricia' Valid=True Conf=96.0
2026-08-17 13:12:10,380 INFO TARGETED OCR: Field=First Name Region={'x': 86, 'y': 21, 'width': 56, 'height': 15} Variant=4x_otsu PSM=8 Whitelist=True Result='Patricia' Candidate='Patricia' Valid=True Conf=96.0
2026-08-17 13:12:10,533 INFO TARGETED OCR: Field=First Name Region={'x': 86, 'y': 21, 'width': 56, 'height': 15} Variant=4x_otsu PSM=6 Whitelist=False Result='Patricia' Candidate='Patricia' Valid=True Conf=96.0
2026-08-17 13:12:10,685 INFO TARGETED OCR: Field=First Name Region={'x': 86, 'y': 21, 'width': 56, 'height': 15} Variant=4x_otsu PSM=6 Whitelist=True Result='Patricia' Candidate='Patricia' Valid=True Conf=96.0
2026-08-17 13:12:10,840 INFO TARGETED OCR: Field=First Name Region={'x': 86, 'y': 21, 'width': 56, 'height': 15} Variant=4x_otsu PSM=13 Whitelist=False Result='Patricia' Candidate='Patricia' Valid=True Conf=96.0
2026-08-17 13:12:11,011 INFO TARGETED OCR: Field=First Name Region={'x': 86, 'y': 21, 'width': 56, 'height': 15} Variant=4x_otsu PSM=13 Whitelist=True Result='Patricia' Candidate='Patricia' Valid=True Conf=96.0
2026-08-17 13:12:11,177 INFO TARGETED OCR: Field=First Name Region={'x': 86, 'y': 21, 'width': 56, 'height': 15} Variant=3x_adaptive PSM=7 Whitelist=False Result='Patricia' Candidate='Patricia' Valid=True Conf=96.0
2026-08-17 13:12:11,341 INFO TARGETED OCR: Field=First Name Region={'x': 86, 'y': 21, 'width': 56, 'height': 15} Variant=3x_adaptive PSM=7 Whitelist=True Result='Patricia' Candidate='Patricia' Valid=True Conf=96.0
2026-08-17 13:12:11,516 INFO TARGETED OCR: Field=First Name Region={'x': 86, 'y': 21, 'width': 56, 'height': 15} Variant=3x_adaptive PSM=8 Whitelist=False Result='Patricia' Candidate='Patricia' Valid=True Conf=96.0
2026-08-17 13:12:11,659 INFO TARGETED OCR: Field=First Name Region={'x': 86, 'y': 21, 'width': 56, 'height': 15} Variant=3x_adaptive PSM=8 Whitelist=True Result='Patricia' Candidate='Patricia' Valid=True Conf=96.0
2026-08-17 13:12:11,837 INFO TARGETED OCR: Field=First Name Region={'x': 86, 'y': 21, 'width': 56, 'height': 15} Variant=3x_adaptive PSM=6 Whitelist=False Result='Patricia' Candidate='Patricia' Valid=True Conf=96.0
2026-08-17 13:12:11,996 INFO TARGETED OCR: Field=First Name Region={'x': 86, 'y': 21, 'width': 56, 'height': 15} Variant=3x_adaptive PSM=6 Whitelist=True Result='Patricia' Candidate='Patricia' Valid=True Conf=96.0
2026-08-17 13:12:12,131 INFO TARGETED OCR: Field=First Name Region={'x': 86, 'y': 21, 'width': 56, 'height': 15} Variant=3x_adaptive PSM=13 Whitelist=False Result='Patricia' Candidate='Patricia' Valid=True Conf=96.0
2026-08-17 13:12:12,285 INFO TARGETED OCR: Field=First Name Region={'x': 86, 'y': 21, 'width': 56, 'height': 15} Variant=3x_adaptive PSM=13 Whitelist=True Result='Patricia' Candidate='Patricia' Valid=True Conf=96.0
2026-08-17 13:12:12,287 INFO TARGETED OCR ACCEPTED: Record=1 Field=First Name Value='Patricia' Conf=96.0 Decision=ACCEPTED_CONSENSUS
2026-08-17 13:12:12,288 INFO TARGETED OCR START: Record=1 Field=Service Provider Region={'x': 350, 'y': 61, 'width': 18, 'height': 14}
2026-08-17 13:12:12,438 INFO TARGETED OCR: Field=Service Provider Region={'x': 350, 'y': 61, 'width': 18, 'height': 14} Variant=3x_contrast PSM=7 Whitelist=False Result='02' Candidate='02' Valid=True Conf=96.0
2026-08-17 13:12:12,577 INFO TARGETED OCR: Field=Service Provider Region={'x': 350, 'y': 61, 'width': 18, 'height': 14} Variant=3x_contrast PSM=8 Whitelist=False Result='02' Candidate='02' Valid=True Conf=87.0
2026-08-17 13:12:12,712 INFO TARGETED OCR: Field=Service Provider Region={'x': 350, 'y': 61, 'width': 18, 'height': 14} Variant=3x_contrast PSM=6 Whitelist=False Result='02' Candidate='02' Valid=True Conf=96.0
2026-08-17 13:12:12,846 INFO TARGETED OCR: Field=Service Provider Region={'x': 350, 'y': 61, 'width': 18, 'height': 14} Variant=3x_contrast PSM=13 Whitelist=False Result='02' Candidate='02' Valid=True Conf=87.0
2026-08-17 13:12:12,992 INFO TARGETED OCR: Field=Service Provider Region={'x': 350, 'y': 61, 'width': 18, 'height': 14} Variant=4x_contrast PSM=7 Whitelist=False Result='02' Candidate='02' Valid=True Conf=96.0
2026-08-17 13:12:13,127 INFO TARGETED OCR: Field=Service Provider Region={'x': 350, 'y': 61, 'width': 18, 'height': 14} Variant=4x_contrast PSM=8 Whitelist=False Result='02' Candidate='02' Valid=True Conf=86.0
2026-08-17 13:12:13,267 INFO TARGETED OCR: Field=Service Provider Region={'x': 350, 'y': 61, 'width': 18, 'height': 14} Variant=4x_contrast PSM=6 Whitelist=False Result='02' Candidate='02' Valid=True Conf=96.0
2026-08-17 13:12:13,404 INFO TARGETED OCR: Field=Service Provider Region={'x': 350, 'y': 61, 'width': 18, 'height': 14} Variant=4x_contrast PSM=13 Whitelist=False Result='02' Candidate='02' Valid=True Conf=86.0
2026-08-17 13:12:13,542 INFO TARGETED OCR: Field=Service Provider Region={'x': 350, 'y': 61, 'width': 18, 'height': 14} Variant=4x_otsu PSM=7 Whitelist=False Result='02' Candidate='02' Valid=True Conf=95.0
2026-08-17 13:12:13,683 INFO TARGETED OCR: Field=Service Provider Region={'x': 350, 'y': 61, 'width': 18, 'height': 14} Variant=4x_otsu PSM=8 Whitelist=False Result='02' Candidate='02' Valid=True Conf=89.0
2026-08-17 13:12:13,822 INFO TARGETED OCR: Field=Service Provider Region={'x': 350, 'y': 61, 'width': 18, 'height': 14} Variant=4x_otsu PSM=6 Whitelist=False Result='02' Candidate='02' Valid=True Conf=95.0
2026-08-17 13:12:13,964 INFO TARGETED OCR: Field=Service Provider Region={'x': 350, 'y': 61, 'width': 18, 'height': 14} Variant=4x_otsu PSM=13 Whitelist=False Result='02' Candidate='02' Valid=True Conf=89.0
2026-08-17 13:12:14,149 INFO TARGETED OCR: Field=Service Provider Region={'x': 350, 'y': 61, 'width': 18, 'height': 14} Variant=3x_adaptive PSM=7 Whitelist=False Result='02' Candidate='02' Valid=True Conf=96.0
2026-08-17 13:12:14,362 INFO TARGETED OCR: Field=Service Provider Region={'x': 350, 'y': 61, 'width': 18, 'height': 14} Variant=3x_adaptive PSM=8 Whitelist=False Result='02' Candidate='02' Valid=True Conf=85.0
2026-08-17 13:12:14,845 INFO TARGETED OCR: Field=Service Provider Region={'x': 350, 'y': 61, 'width': 18, 'height': 14} Variant=3x_adaptive PSM=6 Whitelist=False Result='02' Candidate='02' Valid=True Conf=96.0
2026-08-17 13:12:15,485 INFO TARGETED OCR: Field=Service Provider Region={'x': 350, 'y': 61, 'width': 18, 'height': 14} Variant=3x_adaptive PSM=13 Whitelist=False Result='02' Candidate='02' Valid=True Conf=85.0
2026-08-17 13:12:15,486 INFO TARGETED OCR ACCEPTED: Record=1 Field=Service Provider Value='02' Conf=91.2 Decision=ACCEPTED_CONSENSUS
2026-08-17 13:12:15,486 INFO TARGETED OCR START: Record=1 Field=SIM No Region={'x': 544, 'y': 61, 'width': 134, 'height': 14}
2026-08-17 13:12:15,739 INFO TARGETED OCR: Field=SIM No Region={'x': 544, 'y': 61, 'width': 134, 'height': 14} Variant=3x_contrast PSM=7 Whitelist=False Result='O2371H&:7#&:R481' Candidate='O2371H&:7#&:R481' Valid=True Conf=67.0
2026-08-17 13:12:16,133 INFO TARGETED OCR: Field=SIM No Region={'x': 544, 'y': 61, 'width': 134, 'height': 14} Variant=3x_contrast PSM=8 Whitelist=False Result='(O2371H&:7#6:R481' Candidate='(O2371H&:7#6:R481' Valid=True Conf=0.0
2026-08-17 13:12:16,462 INFO TARGETED OCR: Field=SIM No Region={'x': 544, 'y': 61, 'width': 134, 'height': 14} Variant=3x_contrast PSM=6 Whitelist=False Result='O2371H&:7#&:R481' Candidate='O2371H&:7#&:R481' Valid=True Conf=67.0
2026-08-17 13:12:16,795 INFO TARGETED OCR: Field=SIM No Region={'x': 544, 'y': 61, 'width': 134, 'height': 14} Variant=3x_contrast PSM=13 Whitelist=False Result='(O2371H&:7#6:R481' Candidate='(O2371H&:7#6:R481' Valid=True Conf=0.0
2026-08-17 13:12:17,122 INFO TARGETED OCR: Field=SIM No Region={'x': 544, 'y': 61, 'width': 134, 'height': 14} Variant=4x_contrast PSM=7 Whitelist=False Result='O2371H&:7#&:R481' Candidate='O2371H&:7#&:R481' Valid=True Conf=66.0
2026-08-17 13:12:17,406 INFO TARGETED OCR: Field=SIM No Region={'x': 544, 'y': 61, 'width': 134, 'height': 14} Variant=4x_contrast PSM=8 Whitelist=False Result='(O2371H&:7#6:R481' Candidate='(O2371H&:7#6:R481' Valid=True Conf=0.0
2026-08-17 13:12:17,614 INFO TARGETED OCR: Field=SIM No Region={'x': 544, 'y': 61, 'width': 134, 'height': 14} Variant=4x_contrast PSM=6 Whitelist=False Result='O2371H&:7#&:R481' Candidate='O2371H&:7#&:R481' Valid=True Conf=66.0
2026-08-17 13:12:17,813 INFO TARGETED OCR: Field=SIM No Region={'x': 544, 'y': 61, 'width': 134, 'height': 14} Variant=4x_contrast PSM=13 Whitelist=False Result='(O2371H&:7#6:R481' Candidate='(O2371H&:7#6:R481' Valid=True Conf=0.0
2026-08-17 13:12:17,991 INFO TARGETED OCR: Field=SIM No Region={'x': 544, 'y': 61, 'width': 134, 'height': 14} Variant=4x_otsu PSM=7 Whitelist=False Result='O2371H&:7# &:R481' Candidate='O2371H&:7# &:R481' Valid=True Conf=34.0
2026-08-17 13:12:18,169 INFO TARGETED OCR: Field=SIM No Region={'x': 544, 'y': 61, 'width': 134, 'height': 14} Variant=4x_otsu PSM=8 Whitelist=False Result='(O2371H&:7#6:R481' Candidate='(O2371H&:7#6:R481' Valid=True Conf=0.0
2026-08-17 13:12:18,534 INFO TARGETED OCR: Field=SIM No Region={'x': 544, 'y': 61, 'width': 134, 'height': 14} Variant=4x_otsu PSM=6 Whitelist=False Result='O2371H&:7# &:R481' Candidate='O2371H&:7# &:R481' Valid=True Conf=34.0
2026-08-17 13:12:18,768 INFO TARGETED OCR: Field=SIM No Region={'x': 544, 'y': 61, 'width': 134, 'height': 14} Variant=4x_otsu PSM=13 Whitelist=False Result='(O2371H&:7#6:R481' Candidate='(O2371H&:7#6:R481' Valid=True Conf=0.0
2026-08-17 13:12:19,068 INFO TARGETED OCR: Field=SIM No Region={'x': 544, 'y': 61, 'width': 134, 'height': 14} Variant=3x_adaptive PSM=7 Whitelist=False Result='O2371H&:7#&:R481' Candidate='O2371H&:7#&:R481' Valid=True Conf=75.0
2026-08-17 13:12:19,216 INFO TARGETED OCR: Field=SIM No Region={'x': 544, 'y': 61, 'width': 134, 'height': 14} Variant=3x_adaptive PSM=8 Whitelist=False Result='O23 71H&:7#6:R481' Candidate='O23 71H&:7#6:R481' Valid=True Conf=0.0
2026-08-17 13:12:19,364 INFO TARGETED OCR: Field=SIM No Region={'x': 544, 'y': 61, 'width': 134, 'height': 14} Variant=3x_adaptive PSM=6 Whitelist=False Result='O2371H&:7#&:R481' Candidate='O2371H&:7#&:R481' Valid=True Conf=75.0
2026-08-17 13:12:19,538 INFO TARGETED OCR: Field=SIM No Region={'x': 544, 'y': 61, 'width': 134, 'height': 14} Variant=3x_adaptive PSM=13 Whitelist=False Result='O23 71H&:7#6:R481' Candidate='O23 71H&:7#6:R481' Valid=True Conf=0.0
2026-08-17 13:12:19,539 INFO TARGETED OCR ACCEPTED: Record=1 Field=SIM No Value='O2371H&:7#&:R481' Conf=69.3 Decision=ACCEPTED_CONSENSUS
2026-08-17 13:12:19,539 INFO TARGETED OCR START: Record=1 Field=IMEI 1 Region={'x': 26, 'y': 100, 'width': 221, 'height': 15}
2026-08-17 13:12:19,759 INFO IMEI1 TOKENS: included token='35101' bbox={'x': 26, 'y': 100, 'width': 36, 'height': 14}
2026-08-17 13:12:19,760 INFO IMEI1 TOKENS: included token='726542' bbox={'x': 67, 'y': 100, 'width': 53, 'height': 14}
2026-08-17 13:12:19,760 INFO IMEI1 TOKENS: included token='-' bbox={'x': 125, 'y': 108, 'width': 6, 'height': 2}
2026-08-17 13:12:19,760 INFO IMEI1 TOKENS: included token='57' bbox={'x': 138, 'y': 100, 'width': 15, 'height': 14}
2026-08-17 13:12:19,760 INFO IMEI1 TOKENS: included token='-' bbox={'x': 160, 'y': 108, 'width': 6, 'height': 2}
2026-08-17 13:12:19,760 INFO IMEI1 TOKENS: included token='321289' bbox={'x': 173, 'y': 100, 'width': 49, 'height': 14}
2026-08-17 13:12:19,761 INFO IMEI1 TOKENS: included token='-' bbox={'x': 227, 'y': 108, 'width': 6, 'height': 2}
2026-08-17 13:12:19,761 INFO IMEI1 TOKENS: included token='0' bbox={'x': 240, 'y': 100, 'width': 7, 'height': 14}
2026-08-17 13:12:19,761 INFO IMEI1 NUMERIC PASS: Variant=3x_contrast PSM=7 Whitelist=False Raw='35101 726542 - 57 - 321289 - 0' Candidate='35101726542573212890' Valid=False Conf=87.1
2026-08-17 13:12:19,923 INFO IMEI1 TOKENS: included token='35101726542-57-321289-0' bbox={'x': 26, 'y': 100, 'width': 221, 'height': 14}
2026-08-17 13:12:19,923 INFO IMEI1 NUMERIC PASS: Variant=3x_contrast PSM=7 Whitelist=True Raw='35101726542-57-321289-0' Candidate='35101726542573212890' Valid=False Conf=0.0
2026-08-17 13:12:20,088 INFO IMEI1 TOKENS: included token='35101' bbox={'x': 26, 'y': 100, 'width': 35, 'height': 14}
2026-08-17 13:12:20,088 INFO IMEI1 TOKENS: included token='726542' bbox={'x': 69, 'y': 94, 'width': 48, 'height': 27}
2026-08-17 13:12:20,089 INFO IMEI1 TOKENS: included token='-' bbox={'x': 125, 'y': 108, 'width': 6, 'height': 2}
2026-08-17 13:12:20,089 INFO IMEI1 TOKENS: included token='57' bbox={'x': 139, 'y': 100, 'width': 14, 'height': 14}
2026-08-17 13:12:20,089 INFO IMEI1 TOKENS: included token='-' bbox={'x': 160, 'y': 108, 'width': 6, 'height': 2}
2026-08-17 13:12:20,089 INFO IMEI1 TOKENS: included token='321289' bbox={'x': 175, 'y': 100, 'width': 46, 'height': 14}
2026-08-17 13:12:20,090 INFO IMEI1 TOKENS: included token='-' bbox={'x': 227, 'y': 108, 'width': 6, 'height': 2}
2026-08-17 13:12:20,090 INFO IMEI1 TOKENS: included token='0' bbox={'x': 240, 'y': 100, 'width': 7, 'height': 14}
2026-08-17 13:12:20,090 INFO IMEI1 NUMERIC PASS: Variant=3x_contrast PSM=8 Whitelist=False Raw='35101 726542 - 57 - 321289 - 0' Candidate='35101726542573212890' Valid=False Conf=86.7
2026-08-17 13:12:20,280 INFO IMEI1 TOKENS: included token='35101726542-57-321289-0' bbox={'x': 26, 'y': 100, 'width': 221, 'height': 14}
2026-08-17 13:12:20,281 INFO IMEI1 NUMERIC PASS: Variant=3x_contrast PSM=8 Whitelist=True Raw='35101726542-57-321289-0' Candidate='35101726542573212890' Valid=False Conf=0.0
2026-08-17 13:12:20,493 INFO IMEI1 TOKENS: included token='35101' bbox={'x': 26, 'y': 100, 'width': 36, 'height': 14}
2026-08-17 13:12:20,494 INFO IMEI1 TOKENS: included token='726542' bbox={'x': 67, 'y': 100, 'width': 53, 'height': 14}
2026-08-17 13:12:20,494 INFO IMEI1 TOKENS: included token='-' bbox={'x': 125, 'y': 108, 'width': 6, 'height': 2}
2026-08-17 13:12:20,494 INFO IMEI1 TOKENS: included token='57' bbox={'x': 138, 'y': 100, 'width': 15, 'height': 14}
2026-08-17 13:12:20,494 INFO IMEI1 TOKENS: included token='-' bbox={'x': 160, 'y': 108, 'width': 6, 'height': 2}
2026-08-17 13:12:20,494 INFO IMEI1 TOKENS: included token='321289' bbox={'x': 173, 'y': 100, 'width': 49, 'height': 14}
2026-08-17 13:12:20,495 INFO IMEI1 TOKENS: included token='-' bbox={'x': 227, 'y': 108, 'width': 6, 'height': 2}
2026-08-17 13:12:20,495 INFO IMEI1 TOKENS: included token='0' bbox={'x': 240, 'y': 100, 'width': 7, 'height': 14}
2026-08-17 13:12:20,495 INFO IMEI1 NUMERIC PASS: Variant=3x_contrast PSM=6 Whitelist=False Raw='35101 726542 - 57 - 321289 - 0' Candidate='35101726542573212890' Valid=False Conf=87.1
2026-08-17 13:12:20,700 INFO IMEI1 TOKENS: included token='35101726542-57-321289-0' bbox={'x': 26, 'y': 100, 'width': 221, 'height': 14}
2026-08-17 13:12:20,700 INFO IMEI1 NUMERIC PASS: Variant=3x_contrast PSM=6 Whitelist=True Raw='35101726542-57-321289-0' Candidate='35101726542573212890' Valid=False Conf=0.0
2026-08-17 13:12:20,920 INFO IMEI1 TOKENS: included token='35101' bbox={'x': 26, 'y': 100, 'width': 35, 'height': 14}
2026-08-17 13:12:20,921 INFO IMEI1 TOKENS: included token='726542' bbox={'x': 69, 'y': 94, 'width': 48, 'height': 27}
2026-08-17 13:12:20,921 INFO IMEI1 TOKENS: included token='-' bbox={'x': 125, 'y': 108, 'width': 6, 'height': 2}
2026-08-17 13:12:20,921 INFO IMEI1 TOKENS: included token='57' bbox={'x': 139, 'y': 100, 'width': 14, 'height': 14}
2026-08-17 13:12:20,922 INFO IMEI1 TOKENS: included token='-' bbox={'x': 160, 'y': 108, 'width': 6, 'height': 2}
2026-08-17 13:12:20,922 INFO IMEI1 TOKENS: included token='321289' bbox={'x': 175, 'y': 100, 'width': 46, 'height': 14}
2026-08-17 13:12:20,922 INFO IMEI1 TOKENS: included token='-' bbox={'x': 227, 'y': 108, 'width': 6, 'height': 2}
2026-08-17 13:12:20,922 INFO IMEI1 TOKENS: included token='0' bbox={'x': 240, 'y': 100, 'width': 7, 'height': 14}
2026-08-17 13:12:20,923 INFO IMEI1 NUMERIC PASS: Variant=3x_contrast PSM=13 Whitelist=False Raw='35101 726542 - 57 - 321289 - 0' Candidate='35101726542573212890' Valid=False Conf=86.7
2026-08-17 13:12:21,142 INFO IMEI1 TOKENS: included token='35101726542-57-321289-0' bbox={'x': 26, 'y': 100, 'width': 221, 'height': 14}
2026-08-17 13:12:21,142 INFO IMEI1 NUMERIC PASS: Variant=3x_contrast PSM=13 Whitelist=True Raw='35101726542-57-321289-0' Candidate='35101726542573212890' Valid=False Conf=0.0
2026-08-17 13:12:21,319 INFO IMEI1 TOKENS: included token='35101' bbox={'x': 26, 'y': 100, 'width': 36, 'height': 14}
2026-08-17 13:12:21,319 INFO IMEI1 TOKENS: included token='726542' bbox={'x': 67, 'y': 100, 'width': 52, 'height': 14}
2026-08-17 13:12:21,319 INFO IMEI1 TOKENS: included token='-' bbox={'x': 125, 'y': 108, 'width': 6, 'height': 2}
2026-08-17 13:12:21,319 INFO IMEI1 TOKENS: included token='57' bbox={'x': 138, 'y': 100, 'width': 16, 'height': 14}
2026-08-17 13:12:21,320 INFO IMEI1 TOKENS: included token='-' bbox={'x': 160, 'y': 108, 'width': 6, 'height': 2}
2026-08-17 13:12:21,320 INFO IMEI1 TOKENS: included token='321289' bbox={'x': 173, 'y': 100, 'width': 48, 'height': 14}
2026-08-17 13:12:21,320 INFO IMEI1 TOKENS: included token='-' bbox={'x': 227, 'y': 108, 'width': 6, 'height': 2}
2026-08-17 13:12:21,320 INFO IMEI1 TOKENS: included token='0' bbox={'x': 240, 'y': 100, 'width': 7, 'height': 14}
2026-08-17 13:12:21,320 INFO IMEI1 NUMERIC PASS: Variant=4x_contrast PSM=7 Whitelist=False Raw='35101 726542 - 57 - 321289 - 0' Candidate='35101726542573212890' Valid=False Conf=88.4
2026-08-17 13:12:21,502 INFO IMEI1 TOKENS: included token='35101726542-57-321289-0' bbox={'x': 26, 'y': 100, 'width': 222, 'height': 14}
2026-08-17 13:12:21,502 INFO IMEI1 NUMERIC PASS: Variant=4x_contrast PSM=7 Whitelist=True Raw='35101726542-57-321289-0' Candidate='35101726542573212890' Valid=False Conf=0.0
2026-08-17 13:12:21,794 INFO IMEI1 TOKENS: included token='35101' bbox={'x': 26, 'y': 100, 'width': 35, 'height': 14}
2026-08-17 13:12:21,794 INFO IMEI1 TOKENS: included token='726542' bbox={'x': 70, 'y': 94, 'width': 47, 'height': 27}
2026-08-17 13:12:21,794 INFO IMEI1 TOKENS: included token='-' bbox={'x': 126, 'y': 108, 'width': 6, 'height': 2}
2026-08-17 13:12:21,795 INFO IMEI1 TOKENS: included token='57' bbox={'x': 139, 'y': 100, 'width': 14, 'height': 14}
2026-08-17 13:12:21,795 INFO IMEI1 TOKENS: included token='-' bbox={'x': 160, 'y': 108, 'width': 6, 'height': 2}
2026-08-17 13:12:21,795 INFO IMEI1 TOKENS: included token='321289' bbox={'x': 175, 'y': 100, 'width': 46, 'height': 14}
2026-08-17 13:12:21,795 INFO IMEI1 TOKENS: included token='-' bbox={'x': 227, 'y': 108, 'width': 6, 'height': 2}
2026-08-17 13:12:21,795 INFO IMEI1 TOKENS: included token='0' bbox={'x': 240, 'y': 100, 'width': 7, 'height': 14}
2026-08-17 13:12:21,796 INFO IMEI1 NUMERIC PASS: Variant=4x_contrast PSM=8 Whitelist=False Raw='35101 726542 - 57 - 321289 - 0' Candidate='35101726542573212890' Valid=False Conf=87.6
2026-08-17 13:12:22,013 INFO IMEI1 TOKENS: included token='35101726542-57-321289-0' bbox={'x': 26, 'y': 100, 'width': 222, 'height': 14}
2026-08-17 13:12:22,013 INFO IMEI1 NUMERIC PASS: Variant=4x_contrast PSM=8 Whitelist=True Raw='35101726542-57-321289-0' Candidate='35101726542573212890' Valid=False Conf=0.0
2026-08-17 13:12:22,219 INFO IMEI1 TOKENS: included token='35101' bbox={'x': 26, 'y': 100, 'width': 36, 'height': 14}
2026-08-17 13:12:22,219 INFO IMEI1 TOKENS: included token='726542' bbox={'x': 67, 'y': 100, 'width': 52, 'height': 14}
2026-08-17 13:12:22,219 INFO IMEI1 TOKENS: included token='-' bbox={'x': 125, 'y': 108, 'width': 6, 'height': 2}
2026-08-17 13:12:22,219 INFO IMEI1 TOKENS: included token='57' bbox={'x': 138, 'y': 100, 'width': 16, 'height': 14}
2026-08-17 13:12:22,220 INFO IMEI1 TOKENS: included token='-' bbox={'x': 160, 'y': 108, 'width': 6, 'height': 2}
2026-08-17 13:12:22,220 INFO IMEI1 TOKENS: included token='321289' bbox={'x': 173, 'y': 100, 'width': 48, 'height': 14}
2026-08-17 13:12:22,220 INFO IMEI1 TOKENS: included token='-' bbox={'x': 227, 'y': 108, 'width': 6, 'height': 2}
2026-08-17 13:12:22,220 INFO IMEI1 TOKENS: included token='0' bbox={'x': 240, 'y': 100, 'width': 7, 'height': 14}
2026-08-17 13:12:22,220 INFO IMEI1 NUMERIC PASS: Variant=4x_contrast PSM=6 Whitelist=False Raw='35101 726542 - 57 - 321289 - 0' Candidate='35101726542573212890' Valid=False Conf=88.4
2026-08-17 13:12:22,452 INFO IMEI1 TOKENS: included token='35101726542-57-321289-0' bbox={'x': 26, 'y': 100, 'width': 222, 'height': 14}
2026-08-17 13:12:22,452 INFO IMEI1 NUMERIC PASS: Variant=4x_contrast PSM=6 Whitelist=True Raw='35101726542-57-321289-0' Candidate='35101726542573212890' Valid=False Conf=0.0
2026-08-17 13:12:22,631 INFO IMEI1 TOKENS: included token='35101' bbox={'x': 26, 'y': 100, 'width': 35, 'height': 14}
2026-08-17 13:12:22,631 INFO IMEI1 TOKENS: included token='726542' bbox={'x': 70, 'y': 94, 'width': 47, 'height': 27}
2026-08-17 13:12:22,631 INFO IMEI1 TOKENS: included token='-' bbox={'x': 126, 'y': 108, 'width': 6, 'height': 2}
2026-08-17 13:12:22,631 INFO IMEI1 TOKENS: included token='57' bbox={'x': 139, 'y': 100, 'width': 14, 'height': 14}
2026-08-17 13:12:22,631 INFO IMEI1 TOKENS: included token='-' bbox={'x': 160, 'y': 108, 'width': 6, 'height': 2}
2026-08-17 13:12:22,632 INFO IMEI1 TOKENS: included token='321289' bbox={'x': 175, 'y': 100, 'width': 46, 'height': 14}
2026-08-17 13:12:22,632 INFO IMEI1 TOKENS: included token='-' bbox={'x': 227, 'y': 108, 'width': 6, 'height': 2}
2026-08-17 13:12:22,632 INFO IMEI1 TOKENS: included token='0' bbox={'x': 240, 'y': 100, 'width': 7, 'height': 14}
2026-08-17 13:12:22,632 INFO IMEI1 NUMERIC PASS: Variant=4x_contrast PSM=13 Whitelist=False Raw='35101 726542 - 57 - 321289 - 0' Candidate='35101726542573212890' Valid=False Conf=87.6
2026-08-17 13:12:22,797 INFO IMEI1 TOKENS: included token='35101726542-57-321289-0' bbox={'x': 26, 'y': 100, 'width': 222, 'height': 14}
2026-08-17 13:12:22,797 INFO IMEI1 NUMERIC PASS: Variant=4x_contrast PSM=13 Whitelist=True Raw='35101726542-57-321289-0' Candidate='35101726542573212890' Valid=False Conf=0.0
2026-08-17 13:12:22,969 INFO IMEI1 TOKENS: included token='35101' bbox={'x': 26, 'y': 100, 'width': 36, 'height': 14}
2026-08-17 13:12:22,970 INFO IMEI1 TOKENS: included token='726542' bbox={'x': 67, 'y': 100, 'width': 52, 'height': 14}
2026-08-17 13:12:22,970 INFO IMEI1 TOKENS: included token='-' bbox={'x': 125, 'y': 108, 'width': 6, 'height': 2}
2026-08-17 13:12:22,970 INFO IMEI1 TOKENS: included token='57' bbox={'x': 138, 'y': 100, 'width': 15, 'height': 14}
2026-08-17 13:12:22,971 INFO IMEI1 TOKENS: included token='-' bbox={'x': 160, 'y': 108, 'width': 6, 'height': 2}
2026-08-17 13:12:22,971 INFO IMEI1 TOKENS: included token='321289' bbox={'x': 173, 'y': 100, 'width': 48, 'height': 14}
2026-08-17 13:12:22,971 INFO IMEI1 TOKENS: included token='-' bbox={'x': 227, 'y': 108, 'width': 6, 'height': 2}
2026-08-17 13:12:22,972 INFO IMEI1 TOKENS: included token='0' bbox={'x': 240, 'y': 100, 'width': 7, 'height': 14}
2026-08-17 13:12:22,972 INFO IMEI1 NUMERIC PASS: Variant=4x_otsu PSM=7 Whitelist=False Raw='35101 726542 - 57 - 321289 - 0' Candidate='35101726542573212890' Valid=False Conf=86.5
2026-08-17 13:12:23,143 INFO IMEI1 TOKENS: included token='35101726542-57-321289-0' bbox={'x': 26, 'y': 100, 'width': 221, 'height': 14}
2026-08-17 13:12:23,143 INFO IMEI1 NUMERIC PASS: Variant=4x_otsu PSM=7 Whitelist=True Raw='35101726542-57-321289-0' Candidate='35101726542573212890' Valid=False Conf=0.0
2026-08-17 13:12:23,321 INFO IMEI1 TOKENS: included token='3510' bbox={'x': 26, 'y': 100, 'width': 31, 'height': 14}
2026-08-17 13:12:23,321 INFO IMEI1 TOKENS: included token='726542' bbox={'x': 70, 'y': 100, 'width': 47, 'height': 14}
2026-08-17 13:12:23,321 INFO IMEI1 TOKENS: included token='-' bbox={'x': 126, 'y': 108, 'width': 5, 'height': 2}
2026-08-17 13:12:23,321 INFO IMEI1 TOKENS: included token='57' bbox={'x': 139, 'y': 100, 'width': 14, 'height': 14}
2026-08-17 13:12:23,321 INFO IMEI1 TOKENS: included token='-' bbox={'x': 162, 'y': 108, 'width': 4, 'height': 2}
2026-08-17 13:12:23,322 INFO IMEI1 TOKENS: included token='321289' bbox={'x': 175, 'y': 100, 'width': 46, 'height': 14}
2026-08-17 13:12:23,322 INFO IMEI1 TOKENS: included token='-' bbox={'x': 229, 'y': 108, 'width': 4, 'height': 2}
2026-08-17 13:12:23,322 INFO IMEI1 TOKENS: included token='0' bbox={'x': 240, 'y': 100, 'width': 6, 'height': 14}
2026-08-17 13:12:23,322 INFO IMEI1 NUMERIC PASS: Variant=4x_otsu PSM=8 Whitelist=False Raw='3510 726542 - 57 - 321289 - 0' Candidate='3510726542573212890' Valid=False Conf=86.7
2026-08-17 13:12:23,563 INFO IMEI1 TOKENS: included token='3510726542-57-321289-0' bbox={'x': 26, 'y': 100, 'width': 221, 'height': 14}
2026-08-17 13:12:23,564 INFO IMEI1 NUMERIC PASS: Variant=4x_otsu PSM=8 Whitelist=True Raw='3510726542-57-321289-0' Candidate='3510726542573212890' Valid=False Conf=0.0
2026-08-17 13:12:23,743 INFO IMEI1 TOKENS: included token='35101' bbox={'x': 26, 'y': 100, 'width': 36, 'height': 14}
2026-08-17 13:12:23,743 INFO IMEI1 TOKENS: included token='726542' bbox={'x': 67, 'y': 100, 'width': 52, 'height': 14}
2026-08-17 13:12:23,743 INFO IMEI1 TOKENS: included token='-' bbox={'x': 125, 'y': 108, 'width': 6, 'height': 2}
2026-08-17 13:12:23,743 INFO IMEI1 TOKENS: included token='57' bbox={'x': 138, 'y': 100, 'width': 15, 'height': 14}
2026-08-17 13:12:23,743 INFO IMEI1 TOKENS: included token='-' bbox={'x': 160, 'y': 108, 'width': 6, 'height': 2}
2026-08-17 13:12:23,743 INFO IMEI1 TOKENS: included token='321289' bbox={'x': 173, 'y': 100, 'width': 48, 'height': 14}
2026-08-17 13:12:23,744 INFO IMEI1 TOKENS: included token='-' bbox={'x': 227, 'y': 108, 'width': 6, 'height': 2}
2026-08-17 13:12:23,744 INFO IMEI1 TOKENS: included token='0' bbox={'x': 240, 'y': 100, 'width': 7, 'height': 14}
2026-08-17 13:12:23,744 INFO IMEI1 NUMERIC PASS: Variant=4x_otsu PSM=6 Whitelist=False Raw='35101 726542 - 57 - 321289 - 0' Candidate='35101726542573212890' Valid=False Conf=86.5
2026-08-17 13:12:23,994 INFO IMEI1 TOKENS: included token='35101726542-57-321289-0' bbox={'x': 26, 'y': 100, 'width': 221, 'height': 14}
2026-08-17 13:12:23,994 INFO IMEI1 NUMERIC PASS: Variant=4x_otsu PSM=6 Whitelist=True Raw='35101726542-57-321289-0' Candidate='35101726542573212890' Valid=False Conf=0.0
2026-08-17 13:12:24,158 INFO IMEI1 TOKENS: included token='3510' bbox={'x': 26, 'y': 100, 'width': 31, 'height': 14}
2026-08-17 13:12:24,158 INFO IMEI1 TOKENS: included token='726542' bbox={'x': 70, 'y': 100, 'width': 47, 'height': 14}
2026-08-17 13:12:24,158 INFO IMEI1 TOKENS: included token='-' bbox={'x': 126, 'y': 108, 'width': 5, 'height': 2}
2026-08-17 13:12:24,159 INFO IMEI1 TOKENS: included token='57' bbox={'x': 139, 'y': 100, 'width': 14, 'height': 14}
2026-08-17 13:12:24,159 INFO IMEI1 TOKENS: included token='-' bbox={'x': 162, 'y': 108, 'width': 4, 'height': 2}
2026-08-17 13:12:24,159 INFO IMEI1 TOKENS: included token='321289' bbox={'x': 175, 'y': 100, 'width': 46, 'height': 14}
2026-08-17 13:12:24,160 INFO IMEI1 TOKENS: included token='-' bbox={'x': 229, 'y': 108, 'width': 4, 'height': 2}
2026-08-17 13:12:24,160 INFO IMEI1 TOKENS: included token='0' bbox={'x': 240, 'y': 100, 'width': 6, 'height': 14}
2026-08-17 13:12:24,160 INFO IMEI1 NUMERIC PASS: Variant=4x_otsu PSM=13 Whitelist=False Raw='3510 726542 - 57 - 321289 - 0' Candidate='3510726542573212890' Valid=False Conf=86.7
2026-08-17 13:12:24,324 INFO IMEI1 TOKENS: included token='3510726542-57-321289-0' bbox={'x': 26, 'y': 100, 'width': 221, 'height': 14}
2026-08-17 13:12:24,324 INFO IMEI1 NUMERIC PASS: Variant=4x_otsu PSM=13 Whitelist=True Raw='3510726542-57-321289-0' Candidate='3510726542573212890' Valid=False Conf=0.0
2026-08-17 13:12:24,508 INFO IMEI1 TOKENS: included token='35101' bbox={'x': 26, 'y': 100, 'width': 36, 'height': 14}
2026-08-17 13:12:24,509 INFO IMEI1 TOKENS: included token='726542' bbox={'x': 67, 'y': 100, 'width': 52, 'height': 14}
2026-08-17 13:12:24,509 INFO IMEI1 TOKENS: included token='-' bbox={'x': 125, 'y': 108, 'width': 6, 'height': 2}
2026-08-17 13:12:24,509 INFO IMEI1 TOKENS: included token='57' bbox={'x': 138, 'y': 100, 'width': 15, 'height': 14}
2026-08-17 13:12:24,510 INFO IMEI1 TOKENS: included token='-' bbox={'x': 160, 'y': 108, 'width': 6, 'height': 2}
2026-08-17 13:12:24,510 INFO IMEI1 TOKENS: included token='321289' bbox={'x': 173, 'y': 100, 'width': 48, 'height': 14}
2026-08-17 13:12:24,510 INFO IMEI1 TOKENS: included token='-' bbox={'x': 227, 'y': 108, 'width': 6, 'height': 2}
2026-08-17 13:12:24,510 INFO IMEI1 TOKENS: included token='0' bbox={'x': 240, 'y': 100, 'width': 7, 'height': 14}
2026-08-17 13:12:24,510 INFO IMEI1 NUMERIC PASS: Variant=3x_adaptive PSM=7 Whitelist=False Raw='35101 726542 - 57 - 321289 - 0' Candidate='35101726542573212890' Valid=False Conf=88.6
2026-08-17 13:12:24,686 INFO IMEI1 TOKENS: included token='35101726542-57-321289-0' bbox={'x': 26, 'y': 100, 'width': 221, 'height': 14}
2026-08-17 13:12:24,687 INFO IMEI1 NUMERIC PASS: Variant=3x_adaptive PSM=7 Whitelist=True Raw='35101726542-57-321289-0' Candidate='35101726542573212890' Valid=False Conf=0.0
2026-08-17 13:12:24,856 INFO IMEI1 TOKENS: excluded model token='3510i' bbox={'x': 26, 'y': 100, 'width': 36, 'height': 14}
2026-08-17 13:12:24,856 INFO IMEI1 TOKENS: included token='726542' bbox={'x': 69, 'y': 100, 'width': 48, 'height': 14}
2026-08-17 13:12:24,856 INFO IMEI1 TOKENS: included token='-' bbox={'x': 126, 'y': 108, 'width': 6, 'height': 2}
2026-08-17 13:12:24,857 INFO IMEI1 TOKENS: included token='57' bbox={'x': 139, 'y': 100, 'width': 14, 'height': 14}
2026-08-17 13:12:24,857 INFO IMEI1 TOKENS: included token='-' bbox={'x': 160, 'y': 108, 'width': 6, 'height': 2}
2026-08-17 13:12:24,857 INFO IMEI1 TOKENS: included token='321289' bbox={'x': 175, 'y': 100, 'width': 46, 'height': 14}
2026-08-17 13:12:24,857 INFO IMEI1 TOKENS: included token='-' bbox={'x': 229, 'y': 108, 'width': 4, 'height': 2}
2026-08-17 13:12:24,858 INFO IMEI1 TOKENS: included token='0' bbox={'x': 240, 'y': 100, 'width': 7, 'height': 14}
2026-08-17 13:12:24,858 INFO IMEI1 NUMERIC PASS: Variant=3x_adaptive PSM=8 Whitelist=False Raw='3510i 726542 - 57 - 321289 - 0' Candidate='726542573212890' Valid=True Conf=80.6
2026-08-17 13:12:25,018 INFO IMEI1 TOKENS: included token='35101726542-57-321289-0' bbox={'x': 26, 'y': 100, 'width': 221, 'height': 14}
2026-08-17 13:12:25,018 INFO IMEI1 NUMERIC PASS: Variant=3x_adaptive PSM=8 Whitelist=True Raw='35101726542-57-321289-0' Candidate='35101726542573212890' Valid=False Conf=0.0
2026-08-17 13:12:25,188 INFO IMEI1 TOKENS: included token='35101' bbox={'x': 26, 'y': 100, 'width': 36, 'height': 14}
2026-08-17 13:12:25,189 INFO IMEI1 TOKENS: included token='726542' bbox={'x': 67, 'y': 100, 'width': 52, 'height': 14}
2026-08-17 13:12:25,189 INFO IMEI1 TOKENS: included token='-' bbox={'x': 125, 'y': 108, 'width': 6, 'height': 2}
2026-08-17 13:12:25,189 INFO IMEI1 TOKENS: included token='57' bbox={'x': 138, 'y': 100, 'width': 15, 'height': 14}
2026-08-17 13:12:25,189 INFO IMEI1 TOKENS: included token='-' bbox={'x': 160, 'y': 108, 'width': 6, 'height': 2}
2026-08-17 13:12:25,189 INFO IMEI1 TOKENS: included token='321289' bbox={'x': 173, 'y': 100, 'width': 48, 'height': 14}
2026-08-17 13:12:25,190 INFO IMEI1 TOKENS: included token='-' bbox={'x': 227, 'y': 108, 'width': 6, 'height': 2}
2026-08-17 13:12:25,190 INFO IMEI1 TOKENS: included token='0' bbox={'x': 240, 'y': 100, 'width': 7, 'height': 14}
2026-08-17 13:12:25,190 INFO IMEI1 NUMERIC PASS: Variant=3x_adaptive PSM=6 Whitelist=False Raw='35101 726542 - 57 - 321289 - 0' Candidate='35101726542573212890' Valid=False Conf=88.6
2026-08-17 13:12:25,365 INFO IMEI1 TOKENS: included token='35101726542-57-321289-0' bbox={'x': 26, 'y': 100, 'width': 221, 'height': 14}
2026-08-17 13:12:25,366 INFO IMEI1 NUMERIC PASS: Variant=3x_adaptive PSM=6 Whitelist=True Raw='35101726542-57-321289-0' Candidate='35101726542573212890' Valid=False Conf=0.0
2026-08-17 13:12:25,538 INFO IMEI1 TOKENS: excluded model token='3510i' bbox={'x': 26, 'y': 100, 'width': 36, 'height': 14}
2026-08-17 13:12:25,538 INFO IMEI1 TOKENS: included token='726542' bbox={'x': 69, 'y': 100, 'width': 48, 'height': 14}
2026-08-17 13:12:25,539 INFO IMEI1 TOKENS: included token='-' bbox={'x': 126, 'y': 108, 'width': 6, 'height': 2}
2026-08-17 13:12:25,539 INFO IMEI1 TOKENS: included token='57' bbox={'x': 139, 'y': 100, 'width': 14, 'height': 14}
2026-08-17 13:12:25,539 INFO IMEI1 TOKENS: included token='-' bbox={'x': 160, 'y': 108, 'width': 6, 'height': 2}
2026-08-17 13:12:25,539 INFO IMEI1 TOKENS: included token='321289' bbox={'x': 175, 'y': 100, 'width': 46, 'height': 14}
2026-08-17 13:12:25,539 INFO IMEI1 TOKENS: included token='-' bbox={'x': 229, 'y': 108, 'width': 4, 'height': 2}
2026-08-17 13:12:25,539 INFO IMEI1 TOKENS: included token='0' bbox={'x': 240, 'y': 100, 'width': 7, 'height': 14}
2026-08-17 13:12:25,539 INFO IMEI1 NUMERIC PASS: Variant=3x_adaptive PSM=13 Whitelist=False Raw='3510i 726542 - 57 - 321289 - 0' Candidate='726542573212890' Valid=True Conf=80.6
2026-08-17 13:12:25,706 INFO IMEI1 TOKENS: included token='35101726542-57-321289-0' bbox={'x': 26, 'y': 100, 'width': 221, 'height': 14}
2026-08-17 13:12:25,707 INFO IMEI1 NUMERIC PASS: Variant=3x_adaptive PSM=13 Whitelist=True Raw='35101726542-57-321289-0' Candidate='35101726542573212890' Valid=False Conf=0.0
2026-08-17 13:12:25,707 INFO IMEI1 CONSENSUS: Candidate=726542573212890 Support=2 MeanConfidence=80.6 Decision=ACCEPTED_STRICT_IMEI
2026-08-17 13:12:25,708 INFO TARGETED OCR ACCEPTED: Record=1 Field=IMEI 1 Value='726542573212890' Conf=80.6 Decision=ACCEPTED_STRICT_IMEI
2026-08-17 13:12:25,709 WARNING RECORD 1 FIELD Last Name | raw='' normalized='' confidence=0.0 validation=REVIEW reasons=MISSING_REQUIRED_FIELD,FIELD_REGION_NOT_LOCATED targeted={'attempted': False, 'decision': 'FIELD_REGION_NOT_LOCATED'}
2026-08-17 13:12:25,709 WARNING RECORD 1 FIELD Postal Code | raw='' normalized='' confidence=0.0 validation=REVIEW reasons=MISSING_REQUIRED_FIELD,FIELD_REGION_NOT_LOCATED targeted={'attempted': False, 'decision': 'FIELD_REGION_NOT_LOCATED'}
2026-08-17 13:12:25,709 WARNING RECORD 1 FIELD Reference No | raw='' normalized='' confidence=0.0 validation=REVIEW reasons=FIELD_REGION_NOT_LOCATED targeted={'attempted': False, 'decision': 'FIELD_REGION_NOT_LOCATED'}
2026-08-17 13:12:25,709 WARNING RECORD 1 STATUS: REVIEW_REQUIRED
2026-08-17 13:12:25,739 INFO Processed Screenshot 2026-08-17 131203.png (File No 145): {'VALIDATED': 0, 'REVIEW_REQUIRED': 1, 'FAILED': 0}
2026-08-17 13:12:25,740 INFO Processing completed: Screenshot 2026-08-17 131203.png
2026-08-17 13:14:03,945 INFO Watcher stopped safely.
2026-08-18 16:19:24,043 INFO StateStore active | Form No: max=577, next=578 | File No: max=145, next=145
2026-08-18 16:19:41,558 INFO Operator selected new daily numbering configuration
2026-08-18 16:19:56,768 INFO New daily numbering configuration confirmed: File No=186 Starting Form No=735
2026-08-18 16:19:56,769 INFO Watching images\inbox for new images (.png, .jpg, .jpeg, .bmp, .webp). Polling latency ~1s. Ctrl+C to stop.
2026-08-18 16:20:55,983 INFO Image detected: Screenshot 2026-08-18 162054.png (size: 53445 bytes)
2026-08-18 16:20:55,984 INFO IMAGE STABILITY CHECK: Screenshot 2026-08-18 162054.png (SIZE=53445)
2026-08-18 16:20:56,581 INFO IMAGE DECODE OK: Screenshot 2026-08-18 162054.png
2026-08-18 16:20:56,582 INFO Image ready: Screenshot 2026-08-18 162054.png (file stable and readable)
2026-08-18 16:20:56,582 INFO Processing started: Screenshot 2026-08-18 162054.png
2026-08-18 16:20:58,676 INFO OCR variant A on Screenshot 2026-08-18 162054.png: records=1 mean_confidence=83.1
2026-08-18 16:20:59,169 INFO OCR variant B on Screenshot 2026-08-18 162054.png: records=1 mean_confidence=68.9
2026-08-18 16:20:59,618 INFO OCR variant C on Screenshot 2026-08-18 162054.png: records=1 mean_confidence=85.2
2026-08-18 16:20:59,618 INFO Selected OCR variant C for Screenshot 2026-08-18 162054.png
2026-08-18 16:20:59,742 INFO FIELD REGION: Record=1 Field=Card Type Label='Card' Label bbox={'x': 348, 'y': 87, 'width': 27, 'height': 12} Value region={'x': 380, 'y': 85, 'width': 270, 'height': 16} Region confidence=0.95
2026-08-18 16:20:59,743 INFO FIELD OWNERSHIP: Record=1 Field=Mobile Model Tokens='Siemens ST60'
2026-08-18 16:20:59,743 INFO FIELD OWNERSHIP: Record=1 Field=IMEI 1 Tokens='324900 - 32 - 452210 - 9'
2026-08-18 16:20:59,757 INFO TARGETED OCR START: Record=1 Field=Reference No Region={'x': 320, 'y': 53, 'width': 119, 'height': 16}
2026-08-18 16:20:59,957 INFO TARGETED OCR: Field=Reference No Region={'x': 320, 'y': 53, 'width': 119, 'height': 16} Variant=3x_contrast PSM=7 Whitelist=False Result='T-M21Da;I$!in36854 |' Candidate='T-M21Da;I$!in36854 |' Valid=True Conf=96.0
2026-08-18 16:21:00,130 INFO TARGETED OCR: Field=Reference No Region={'x': 320, 'y': 53, 'width': 119, 'height': 16} Variant=3x_contrast PSM=8 Whitelist=False Result='‘T-M21DasI$!in36854 |' Candidate='‘T-M21DasI$!in36854 |' Valid=True Conf=96.0
2026-08-18 16:21:00,348 INFO TARGETED OCR: Field=Reference No Region={'x': 320, 'y': 53, 'width': 119, 'height': 16} Variant=3x_contrast PSM=6 Whitelist=False Result='T-M21Da;I$!in36854 |' Candidate='T-M21Da;I$!in36854 |' Valid=True Conf=96.0
2026-08-18 16:21:00,513 INFO TARGETED OCR: Field=Reference No Region={'x': 320, 'y': 53, 'width': 119, 'height': 16} Variant=3x_contrast PSM=13 Whitelist=False Result='‘T-M21DasI$!in36854 |' Candidate='‘T-M21DasI$!in36854 |' Valid=True Conf=96.0
2026-08-18 16:21:00,694 INFO TARGETED OCR: Field=Reference No Region={'x': 320, 'y': 53, 'width': 119, 'height': 16} Variant=4x_contrast PSM=7 Whitelist=False Result='T-M21Da;I$!!n36854 |' Candidate='T-M21Da;I$!!n36854 |' Valid=True Conf=63.5
2026-08-18 16:21:00,895 INFO TARGETED OCR: Field=Reference No Region={'x': 320, 'y': 53, 'width': 119, 'height': 16} Variant=4x_contrast PSM=8 Whitelist=False Result='‘T-M2iDas$!in36054 |' Candidate='‘T-M2iDas$!in36054 |' Valid=True Conf=96.0
2026-08-18 16:21:01,078 INFO TARGETED OCR: Field=Reference No Region={'x': 320, 'y': 53, 'width': 119, 'height': 16} Variant=4x_contrast PSM=6 Whitelist=False Result='T-M21Da;I$!!n36854 |' Candidate='T-M21Da;I$!!n36854 |' Valid=True Conf=63.5
2026-08-18 16:21:01,329 INFO TARGETED OCR: Field=Reference No Region={'x': 320, 'y': 53, 'width': 119, 'height': 16} Variant=4x_contrast PSM=13 Whitelist=False Result='‘T-M2iDas$!in36054 |' Candidate='‘T-M2iDas$!in36054 |' Valid=True Conf=96.0
2026-08-18 16:21:01,523 INFO TARGETED OCR: Field=Reference No Region={'x': 320, 'y': 53, 'width': 119, 'height': 16} Variant=4x_otsu PSM=7 Whitelist=False Result='T-M21Da;1$!!n36854 |' Candidate='T-M21Da;1$!!n36854 |' Valid=True Conf=70.0
2026-08-18 16:21:01,697 INFO TARGETED OCR: Field=Reference No Region={'x': 320, 'y': 53, 'width': 119, 'height': 16} Variant=4x_otsu PSM=8 Whitelist=False Result="‘T-M21DasI$'n36854 |" Candidate="‘T-M21DasI$'n36854 |" Valid=True Conf=96.0
2026-08-18 16:21:01,879 INFO TARGETED OCR: Field=Reference No Region={'x': 320, 'y': 53, 'width': 119, 'height': 16} Variant=4x_otsu PSM=6 Whitelist=False Result='T-M21Da;1$!!n36854 |' Candidate='T-M21Da;1$!!n36854 |' Valid=True Conf=70.0
2026-08-18 16:21:02,054 INFO TARGETED OCR: Field=Reference No Region={'x': 320, 'y': 53, 'width': 119, 'height': 16} Variant=4x_otsu PSM=13 Whitelist=False Result="‘T-M21DasI$'n36854 |" Candidate="‘T-M21DasI$'n36854 |" Valid=True Conf=96.0
2026-08-18 16:21:02,236 INFO TARGETED OCR: Field=Reference No Region={'x': 320, 'y': 53, 'width': 119, 'height': 16} Variant=3x_adaptive PSM=7 Whitelist=False Result='T-M21Da;]$!!n36854 |' Candidate='T-M21Da;]$!!n36854 |' Valid=True Conf=96.0
2026-08-18 16:21:02,421 INFO TARGETED OCR: Field=Reference No Region={'x': 320, 'y': 53, 'width': 119, 'height': 16} Variant=3x_adaptive PSM=8 Whitelist=False Result='T-M2iDas$!n36854 |' Candidate='T-M2iDas$!n36854 |' Valid=True Conf=96.0
2026-08-18 16:21:02,584 INFO TARGETED OCR: Field=Reference No Region={'x': 320, 'y': 53, 'width': 119, 'height': 16} Variant=3x_adaptive PSM=6 Whitelist=False Result='T-M21Da;]$!!n36854 |' Candidate='T-M21Da;]$!!n36854 |' Valid=True Conf=96.0
2026-08-18 16:21:02,822 INFO TARGETED OCR: Field=Reference No Region={'x': 320, 'y': 53, 'width': 119, 'height': 16} Variant=3x_adaptive PSM=13 Whitelist=False Result='T-M2iDas$!n36854 |' Candidate='T-M2iDas$!n36854 |' Valid=True Conf=96.0
2026-08-18 16:21:02,824 INFO TARGETED OCR ACCEPTED: Record=1 Field=Reference No Value='T-M21Da;I$!in36854 |' Conf=96.0 Decision=ACCEPTED_CONSENSUS
2026-08-18 16:21:02,825 WARNING RECORD 1 FIELD Postal Code | raw='' normalized='' confidence=0.0 validation=REVIEW reasons=MISSING_REQUIRED_FIELD,FIELD_REGION_NOT_LOCATED targeted={'attempted': False, 'decision': 'FIELD_REGION_NOT_LOCATED'}
2026-08-18 16:21:02,825 WARNING RECORD 1 STATUS: REVIEW_REQUIRED
2026-08-18 16:21:02,847 INFO Processed Screenshot 2026-08-18 162054.png (File No 186): {'VALIDATED': 0, 'REVIEW_REQUIRED': 1, 'FAILED': 0}
2026-08-18 16:21:02,847 INFO Processing completed: Screenshot 2026-08-18 162054.png
2026-08-18 16:34:05,504 INFO Image detected: Screenshot 2026-08-18 163405.png (size: 31152 bytes)
2026-08-18 16:34:05,508 INFO IMAGE STABILITY CHECK: Screenshot 2026-08-18 163405.png (SIZE=31152)
2026-08-18 16:34:06,030 INFO IMAGE DECODE OK: Screenshot 2026-08-18 163405.png
2026-08-18 16:34:06,030 INFO Image ready: Screenshot 2026-08-18 163405.png (file stable and readable)
2026-08-18 16:34:06,030 INFO Processing started: Screenshot 2026-08-18 163405.png
2026-08-18 16:34:06,902 INFO OCR variant A on Screenshot 2026-08-18 163405.png: records=1 mean_confidence=73.7
2026-08-18 16:34:07,382 INFO OCR variant B on Screenshot 2026-08-18 163405.png: records=1 mean_confidence=69.9
2026-08-18 16:34:07,786 INFO OCR variant C on Screenshot 2026-08-18 163405.png: records=1 mean_confidence=69.8
2026-08-18 16:34:07,787 INFO Selected OCR variant A for Screenshot 2026-08-18 163405.png
2026-08-18 16:34:07,925 INFO FIELD REGION: Record=1 Field=Card Type Label='Card' Label bbox={'x': 365, 'y': 93, 'width': 33, 'height': 14} Value region={'x': 404, 'y': 92, 'width': 339, 'height': 18} Region confidence=0.95
2026-08-18 16:34:07,927 INFO FIELD OWNERSHIP: Record=1 Field=Mobile Model Tokens='Siemens $65'
2026-08-18 16:34:07,930 INFO FIELD OWNERSHIP: Record=1 Field=IMEI 1 Tokens='997985 - 47 - 110454 -1'
2026-08-18 16:34:07,931 INFO TARGETED OCR START: Record=1 Field=Postal Code Region={'x': 12, 'y': 53, 'width': 67, 'height': 14}
2026-08-18 16:34:08,305 INFO TARGETED OCR: Field=Postal Code Region={'x': 12, 'y': 53, 'width': 67, 'height': 14} Variant=3x_contrast PSM=7 Whitelist=False Result='WR7 4HD' Candidate='WR7 4HD' Valid=True Conf=84.0
2026-08-18 16:34:08,492 INFO TARGETED OCR: Field=Postal Code Region={'x': 12, 'y': 53, 'width': 67, 'height': 14} Variant=3x_contrast PSM=8 Whitelist=False Result='WRT 4HD' Candidate='WRT 4HD' Valid=False Conf=76.0
2026-08-18 16:34:08,752 INFO TARGETED OCR: Field=Postal Code Region={'x': 12, 'y': 53, 'width': 67, 'height': 14} Variant=3x_contrast PSM=6 Whitelist=False Result='WR7 4HD' Candidate='WR7 4HD' Valid=True Conf=84.0
2026-08-18 16:34:08,908 INFO TARGETED OCR: Field=Postal Code Region={'x': 12, 'y': 53, 'width': 67, 'height': 14} Variant=3x_contrast PSM=13 Whitelist=False Result='WRT 4HD' Candidate='WRT 4HD' Valid=False Conf=76.0
2026-08-18 16:34:09,109 INFO TARGETED OCR: Field=Postal Code Region={'x': 12, 'y': 53, 'width': 67, 'height': 14} Variant=4x_contrast PSM=7 Whitelist=False Result='WR7 4HD' Candidate='WR7 4HD' Valid=True Conf=85.0
2026-08-18 16:34:09,303 INFO TARGETED OCR: Field=Postal Code Region={'x': 12, 'y': 53, 'width': 67, 'height': 14} Variant=4x_contrast PSM=8 Whitelist=False Result='WR7 GHD' Candidate='WR7 GHD' Valid=False Conf=14.5
2026-08-18 16:34:09,477 INFO TARGETED OCR: Field=Postal Code Region={'x': 12, 'y': 53, 'width': 67, 'height': 14} Variant=4x_contrast PSM=6 Whitelist=False Result='WR7 4HD' Candidate='WR7 4HD' Valid=True Conf=85.0
2026-08-18 16:34:09,628 INFO TARGETED OCR: Field=Postal Code Region={'x': 12, 'y': 53, 'width': 67, 'height': 14} Variant=4x_contrast PSM=13 Whitelist=False Result='WR7 GHD' Candidate='WR7 GHD' Valid=False Conf=14.5
2026-08-18 16:34:09,783 INFO TARGETED OCR: Field=Postal Code Region={'x': 12, 'y': 53, 'width': 67, 'height': 14} Variant=4x_otsu PSM=7 Whitelist=False Result='WR7 4HD' Candidate='WR7 4HD' Valid=True Conf=87.0
2026-08-18 16:34:09,949 INFO TARGETED OCR: Field=Postal Code Region={'x': 12, 'y': 53, 'width': 67, 'height': 14} Variant=4x_otsu PSM=8 Whitelist=False Result='WRT GHD' Candidate='WRT GHD' Valid=False Conf=41.5
2026-08-18 16:34:10,106 INFO TARGETED OCR: Field=Postal Code Region={'x': 12, 'y': 53, 'width': 67, 'height': 14} Variant=4x_otsu PSM=6 Whitelist=False Result='WR7 4HD' Candidate='WR7 4HD' Valid=True Conf=87.0
2026-08-18 16:34:10,286 INFO TARGETED OCR: Field=Postal Code Region={'x': 12, 'y': 53, 'width': 67, 'height': 14} Variant=4x_otsu PSM=13 Whitelist=False Result='WRT GHD' Candidate='WRT GHD' Valid=False Conf=41.5
2026-08-18 16:34:10,460 INFO TARGETED OCR: Field=Postal Code Region={'x': 12, 'y': 53, 'width': 67, 'height': 14} Variant=3x_adaptive PSM=7 Whitelist=False Result='WR7 4HD' Candidate='WR7 4HD' Valid=True Conf=87.5
2026-08-18 16:34:10,613 INFO TARGETED OCR: Field=Postal Code Region={'x': 12, 'y': 53, 'width': 67, 'height': 14} Variant=3x_adaptive PSM=8 Whitelist=False Result='WRT GHD' Candidate='WRT GHD' Valid=False Conf=39.5
2026-08-18 16:34:10,755 INFO TARGETED OCR: Field=Postal Code Region={'x': 12, 'y': 53, 'width': 67, 'height': 14} Variant=3x_adaptive PSM=6 Whitelist=False Result='WR7 4HD' Candidate='WR7 4HD' Valid=True Conf=87.5
2026-08-18 16:34:10,895 INFO TARGETED OCR: Field=Postal Code Region={'x': 12, 'y': 53, 'width': 67, 'height': 14} Variant=3x_adaptive PSM=13 Whitelist=False Result='WRT GHD' Candidate='WRT GHD' Valid=False Conf=39.5
2026-08-18 16:34:10,895 INFO CONSENSUS: Field=Postal Code Candidate=WR7 4HD Votes=8 Confidence=85.9
2026-08-18 16:34:10,896 INFO TARGETED OCR ACCEPTED: Record=1 Field=Postal Code Value='WR7 4HD' Conf=85.9 Decision=ACCEPTED_POSTCODE
2026-08-18 16:34:10,896 INFO TARGETED OCR START: Record=1 Field=Reference No Region={'x': 382, 'y': 53, 'width': 155, 'height': 14}
2026-08-18 16:34:11,070 INFO TARGETED OCR: Field=Reference No Region={'x': 382, 'y': 53, 'width': 155, 'height': 14} Variant=3x_contrast PSM=7 Whitelist=False Result='T-M232Zv:+#!%k97508' Candidate='T-M232Zv:+#!%k97508' Valid=True Conf=50.0
2026-08-18 16:34:11,228 INFO TARGETED OCR: Field=Reference No Region={'x': 382, 'y': 53, 'width': 155, 'height': 14} Variant=3x_contrast PSM=8 Whitelist=False Result='T-M232v-+#!%k97508°' Candidate='T-M232v-+#!%k97508°' Valid=True Conf=0.0
2026-08-18 16:34:11,375 INFO TARGETED OCR: Field=Reference No Region={'x': 382, 'y': 53, 'width': 155, 'height': 14} Variant=3x_contrast PSM=6 Whitelist=False Result='T-M232Zv:+#!%k97508' Candidate='T-M232Zv:+#!%k97508' Valid=True Conf=50.0
2026-08-18 16:34:11,543 INFO TARGETED OCR: Field=Reference No Region={'x': 382, 'y': 53, 'width': 155, 'height': 14} Variant=3x_contrast PSM=13 Whitelist=False Result='T-M232v-+#!%k97508°' Candidate='T-M232v-+#!%k97508°' Valid=True Conf=0.0
2026-08-18 16:34:11,712 INFO TARGETED OCR: Field=Reference No Region={'x': 382, 'y': 53, 'width': 155, 'height': 14} Variant=4x_contrast PSM=7 Whitelist=False Result='T-M232Zv:+#!%k97508' Candidate='T-M232Zv:+#!%k97508' Valid=True Conf=56.0
2026-08-18 16:34:11,893 INFO TARGETED OCR: Field=Reference No Region={'x': 382, 'y': 53, 'width': 155, 'height': 14} Variant=4x_contrast PSM=8 Whitelist=False Result='T-M232v-+#1%k97508°' Candidate='T-M232v-+#1%k97508°' Valid=True Conf=0.0
2026-08-18 16:34:12,068 INFO TARGETED OCR: Field=Reference No Region={'x': 382, 'y': 53, 'width': 155, 'height': 14} Variant=4x_contrast PSM=6 Whitelist=False Result='T-M232Zv:+#!%k97508' Candidate='T-M232Zv:+#!%k97508' Valid=True Conf=56.0
2026-08-18 16:34:12,239 INFO TARGETED OCR: Field=Reference No Region={'x': 382, 'y': 53, 'width': 155, 'height': 14} Variant=4x_contrast PSM=13 Whitelist=False Result='T-M232v-+#1%k97508°' Candidate='T-M232v-+#1%k97508°' Valid=True Conf=0.0
2026-08-18 16:34:12,417 INFO TARGETED OCR: Field=Reference No Region={'x': 382, 'y': 53, 'width': 155, 'height': 14} Variant=4x_otsu PSM=7 Whitelist=False Result='T-M232v:+#!%k97508' Candidate='T-M232v:+#!%k97508' Valid=True Conf=72.0
2026-08-18 16:34:12,581 INFO TARGETED OCR: Field=Reference No Region={'x': 382, 'y': 53, 'width': 155, 'height': 14} Variant=4x_otsu PSM=8 Whitelist=False Result='T-M232v-+#!%k97508' Candidate='T-M232v-+#!%k97508' Valid=True Conf=0.0
2026-08-18 16:34:12,740 INFO TARGETED OCR: Field=Reference No Region={'x': 382, 'y': 53, 'width': 155, 'height': 14} Variant=4x_otsu PSM=6 Whitelist=False Result='T-M232v:+#!%k97508' Candidate='T-M232v:+#!%k97508' Valid=True Conf=72.0
2026-08-18 16:34:12,895 INFO TARGETED OCR: Field=Reference No Region={'x': 382, 'y': 53, 'width': 155, 'height': 14} Variant=4x_otsu PSM=13 Whitelist=False Result='T-M232v-+#!%k97508' Candidate='T-M232v-+#!%k97508' Valid=True Conf=0.0
2026-08-18 16:34:13,107 INFO TARGETED OCR: Field=Reference No Region={'x': 382, 'y': 53, 'width': 155, 'height': 14} Variant=3x_adaptive PSM=7 Whitelist=False Result='T-M232Zv:+#!%k97508' Candidate='T-M232Zv:+#!%k97508' Valid=True Conf=63.0
2026-08-18 16:34:13,271 INFO TARGETED OCR: Field=Reference No Region={'x': 382, 'y': 53, 'width': 155, 'height': 14} Variant=3x_adaptive PSM=8 Whitelist=False Result='T-M232v:+#!%k97508' Candidate='T-M232v:+#!%k97508' Valid=True Conf=17.0
2026-08-18 16:34:13,435 INFO TARGETED OCR: Field=Reference No Region={'x': 382, 'y': 53, 'width': 155, 'height': 14} Variant=3x_adaptive PSM=6 Whitelist=False Result='T-M232Zv:+#!%k97508' Candidate='T-M232Zv:+#!%k97508' Valid=True Conf=63.0
2026-08-18 16:34:13,597 INFO TARGETED OCR: Field=Reference No Region={'x': 382, 'y': 53, 'width': 155, 'height': 14} Variant=3x_adaptive PSM=13 Whitelist=False Result='T-M232v:+#!%k97508' Candidate='T-M232v:+#!%k97508' Valid=True Conf=17.0
2026-08-18 16:34:13,598 INFO TARGETED OCR ACCEPTED: Record=1 Field=Reference No Value='T-M232Zv:+#!%k97508' Conf=56.3 Decision=ACCEPTED_CONSENSUS
2026-08-18 16:34:13,598 INFO TARGETED OCR START: Record=1 Field=SIM No Region={'x': 561, 'y': 53, 'width': 158, 'height': 18}
2026-08-18 16:34:13,763 INFO TARGETED OCR: Field=SIM No Region={'x': 561, 'y': 53, 'width': 158, 'height': 18} Variant=3x_contrast PSM=7 Whitelist=False Result='BLCgcE137879710T167' Candidate='BLCgcE137879710T167' Valid=True Conf=71.0
2026-08-18 16:34:13,912 INFO TARGETED OCR: Field=SIM No Region={'x': 561, 'y': 53, 'width': 158, 'height': 18} Variant=3x_contrast PSM=8 Whitelist=False Result='BLCgcE1378797 107167' Candidate='BLCgcE1378797 107167' Valid=True Conf=0.0
2026-08-18 16:34:14,080 INFO TARGETED OCR: Field=SIM No Region={'x': 561, 'y': 53, 'width': 158, 'height': 18} Variant=3x_contrast PSM=6 Whitelist=False Result='BLCgcE137879710T167' Candidate='BLCgcE137879710T167' Valid=True Conf=71.0
2026-08-18 16:34:14,240 INFO TARGETED OCR: Field=SIM No Region={'x': 561, 'y': 53, 'width': 158, 'height': 18} Variant=3x_contrast PSM=13 Whitelist=False Result='BLCgcE1378797 107167' Candidate='BLCgcE1378797 107167' Valid=True Conf=0.0
2026-08-18 16:34:14,426 INFO TARGETED OCR: Field=SIM No Region={'x': 561, 'y': 53, 'width': 158, 'height': 18} Variant=4x_contrast PSM=7 Whitelist=False Result='BLCgcE137879710T167' Candidate='BLCgcE137879710T167' Valid=True Conf=78.0
2026-08-18 16:34:14,594 INFO TARGETED OCR: Field=SIM No Region={'x': 561, 'y': 53, 'width': 158, 'height': 18} Variant=4x_contrast PSM=8 Whitelist=False Result='BLCgcE1378797 107167.' Candidate='BLCgcE1378797 107167.' Valid=True Conf=0.0
2026-08-18 16:34:14,749 INFO TARGETED OCR: Field=SIM No Region={'x': 561, 'y': 53, 'width': 158, 'height': 18} Variant=4x_contrast PSM=6 Whitelist=False Result='BLCgcE137879710T167' Candidate='BLCgcE137879710T167' Valid=True Conf=78.0
2026-08-18 16:34:14,930 INFO TARGETED OCR: Field=SIM No Region={'x': 561, 'y': 53, 'width': 158, 'height': 18} Variant=4x_contrast PSM=13 Whitelist=False Result='BLCgcE1378797 107167.' Candidate='BLCgcE1378797 107167.' Valid=True Conf=0.0
2026-08-18 16:34:15,086 INFO TARGETED OCR: Field=SIM No Region={'x': 561, 'y': 53, 'width': 158, 'height': 18} Variant=4x_otsu PSM=7 Whitelist=False Result='BLCgcE137879710T167' Candidate='BLCgcE137879710T167' Valid=True Conf=61.0
2026-08-18 16:34:15,250 INFO TARGETED OCR: Field=SIM No Region={'x': 561, 'y': 53, 'width': 158, 'height': 18} Variant=4x_otsu PSM=8 Whitelist=False Result='BLCgcE1378797 107167.' Candidate='BLCgcE1378797 107167.' Valid=True Conf=0.0
2026-08-18 16:34:15,398 INFO TARGETED OCR: Field=SIM No Region={'x': 561, 'y': 53, 'width': 158, 'height': 18} Variant=4x_otsu PSM=6 Whitelist=False Result='BLCgcE137879710T167' Candidate='BLCgcE137879710T167' Valid=True Conf=61.0
2026-08-18 16:34:15,547 INFO TARGETED OCR: Field=SIM No Region={'x': 561, 'y': 53, 'width': 158, 'height': 18} Variant=4x_otsu PSM=13 Whitelist=False Result='BLCgcE1378797 107167.' Candidate='BLCgcE1378797 107167.' Valid=True Conf=0.0
2026-08-18 16:34:15,714 INFO TARGETED OCR: Field=SIM No Region={'x': 561, 'y': 53, 'width': 158, 'height': 18} Variant=3x_adaptive PSM=7 Whitelist=False Result='BLCgcE137879710T167' Candidate='BLCgcE137879710T167' Valid=True Conf=30.0
2026-08-18 16:34:15,875 INFO TARGETED OCR: Field=SIM No Region={'x': 561, 'y': 53, 'width': 158, 'height': 18} Variant=3x_adaptive PSM=8 Whitelist=False Result='BLCgcE1378797 107167' Candidate='BLCgcE1378797 107167' Valid=True Conf=0.0
2026-08-18 16:34:16,040 INFO TARGETED OCR: Field=SIM No Region={'x': 561, 'y': 53, 'width': 158, 'height': 18} Variant=3x_adaptive PSM=6 Whitelist=False Result='BLCgcE137879710T167' Candidate='BLCgcE137879710T167' Valid=True Conf=30.0
2026-08-18 16:34:16,192 INFO TARGETED OCR: Field=SIM No Region={'x': 561, 'y': 53, 'width': 158, 'height': 18} Variant=3x_adaptive PSM=13 Whitelist=False Result='BLCgcE1378797 107167' Candidate='BLCgcE1378797 107167' Valid=True Conf=0.0
2026-08-18 16:34:16,193 INFO TARGETED OCR ACCEPTED: Record=1 Field=SIM No Value='BLCgcE137879710T167' Conf=60.0 Decision=ACCEPTED_CONSENSUS
2026-08-18 16:34:16,194 INFO TARGETED OCR START: Record=1 Field=IMEI 2 Region={'x': 12, 'y': 92, 'width': 189, 'height': 18}
2026-08-18 16:34:16,359 INFO TARGETED OCR: Field=IMEI 2 Region={'x': 12, 'y': 92, 'width': 189, 'height': 18} Variant=3x_contrast PSM=7 Whitelist=False Result='*hoth - #! - 135800 - 5' Candidate='*hoth - #! - 135800 - 5' Valid=True Conf=77.5
2026-08-18 16:34:16,500 INFO TARGETED OCR: Field=IMEI 2 Region={'x': 12, 'y': 92, 'width': 189, 'height': 18} Variant=3x_contrast PSM=8 Whitelist=False Result='*%%SH% - #1 - 135800 - 5' Candidate='*%%SH% - #1 - 135800 - 5' Valid=True Conf=65.0
2026-08-18 16:34:16,648 INFO TARGETED OCR: Field=IMEI 2 Region={'x': 12, 'y': 92, 'width': 189, 'height': 18} Variant=3x_contrast PSM=6 Whitelist=False Result='*hoth - #! - 135800 - 5' Candidate='*hoth - #! - 135800 - 5' Valid=True Conf=77.5
2026-08-18 16:34:16,805 INFO TARGETED OCR: Field=IMEI 2 Region={'x': 12, 'y': 92, 'width': 189, 'height': 18} Variant=3x_contrast PSM=13 Whitelist=False Result='*%%SH% - #1 - 135800 - 5' Candidate='*%%SH% - #1 - 135800 - 5' Valid=True Conf=65.0
2026-08-18 16:34:16,963 INFO TARGETED OCR: Field=IMEI 2 Region={'x': 12, 'y': 92, 'width': 189, 'height': 18} Variant=4x_contrast PSM=7 Whitelist=False Result='"woth - #! - 135800 - 5' Candidate='"woth - #! - 135800 - 5' Valid=True Conf=73.7
2026-08-18 16:34:17,139 INFO TARGETED OCR: Field=IMEI 2 Region={'x': 12, 'y': 92, 'width': 189, 'height': 18} Variant=4x_contrast PSM=8 Whitelist=False Result='*%%SH% - H! - 135800 - 5' Candidate='*%%SH% - H! - 135800 - 5' Valid=True Conf=74.3
2026-08-18 16:34:17,318 INFO TARGETED OCR: Field=IMEI 2 Region={'x': 12, 'y': 92, 'width': 189, 'height': 18} Variant=4x_contrast PSM=6 Whitelist=False Result='"woth - #! - 135800 - 5' Candidate='"woth - #! - 135800 - 5' Valid=True Conf=73.7
2026-08-18 16:34:17,482 INFO TARGETED OCR: Field=IMEI 2 Region={'x': 12, 'y': 92, 'width': 189, 'height': 18} Variant=4x_contrast PSM=13 Whitelist=False Result='*%%SH% - H! - 135800 - 5' Candidate='*%%SH% - H! - 135800 - 5' Valid=True Conf=74.3
2026-08-18 16:34:17,649 INFO TARGETED OCR: Field=IMEI 2 Region={'x': 12, 'y': 92, 'width': 189, 'height': 18} Variant=4x_otsu PSM=7 Whitelist=False Result='**hO#% - #! - 135800 - 5' Candidate='**hO#% - #! - 135800 - 5' Valid=True Conf=83.7
2026-08-18 16:34:17,798 INFO TARGETED OCR: Field=IMEI 2 Region={'x': 12, 'y': 92, 'width': 189, 'height': 18} Variant=4x_otsu PSM=8 Whitelist=False Result='*%%SH% - #1 - 135800 - 5' Candidate='*%%SH% - #1 - 135800 - 5' Valid=True Conf=60.3
2026-08-18 16:34:17,961 INFO TARGETED OCR: Field=IMEI 2 Region={'x': 12, 'y': 92, 'width': 189, 'height': 18} Variant=4x_otsu PSM=6 Whitelist=False Result='**hO#% - #! - 135800 - 5' Candidate='**hO#% - #! - 135800 - 5' Valid=True Conf=83.7
2026-08-18 16:34:18,110 INFO TARGETED OCR: Field=IMEI 2 Region={'x': 12, 'y': 92, 'width': 189, 'height': 18} Variant=4x_otsu PSM=13 Whitelist=False Result='*%%SH% - #1 - 135800 - 5' Candidate='*%%SH% - #1 - 135800 - 5' Valid=True Conf=60.3
2026-08-18 16:34:18,270 INFO TARGETED OCR: Field=IMEI 2 Region={'x': 12, 'y': 92, 'width': 189, 'height': 18} Variant=3x_adaptive PSM=7 Whitelist=False Result='*AYSHY - #1 - 135800 - 5' Candidate='*AYSHY - #1 - 135800 - 5' Valid=True Conf=76.0
2026-08-18 16:34:18,473 INFO TARGETED OCR: Field=IMEI 2 Region={'x': 12, 'y': 92, 'width': 189, 'height': 18} Variant=3x_adaptive PSM=8 Whitelist=False Result='*%%SH% - #1 - 135800 - 5' Candidate='*%%SH% - #1 - 135800 - 5' Valid=True Conf=73.1
2026-08-18 16:34:18,649 INFO TARGETED OCR: Field=IMEI 2 Region={'x': 12, 'y': 92, 'width': 189, 'height': 18} Variant=3x_adaptive PSM=6 Whitelist=False Result='*AYSHY - #1 - 135800 - 5' Candidate='*AYSHY - #1 - 135800 - 5' Valid=True Conf=76.0
2026-08-18 16:34:18,806 INFO TARGETED OCR: Field=IMEI 2 Region={'x': 12, 'y': 92, 'width': 189, 'height': 18} Variant=3x_adaptive PSM=13 Whitelist=False Result='*%%SH% - #1 - 135800 - 5' Candidate='*%%SH% - #1 - 135800 - 5' Valid=True Conf=73.1
2026-08-18 16:34:18,807 INFO TARGETED OCR ACCEPTED: Record=1 Field=IMEI 2 Value='*%%SH% - #1 - 135800 - 5' Conf=66.1 Decision=ACCEPTED_CONSENSUS
2026-08-18 16:34:18,808 INFO TARGETED OCR START: Record=1 Field=Plan Type Region={'x': 217, 'y': 93, 'width': 73, 'height': 14}
2026-08-18 16:34:18,963 INFO TARGETED OCR: Field=Plan Type Region={'x': 217, 'y': 93, 'width': 73, 'height': 14} Variant=3x_contrast PSM=7 Whitelist=False Result='Ultra Plus' Candidate='Ultra Plus' Valid=True Conf=95.5
2026-08-18 16:34:19,104 INFO TARGETED OCR: Field=Plan Type Region={'x': 217, 'y': 93, 'width': 73, 'height': 14} Variant=3x_contrast PSM=8 Whitelist=False Result='‘Ultra Plus' Candidate='‘Ultra Plus' Valid=True Conf=74.0
2026-08-18 16:34:19,249 INFO TARGETED OCR: Field=Plan Type Region={'x': 217, 'y': 93, 'width': 73, 'height': 14} Variant=3x_contrast PSM=6 Whitelist=False Result='Ultra Plus' Candidate='Ultra Plus' Valid=True Conf=95.5
2026-08-18 16:34:19,387 INFO TARGETED OCR: Field=Plan Type Region={'x': 217, 'y': 93, 'width': 73, 'height': 14} Variant=3x_contrast PSM=13 Whitelist=False Result='‘Ultra Plus' Candidate='‘Ultra Plus' Valid=True Conf=74.0
2026-08-18 16:34:19,536 INFO TARGETED OCR: Field=Plan Type Region={'x': 217, 'y': 93, 'width': 73, 'height': 14} Variant=4x_contrast PSM=7 Whitelist=False Result='Ultra Plus' Candidate='Ultra Plus' Valid=True Conf=95.5
2026-08-18 16:34:19,675 INFO TARGETED OCR: Field=Plan Type Region={'x': 217, 'y': 93, 'width': 73, 'height': 14} Variant=4x_contrast PSM=8 Whitelist=False Result='‘Ultra Plus' Candidate='‘Ultra Plus' Valid=True Conf=78.0
2026-08-18 16:34:19,815 INFO TARGETED OCR: Field=Plan Type Region={'x': 217, 'y': 93, 'width': 73, 'height': 14} Variant=4x_contrast PSM=6 Whitelist=False Result='Ultra Plus' Candidate='Ultra Plus' Valid=True Conf=95.5
2026-08-18 16:34:19,969 INFO TARGETED OCR: Field=Plan Type Region={'x': 217, 'y': 93, 'width': 73, 'height': 14} Variant=4x_contrast PSM=13 Whitelist=False Result='‘Ultra Plus' Candidate='‘Ultra Plus' Valid=True Conf=78.0
2026-08-18 16:34:20,127 INFO TARGETED OCR: Field=Plan Type Region={'x': 217, 'y': 93, 'width': 73, 'height': 14} Variant=4x_otsu PSM=7 Whitelist=False Result='Ultra Plus' Candidate='Ultra Plus' Valid=True Conf=96.0
2026-08-18 16:34:20,288 INFO TARGETED OCR: Field=Plan Type Region={'x': 217, 'y': 93, 'width': 73, 'height': 14} Variant=4x_otsu PSM=8 Whitelist=False Result='‘Ultra Plus' Candidate='‘Ultra Plus' Valid=True Conf=72.0
2026-08-18 16:34:20,443 INFO TARGETED OCR: Field=Plan Type Region={'x': 217, 'y': 93, 'width': 73, 'height': 14} Variant=4x_otsu PSM=6 Whitelist=False Result='Ultra Plus' Candidate='Ultra Plus' Valid=True Conf=96.0
2026-08-18 16:34:20,600 INFO TARGETED OCR: Field=Plan Type Region={'x': 217, 'y': 93, 'width': 73, 'height': 14} Variant=4x_otsu PSM=13 Whitelist=False Result='‘Ultra Plus' Candidate='‘Ultra Plus' Valid=True Conf=72.0
2026-08-18 16:34:20,798 INFO TARGETED OCR: Field=Plan Type Region={'x': 217, 'y': 93, 'width': 73, 'height': 14} Variant=3x_adaptive PSM=7 Whitelist=False Result='Ultra Plus' Candidate='Ultra Plus' Valid=True Conf=96.0
2026-08-18 16:34:20,965 INFO TARGETED OCR: Field=Plan Type Region={'x': 217, 'y': 93, 'width': 73, 'height': 14} Variant=3x_adaptive PSM=8 Whitelist=False Result='‘Ultra Plus' Candidate='‘Ultra Plus' Valid=True Conf=77.0
2026-08-18 16:34:21,126 INFO TARGETED OCR: Field=Plan Type Region={'x': 217, 'y': 93, 'width': 73, 'height': 14} Variant=3x_adaptive PSM=6 Whitelist=False Result='Ultra Plus' Candidate='Ultra Plus' Valid=True Conf=96.0
2026-08-18 16:34:21,315 INFO TARGETED OCR: Field=Plan Type Region={'x': 217, 'y': 93, 'width': 73, 'height': 14} Variant=3x_adaptive PSM=13 Whitelist=False Result='‘Ultra Plus' Candidate='‘Ultra Plus' Valid=True Conf=77.0
2026-08-18 16:34:21,315 INFO TARGETED OCR ACCEPTED: Record=1 Field=Plan Type Value='Ultra Plus' Conf=95.8 Decision=ACCEPTED_CONSENSUS
2026-08-18 16:34:21,316 INFO RECORD 1 STATUS: VALIDATED
2026-08-18 16:34:21,347 INFO Processed Screenshot 2026-08-18 163405.png (File No 186): {'VALIDATED': 1, 'REVIEW_REQUIRED': 0, 'FAILED': 0}
2026-08-18 16:34:21,348 INFO Processing completed: Screenshot 2026-08-18 163405.png
2026-08-18 17:22:31,946 INFO Image detected: Screenshot 2026-08-18 172231.png (size: 0 bytes)
2026-08-18 17:22:31,956 INFO IMAGE WAITING FOR FILE CONTENT: Screenshot 2026-08-18 172231.png (SIZE=0)
2026-08-18 17:22:32,459 INFO IMAGE STABILITY CHECK: Screenshot 2026-08-18 172231.png (SIZE=29037)
2026-08-18 17:22:32,984 INFO IMAGE DECODE OK: Screenshot 2026-08-18 172231.png
2026-08-18 17:22:32,985 INFO Image ready: Screenshot 2026-08-18 172231.png (file stable and readable)
2026-08-18 17:22:32,986 INFO Processing started: Screenshot 2026-08-18 172231.png
2026-08-18 17:22:33,806 INFO OCR variant A on Screenshot 2026-08-18 172231.png: records=1 mean_confidence=76.6
2026-08-18 17:22:34,391 INFO OCR variant B on Screenshot 2026-08-18 172231.png: records=1 mean_confidence=74.3
2026-08-18 17:22:34,962 INFO OCR variant C on Screenshot 2026-08-18 172231.png: records=1 mean_confidence=76.6
2026-08-18 17:22:34,962 INFO Selected OCR variant C for Screenshot 2026-08-18 172231.png
2026-08-18 17:22:35,065 INFO FIELD REGION: Record=1 Field=Card Type Label='Card' Label bbox={'x': 611, 'y': 91, 'width': 33, 'height': 14} Value region={'x': 651, 'y': 90, 'width': 281, 'height': 18} Region confidence=0.95
2026-08-18 17:22:35,065 INFO FIELD OWNERSHIP: Record=1 Field=Mobile Model Tokens='Nokia 2260'
2026-08-18 17:22:35,065 INFO FIELD OWNERSHIP: Record=1 Field=IMEI 1 Tokens='099917 -14-900554-2'
2026-08-18 17:22:35,067 INFO TARGETED OCR START: Record=1 Field=Last Name Region={'x': 105, 'y': 12, 'width': 59, 'height': 14}
2026-08-18 17:22:35,355 INFO TARGETED OCR: Field=Last Name Region={'x': 105, 'y': 12, 'width': 59, 'height': 14} Variant=3x_contrast PSM=7 Whitelist=False Result='Askham' Candidate='Askham' Valid=True Conf=91.0
2026-08-18 17:22:35,537 INFO TARGETED OCR: Field=Last Name Region={'x': 105, 'y': 12, 'width': 59, 'height': 14} Variant=3x_contrast PSM=7 Whitelist=True Result='Askham' Candidate='Askham' Valid=True Conf=91.0
2026-08-18 17:22:35,710 INFO TARGETED OCR: Field=Last Name Region={'x': 105, 'y': 12, 'width': 59, 'height': 14} Variant=3x_contrast PSM=8 Whitelist=False Result='‘Askham' Candidate='‘Askham' Valid=True Conf=0.0
2026-08-18 17:22:35,877 INFO TARGETED OCR: Field=Last Name Region={'x': 105, 'y': 12, 'width': 59, 'height': 14} Variant=3x_contrast PSM=8 Whitelist=True Result='Askham' Candidate='Askham' Valid=True Conf=12.0
2026-08-18 17:22:36,080 INFO TARGETED OCR: Field=Last Name Region={'x': 105, 'y': 12, 'width': 59, 'height': 14} Variant=3x_contrast PSM=6 Whitelist=False Result='Askham' Candidate='Askham' Valid=True Conf=91.0
2026-08-18 17:22:36,265 INFO TARGETED OCR: Field=Last Name Region={'x': 105, 'y': 12, 'width': 59, 'height': 14} Variant=3x_contrast PSM=6 Whitelist=True Result='Askham' Candidate='Askham' Valid=True Conf=91.0
2026-08-18 17:22:36,509 INFO TARGETED OCR: Field=Last Name Region={'x': 105, 'y': 12, 'width': 59, 'height': 14} Variant=3x_contrast PSM=13 Whitelist=False Result='‘Askham' Candidate='‘Askham' Valid=True Conf=0.0
2026-08-18 17:22:36,793 INFO TARGETED OCR: Field=Last Name Region={'x': 105, 'y': 12, 'width': 59, 'height': 14} Variant=3x_contrast PSM=13 Whitelist=True Result='Askham' Candidate='Askham' Valid=True Conf=12.0
2026-08-18 17:22:36,996 INFO TARGETED OCR: Field=Last Name Region={'x': 105, 'y': 12, 'width': 59, 'height': 14} Variant=4x_contrast PSM=7 Whitelist=False Result='Askham' Candidate='Askham' Valid=True Conf=91.0
2026-08-18 17:22:37,152 INFO TARGETED OCR: Field=Last Name Region={'x': 105, 'y': 12, 'width': 59, 'height': 14} Variant=4x_contrast PSM=7 Whitelist=True Result='Askham' Candidate='Askham' Valid=True Conf=91.0
2026-08-18 17:22:37,320 INFO TARGETED OCR: Field=Last Name Region={'x': 105, 'y': 12, 'width': 59, 'height': 14} Variant=4x_contrast PSM=8 Whitelist=False Result='‘Askham' Candidate='‘Askham' Valid=True Conf=5.0
2026-08-18 17:22:37,495 INFO TARGETED OCR: Field=Last Name Region={'x': 105, 'y': 12, 'width': 59, 'height': 14} Variant=4x_contrast PSM=8 Whitelist=True Result='Askham' Candidate='Askham' Valid=True Conf=0.0
2026-08-18 17:22:37,671 INFO TARGETED OCR: Field=Last Name Region={'x': 105, 'y': 12, 'width': 59, 'height': 14} Variant=4x_contrast PSM=6 Whitelist=False Result='Askham' Candidate='Askham' Valid=True Conf=91.0
2026-08-18 17:22:37,911 INFO TARGETED OCR: Field=Last Name Region={'x': 105, 'y': 12, 'width': 59, 'height': 14} Variant=4x_contrast PSM=6 Whitelist=True Result='Askham' Candidate='Askham' Valid=True Conf=91.0
2026-08-18 17:22:38,132 INFO TARGETED OCR: Field=Last Name Region={'x': 105, 'y': 12, 'width': 59, 'height': 14} Variant=4x_contrast PSM=13 Whitelist=False Result='‘Askham' Candidate='‘Askham' Valid=True Conf=5.0
2026-08-18 17:22:38,300 INFO TARGETED OCR: Field=Last Name Region={'x': 105, 'y': 12, 'width': 59, 'height': 14} Variant=4x_contrast PSM=13 Whitelist=True Result='Askham' Candidate='Askham' Valid=True Conf=0.0
2026-08-18 17:22:38,466 INFO TARGETED OCR: Field=Last Name Region={'x': 105, 'y': 12, 'width': 59, 'height': 14} Variant=4x_otsu PSM=7 Whitelist=False Result='Askham' Candidate='Askham' Valid=True Conf=92.0
2026-08-18 17:22:38,626 INFO TARGETED OCR: Field=Last Name Region={'x': 105, 'y': 12, 'width': 59, 'height': 14} Variant=4x_otsu PSM=7 Whitelist=True Result='Askham' Candidate='Askham' Valid=True Conf=92.0
2026-08-18 17:22:38,829 INFO TARGETED OCR: Field=Last Name Region={'x': 105, 'y': 12, 'width': 59, 'height': 14} Variant=4x_otsu PSM=8 Whitelist=False Result='Askham' Candidate='Askham' Valid=True Conf=17.0
2026-08-18 17:22:39,532 INFO TARGETED OCR: Field=Last Name Region={'x': 105, 'y': 12, 'width': 59, 'height': 14} Variant=4x_otsu PSM=8 Whitelist=True Result='Askham' Candidate='Askham' Valid=True Conf=17.0
2026-08-18 17:22:39,846 INFO TARGETED OCR: Field=Last Name Region={'x': 105, 'y': 12, 'width': 59, 'height': 14} Variant=4x_otsu PSM=6 Whitelist=False Result='Askham' Candidate='Askham' Valid=True Conf=92.0
2026-08-18 17:22:40,051 INFO TARGETED OCR: Field=Last Name Region={'x': 105, 'y': 12, 'width': 59, 'height': 14} Variant=4x_otsu PSM=6 Whitelist=True Result='Askham' Candidate='Askham' Valid=True Conf=92.0
2026-08-18 17:22:40,399 INFO TARGETED OCR: Field=Last Name Region={'x': 105, 'y': 12, 'width': 59, 'height': 14} Variant=4x_otsu PSM=13 Whitelist=False Result='Askham' Candidate='Askham' Valid=True Conf=17.0
2026-08-18 17:22:40,708 INFO TARGETED OCR: Field=Last Name Region={'x': 105, 'y': 12, 'width': 59, 'height': 14} Variant=4x_otsu PSM=13 Whitelist=True Result='Askham' Candidate='Askham' Valid=True Conf=17.0
2026-08-18 17:22:40,876 INFO TARGETED OCR: Field=Last Name Region={'x': 105, 'y': 12, 'width': 59, 'height': 14} Variant=3x_adaptive PSM=7 Whitelist=False Result='Askham' Candidate='Askham' Valid=True Conf=92.0
2026-08-18 17:22:41,050 INFO TARGETED OCR: Field=Last Name Region={'x': 105, 'y': 12, 'width': 59, 'height': 14} Variant=3x_adaptive PSM=7 Whitelist=True Result='Askham' Candidate='Askham' Valid=True Conf=92.0
2026-08-18 17:22:41,212 INFO TARGETED OCR: Field=Last Name Region={'x': 105, 'y': 12, 'width': 59, 'height': 14} Variant=3x_adaptive PSM=8 Whitelist=False Result='Askham' Candidate='Askham' Valid=True Conf=12.0
2026-08-18 17:22:41,379 INFO TARGETED OCR: Field=Last Name Region={'x': 105, 'y': 12, 'width': 59, 'height': 14} Variant=3x_adaptive PSM=8 Whitelist=True Result='Askham' Candidate='Askham' Valid=True Conf=12.0
2026-08-18 17:22:41,620 INFO TARGETED OCR: Field=Last Name Region={'x': 105, 'y': 12, 'width': 59, 'height': 14} Variant=3x_adaptive PSM=6 Whitelist=False Result='Askham' Candidate='Askham' Valid=True Conf=92.0
2026-08-18 17:22:41,880 INFO TARGETED OCR: Field=Last Name Region={'x': 105, 'y': 12, 'width': 59, 'height': 14} Variant=3x_adaptive PSM=6 Whitelist=True Result='Askham' Candidate='Askham' Valid=True Conf=92.0
2026-08-18 17:22:42,068 INFO TARGETED OCR: Field=Last Name Region={'x': 105, 'y': 12, 'width': 59, 'height': 14} Variant=3x_adaptive PSM=13 Whitelist=False Result='Askham' Candidate='Askham' Valid=True Conf=12.0
2026-08-18 17:22:42,225 INFO TARGETED OCR: Field=Last Name Region={'x': 105, 'y': 12, 'width': 59, 'height': 14} Variant=3x_adaptive PSM=13 Whitelist=True Result='Askham' Candidate='Askham' Valid=True Conf=12.0
2026-08-18 17:22:42,226 INFO TARGETED OCR ACCEPTED: Record=1 Field=Last Name Value='Askham' Conf=61.7 Decision=ACCEPTED_CONSENSUS
2026-08-18 17:22:42,226 INFO TARGETED OCR START: Record=1 Field=Email Region={'x': 184, 'y': 12, 'width': 224, 'height': 18}
2026-08-18 17:22:42,449 INFO TARGETED OCR: Field=Email Region={'x': 184, 'y': 12, 'width': 224, 'height': 18} Variant=3x_contrast PSM=7 Whitelist=False Result='laura.askham@btinternet.com' Candidate='laura.askham@btinternet.com' Valid=True Conf=91.0
2026-08-18 17:22:42,712 INFO TARGETED OCR: Field=Email Region={'x': 184, 'y': 12, 'width': 224, 'height': 18} Variant=3x_contrast PSM=8 Whitelist=False Result='laura.askham@btinternet.com' Candidate='laura.askham@btinternet.com' Valid=True Conf=77.0
2026-08-18 17:22:43,010 INFO TARGETED OCR: Field=Email Region={'x': 184, 'y': 12, 'width': 224, 'height': 18} Variant=3x_contrast PSM=6 Whitelist=False Result='laura.askham@btinternet.com' Candidate='laura.askham@btinternet.com' Valid=True Conf=91.0
2026-08-18 17:22:43,192 INFO TARGETED OCR: Field=Email Region={'x': 184, 'y': 12, 'width': 224, 'height': 18} Variant=3x_contrast PSM=13 Whitelist=False Result='laura.askham@btinternet.com' Candidate='laura.askham@btinternet.com' Valid=True Conf=77.0
2026-08-18 17:22:43,398 INFO TARGETED OCR: Field=Email Region={'x': 184, 'y': 12, 'width': 224, 'height': 18} Variant=4x_contrast PSM=7 Whitelist=False Result='laura.askham@btinternet.com' Candidate='laura.askham@btinternet.com' Valid=True Conf=90.0
2026-08-18 17:22:43,633 INFO TARGETED OCR: Field=Email Region={'x': 184, 'y': 12, 'width': 224, 'height': 18} Variant=4x_contrast PSM=8 Whitelist=False Result='laura.askham@btinternet.com' Candidate='laura.askham@btinternet.com' Valid=True Conf=72.0
2026-08-18 17:22:43,906 INFO TARGETED OCR: Field=Email Region={'x': 184, 'y': 12, 'width': 224, 'height': 18} Variant=4x_contrast PSM=6 Whitelist=False Result='laura.askham@btinternet.com' Candidate='laura.askham@btinternet.com' Valid=True Conf=90.0
2026-08-18 17:22:44,115 INFO TARGETED OCR: Field=Email Region={'x': 184, 'y': 12, 'width': 224, 'height': 18} Variant=4x_contrast PSM=13 Whitelist=False Result='laura.askham@btinternet.com' Candidate='laura.askham@btinternet.com' Valid=True Conf=72.0
2026-08-18 17:22:44,307 INFO TARGETED OCR: Field=Email Region={'x': 184, 'y': 12, 'width': 224, 'height': 18} Variant=4x_otsu PSM=7 Whitelist=False Result='laura.askham@btinternet.com' Candidate='laura.askham@btinternet.com' Valid=True Conf=92.0
2026-08-18 17:22:44,471 INFO TARGETED OCR: Field=Email Region={'x': 184, 'y': 12, 'width': 224, 'height': 18} Variant=4x_otsu PSM=8 Whitelist=False Result='laura.askham@btinternet.com' Candidate='laura.askham@btinternet.com' Valid=True Conf=70.0
2026-08-18 17:22:44,651 INFO TARGETED OCR: Field=Email Region={'x': 184, 'y': 12, 'width': 224, 'height': 18} Variant=4x_otsu PSM=6 Whitelist=False Result='laura.askham@btinternet.com' Candidate='laura.askham@btinternet.com' Valid=True Conf=92.0
2026-08-18 17:22:44,909 INFO TARGETED OCR: Field=Email Region={'x': 184, 'y': 12, 'width': 224, 'height': 18} Variant=4x_otsu PSM=13 Whitelist=False Result='laura.askham@btinternet.com' Candidate='laura.askham@btinternet.com' Valid=True Conf=70.0
2026-08-18 17:22:45,189 INFO TARGETED OCR: Field=Email Region={'x': 184, 'y': 12, 'width': 224, 'height': 18} Variant=3x_adaptive PSM=7 Whitelist=False Result='laura.askham@btinternet.com' Candidate='laura.askham@btinternet.com' Valid=True Conf=89.0
2026-08-18 17:22:45,376 INFO TARGETED OCR: Field=Email Region={'x': 184, 'y': 12, 'width': 224, 'height': 18} Variant=3x_adaptive PSM=8 Whitelist=False Result='laura.askham@btinternet.com' Candidate='laura.askham@btinternet.com' Valid=True Conf=73.0
2026-08-18 17:22:45,551 INFO TARGETED OCR: Field=Email Region={'x': 184, 'y': 12, 'width': 224, 'height': 18} Variant=3x_adaptive PSM=6 Whitelist=False Result='laura.askham@btinternet.com' Candidate='laura.askham@btinternet.com' Valid=True Conf=89.0
2026-08-18 17:22:45,732 INFO TARGETED OCR: Field=Email Region={'x': 184, 'y': 12, 'width': 224, 'height': 18} Variant=3x_adaptive PSM=13 Whitelist=False Result='laura.askham@btinternet.com' Candidate='laura.askham@btinternet.com' Valid=True Conf=73.0
2026-08-18 17:22:45,733 INFO TARGETED OCR ACCEPTED: Record=1 Field=Email Value='laura.askham@btinternet.com' Conf=81.8 Decision=ACCEPTED_CONSENSUS
2026-08-18 17:22:45,733 INFO TARGETED OCR START: Record=1 Field=Postal Code Region={'x': 134, 'y': 52, 'width': 65, 'height': 14}
2026-08-18 17:22:45,965 INFO TARGETED OCR: Field=Postal Code Region={'x': 134, 'y': 52, 'width': 65, 'height': 14} Variant=3x_contrast PSM=7 Whitelist=False Result='SP110JZ' Candidate='SP11 0JZ' Valid=True Conf=74.0
2026-08-18 17:22:46,188 INFO TARGETED OCR: Field=Postal Code Region={'x': 134, 'y': 52, 'width': 65, 'height': 14} Variant=3x_contrast PSM=8 Whitelist=False Result='SPH1OJZ' Candidate='SPH1OJZ' Valid=False Conf=1.0
2026-08-18 17:22:46,375 INFO TARGETED OCR: Field=Postal Code Region={'x': 134, 'y': 52, 'width': 65, 'height': 14} Variant=3x_contrast PSM=6 Whitelist=False Result='SP110JZ' Candidate='SP11 0JZ' Valid=True Conf=74.0
2026-08-18 17:22:46,523 INFO TARGETED OCR: Field=Postal Code Region={'x': 134, 'y': 52, 'width': 65, 'height': 14} Variant=3x_contrast PSM=13 Whitelist=False Result='SPH1OJZ' Candidate='SPH1OJZ' Valid=False Conf=1.0
2026-08-18 17:22:46,692 INFO TARGETED OCR: Field=Postal Code Region={'x': 134, 'y': 52, 'width': 65, 'height': 14} Variant=4x_contrast PSM=7 Whitelist=False Result='SP110J2' Candidate='SP11 0JZ' Valid=True Conf=72.0
2026-08-18 17:22:46,842 INFO TARGETED OCR: Field=Postal Code Region={'x': 134, 'y': 52, 'width': 65, 'height': 14} Variant=4x_contrast PSM=8 Whitelist=False Result='SPH1OJZ' Candidate='SPH1OJZ' Valid=False Conf=0.0
2026-08-18 17:22:46,992 INFO TARGETED OCR: Field=Postal Code Region={'x': 134, 'y': 52, 'width': 65, 'height': 14} Variant=4x_contrast PSM=6 Whitelist=False Result='SP110J2' Candidate='SP11 0JZ' Valid=True Conf=72.0
2026-08-18 17:22:47,179 INFO TARGETED OCR: Field=Postal Code Region={'x': 134, 'y': 52, 'width': 65, 'height': 14} Variant=4x_contrast PSM=13 Whitelist=False Result='SPH1OJZ' Candidate='SPH1OJZ' Valid=False Conf=0.0
2026-08-18 17:22:47,422 INFO TARGETED OCR: Field=Postal Code Region={'x': 134, 'y': 52, 'width': 65, 'height': 14} Variant=4x_otsu PSM=7 Whitelist=False Result='SPI10J2' Candidate='SP11 0JZ' Valid=True Conf=35.0
2026-08-18 17:22:47,648 INFO TARGETED OCR: Field=Postal Code Region={'x': 134, 'y': 52, 'width': 65, 'height': 14} Variant=4x_otsu PSM=8 Whitelist=False Result='SPIITOJZ' Candidate='SP11T 0JZ' Valid=True Conf=0.0
2026-08-18 17:22:47,797 INFO TARGETED OCR: Field=Postal Code Region={'x': 134, 'y': 52, 'width': 65, 'height': 14} Variant=4x_otsu PSM=6 Whitelist=False Result='SPI10J2' Candidate='SP11 0JZ' Valid=True Conf=35.0
2026-08-18 17:22:47,966 INFO TARGETED OCR: Field=Postal Code Region={'x': 134, 'y': 52, 'width': 65, 'height': 14} Variant=4x_otsu PSM=13 Whitelist=False Result='SPIITOJZ' Candidate='SP11T 0JZ' Valid=True Conf=0.0
2026-08-18 17:22:48,136 INFO TARGETED OCR: Field=Postal Code Region={'x': 134, 'y': 52, 'width': 65, 'height': 14} Variant=3x_adaptive PSM=7 Whitelist=False Result='SP110JZ' Candidate='SP11 0JZ' Valid=True Conf=86.0
2026-08-18 17:22:48,294 INFO TARGETED OCR: Field=Postal Code Region={'x': 134, 'y': 52, 'width': 65, 'height': 14} Variant=3x_adaptive PSM=8 Whitelist=False Result='SPI10JZ' Candidate='SP11 0JZ' Valid=True Conf=0.0
2026-08-18 17:22:48,478 INFO TARGETED OCR: Field=Postal Code Region={'x': 134, 'y': 52, 'width': 65, 'height': 14} Variant=3x_adaptive PSM=6 Whitelist=False Result='SP110JZ' Candidate='SP11 0JZ' Valid=True Conf=86.0
2026-08-18 17:22:48,727 INFO TARGETED OCR: Field=Postal Code Region={'x': 134, 'y': 52, 'width': 65, 'height': 14} Variant=3x_adaptive PSM=13 Whitelist=False Result='SPI10JZ' Candidate='SP11 0JZ' Valid=True Conf=0.0
2026-08-18 17:22:48,727 INFO CONSENSUS: Field=Postal Code Candidate=SP11 0JZ Votes=10 Confidence=66.8
2026-08-18 17:22:48,728 INFO TARGETED OCR ACCEPTED: Record=1 Field=Postal Code Value='SP11 0JZ' Conf=66.8 Decision=ACCEPTED_POSTCODE
2026-08-18 17:22:48,728 INFO TARGETED OCR START: Record=1 Field=File Ref Region={'x': 332, 'y': 52, 'width': 142, 'height': 14}
2026-08-18 17:22:48,981 INFO TARGETED OCR: Field=File Ref Region={'x': 332, 'y': 52, 'width': 142, 'height': 14} Variant=3x_contrast PSM=7 Whitelist=False Result='Gama - 827304692' Candidate='Gama - 827304692' Valid=True Conf=87.3
2026-08-18 17:22:49,145 INFO TARGETED OCR: Field=File Ref Region={'x': 332, 'y': 52, 'width': 142, 'height': 14} Variant=3x_contrast PSM=8 Whitelist=False Result='Gama - 827304692' Candidate='Gama - 827304692' Valid=True Conf=87.3
2026-08-18 17:22:49,315 INFO TARGETED OCR: Field=File Ref Region={'x': 332, 'y': 52, 'width': 142, 'height': 14} Variant=3x_contrast PSM=6 Whitelist=False Result='Gama - 827304692' Candidate='Gama - 827304692' Valid=True Conf=87.3
2026-08-18 17:22:49,481 INFO TARGETED OCR: Field=File Ref Region={'x': 332, 'y': 52, 'width': 142, 'height': 14} Variant=3x_contrast PSM=13 Whitelist=False Result='Gama - 827304692' Candidate='Gama - 827304692' Valid=True Conf=87.3
2026-08-18 17:22:49,652 INFO TARGETED OCR: Field=File Ref Region={'x': 332, 'y': 52, 'width': 142, 'height': 14} Variant=4x_contrast PSM=7 Whitelist=False Result='Gama - 827304692' Candidate='Gama - 827304692' Valid=True Conf=90.3
2026-08-18 17:22:49,823 INFO TARGETED OCR: Field=File Ref Region={'x': 332, 'y': 52, 'width': 142, 'height': 14} Variant=4x_contrast PSM=8 Whitelist=False Result='Gama - 827304692' Candidate='Gama - 827304692' Valid=True Conf=86.3
2026-08-18 17:22:50,090 INFO TARGETED OCR: Field=File Ref Region={'x': 332, 'y': 52, 'width': 142, 'height': 14} Variant=4x_contrast PSM=6 Whitelist=False Result='Gama - 827304692' Candidate='Gama - 827304692' Valid=True Conf=90.3
2026-08-18 17:22:50,320 INFO TARGETED OCR: Field=File Ref Region={'x': 332, 'y': 52, 'width': 142, 'height': 14} Variant=4x_contrast PSM=13 Whitelist=False Result='Gama - 827304692' Candidate='Gama - 827304692' Valid=True Conf=86.3
2026-08-18 17:22:50,482 INFO TARGETED OCR: Field=File Ref Region={'x': 332, 'y': 52, 'width': 142, 'height': 14} Variant=4x_otsu PSM=7 Whitelist=False Result='Gama - 827304692' Candidate='Gama - 827304692' Valid=True Conf=89.7
2026-08-18 17:22:50,630 INFO TARGETED OCR: Field=File Ref Region={'x': 332, 'y': 52, 'width': 142, 'height': 14} Variant=4x_otsu PSM=8 Whitelist=False Result='Gama - 927304692' Candidate='Gama - 927304692' Valid=True Conf=83.7
2026-08-18 17:22:50,789 INFO TARGETED OCR: Field=File Ref Region={'x': 332, 'y': 52, 'width': 142, 'height': 14} Variant=4x_otsu PSM=6 Whitelist=False Result='Gama - 827304692' Candidate='Gama - 827304692' Valid=True Conf=89.7
2026-08-18 17:22:50,945 INFO TARGETED OCR: Field=File Ref Region={'x': 332, 'y': 52, 'width': 142, 'height': 14} Variant=4x_otsu PSM=13 Whitelist=False Result='Gama - 927304692' Candidate='Gama - 927304692' Valid=True Conf=83.7
2026-08-18 17:22:51,173 INFO TARGETED OCR: Field=File Ref Region={'x': 332, 'y': 52, 'width': 142, 'height': 14} Variant=3x_adaptive PSM=7 Whitelist=False Result='Gama - 827304692' Candidate='Gama - 827304692' Valid=True Conf=90.7
2026-08-18 17:22:51,387 INFO TARGETED OCR: Field=File Ref Region={'x': 332, 'y': 52, 'width': 142, 'height': 14} Variant=3x_adaptive PSM=8 Whitelist=False Result='Gama - 827304692' Candidate='Gama - 827304692' Valid=True Conf=84.0
2026-08-18 17:22:51,543 INFO TARGETED OCR: Field=File Ref Region={'x': 332, 'y': 52, 'width': 142, 'height': 14} Variant=3x_adaptive PSM=6 Whitelist=False Result='Gama - 827304692' Candidate='Gama - 827304692' Valid=True Conf=90.7
2026-08-18 17:22:51,687 INFO TARGETED OCR: Field=File Ref Region={'x': 332, 'y': 52, 'width': 142, 'height': 14} Variant=3x_adaptive PSM=13 Whitelist=False Result='Gama - 827304692' Candidate='Gama - 827304692' Valid=True Conf=84.0
2026-08-18 17:22:51,687 INFO TARGETED OCR ACCEPTED: Record=1 Field=File Ref Value='Gama - 827304692' Conf=88.0 Decision=ACCEPTED_CONSENSUS
2026-08-18 17:22:51,688 INFO TARGETED OCR START: Record=1 Field=Reference No Region={'x': 498, 'y': 51, 'width': 158, 'height': 18}
2026-08-18 17:22:51,866 INFO TARGETED OCR: Field=Reference No Region={'x': 498, 'y': 51, 'width': 158, 'height': 18} Variant=3x_contrast PSM=7 Whitelist=False Result='T-M95ez|&1#&$U8376' Candidate='T-M95ez|&1#&$U8376' Valid=True Conf=39.0
2026-08-18 17:22:52,022 INFO TARGETED OCR: Field=Reference No Region={'x': 498, 'y': 51, 'width': 158, 'height': 18} Variant=3x_contrast PSM=8 Whitelist=False Result='‘T-M95ez|&1#6$U8376' Candidate='‘T-M95ez|&1#6$U8376' Valid=True Conf=0.0
2026-08-18 17:22:52,169 INFO TARGETED OCR: Field=Reference No Region={'x': 498, 'y': 51, 'width': 158, 'height': 18} Variant=3x_contrast PSM=6 Whitelist=False Result='T-M95ez|&1#&$U8376' Candidate='T-M95ez|&1#&$U8376' Valid=True Conf=39.0
2026-08-18 17:22:52,389 INFO TARGETED OCR: Field=Reference No Region={'x': 498, 'y': 51, 'width': 158, 'height': 18} Variant=3x_contrast PSM=13 Whitelist=False Result='‘T-M95ez|&1#6$U8376' Candidate='‘T-M95ez|&1#6$U8376' Valid=True Conf=0.0
2026-08-18 17:22:52,668 INFO TARGETED OCR: Field=Reference No Region={'x': 498, 'y': 51, 'width': 158, 'height': 18} Variant=4x_contrast PSM=7 Whitelist=False Result='T-M95ez|&1#&$U8376' Candidate='T-M95ez|&1#&$U8376' Valid=True Conf=2.0
2026-08-18 17:22:52,839 INFO TARGETED OCR: Field=Reference No Region={'x': 498, 'y': 51, 'width': 158, 'height': 18} Variant=4x_contrast PSM=8 Whitelist=False Result='‘T-M95ez|&1#6$U8376' Candidate='‘T-M95ez|&1#6$U8376' Valid=True Conf=0.0
2026-08-18 17:22:53,001 INFO TARGETED OCR: Field=Reference No Region={'x': 498, 'y': 51, 'width': 158, 'height': 18} Variant=4x_contrast PSM=6 Whitelist=False Result='T-M95ez|&1#&$U8376' Candidate='T-M95ez|&1#&$U8376' Valid=True Conf=2.0
2026-08-18 17:22:53,157 INFO TARGETED OCR: Field=Reference No Region={'x': 498, 'y': 51, 'width': 158, 'height': 18} Variant=4x_contrast PSM=13 Whitelist=False Result='‘T-M95ez|&1#6$U8376' Candidate='‘T-M95ez|&1#6$U8376' Valid=True Conf=0.0
2026-08-18 17:22:53,318 INFO TARGETED OCR: Field=Reference No Region={'x': 498, 'y': 51, 'width': 158, 'height': 18} Variant=4x_otsu PSM=7 Whitelist=False Result='T-M95ez|&1#&$U8376' Candidate='T-M95ez|&1#&$U8376' Valid=True Conf=0.0
2026-08-18 17:22:53,563 INFO TARGETED OCR: Field=Reference No Region={'x': 498, 'y': 51, 'width': 158, 'height': 18} Variant=4x_otsu PSM=8 Whitelist=False Result='‘T-M95ez|&1#6$U8376,' Candidate='‘T-M95ez|&1#6$U8376,' Valid=True Conf=0.0
2026-08-18 17:22:53,808 INFO TARGETED OCR: Field=Reference No Region={'x': 498, 'y': 51, 'width': 158, 'height': 18} Variant=4x_otsu PSM=6 Whitelist=False Result='T-M95ez|&1#&$U8376' Candidate='T-M95ez|&1#&$U8376' Valid=True Conf=0.0
2026-08-18 17:22:53,957 INFO TARGETED OCR: Field=Reference No Region={'x': 498, 'y': 51, 'width': 158, 'height': 18} Variant=4x_otsu PSM=13 Whitelist=False Result='‘T-M95ez|&1#6$U8376,' Candidate='‘T-M95ez|&1#6$U8376,' Valid=True Conf=0.0
2026-08-18 17:22:54,126 INFO TARGETED OCR: Field=Reference No Region={'x': 498, 'y': 51, 'width': 158, 'height': 18} Variant=3x_adaptive PSM=7 Whitelist=False Result='T-M95ez|&1#&$U8376' Candidate='T-M95ez|&1#&$U8376' Valid=True Conf=0.0
2026-08-18 17:22:54,298 INFO TARGETED OCR: Field=Reference No Region={'x': 498, 'y': 51, 'width': 158, 'height': 18} Variant=3x_adaptive PSM=8 Whitelist=False Result='‘T-M95ez|&|#8$U8376' Candidate='‘T-M95ez|&|#8$U8376' Valid=True Conf=10.0
2026-08-18 17:22:54,468 INFO TARGETED OCR: Field=Reference No Region={'x': 498, 'y': 51, 'width': 158, 'height': 18} Variant=3x_adaptive PSM=6 Whitelist=False Result='T-M95ez|&1#&$U8376' Candidate='T-M95ez|&1#&$U8376' Valid=True Conf=0.0
2026-08-18 17:22:54,633 INFO TARGETED OCR: Field=Reference No Region={'x': 498, 'y': 51, 'width': 158, 'height': 18} Variant=3x_adaptive PSM=13 Whitelist=False Result='‘T-M95ez|&|#8$U8376' Candidate='‘T-M95ez|&|#8$U8376' Valid=True Conf=10.0
2026-08-18 17:22:54,633 INFO TARGETED OCR ACCEPTED: Record=1 Field=Reference No Value='T-M95ez|&1#&$U8376' Conf=20.5 Decision=ACCEPTED_CONSENSUS
2026-08-18 17:22:54,634 INFO TARGETED OCR START: Record=1 Field=Network Type Region={'x': 860, 'y': 52, 'width': 82, 'height': 14}
2026-08-18 17:22:54,890 INFO TARGETED OCR: Field=Network Type Region={'x': 860, 'y': 52, 'width': 82, 'height': 14} Variant=3x_contrast PSM=7 Whitelist=False Result='COMA+GSM' Candidate='COMA+GSM' Valid=True Conf=47.0
2026-08-18 17:22:55,097 INFO TARGETED OCR: Field=Network Type Region={'x': 860, 'y': 52, 'width': 82, 'height': 14} Variant=3x_contrast PSM=8 Whitelist=False Result='‘CDMA+GSM' Candidate='‘CDMA+GSM' Valid=True Conf=41.0
2026-08-18 17:22:55,264 INFO TARGETED OCR: Field=Network Type Region={'x': 860, 'y': 52, 'width': 82, 'height': 14} Variant=3x_contrast PSM=6 Whitelist=False Result='COMA+GSM' Candidate='COMA+GSM' Valid=True Conf=47.0
2026-08-18 17:22:55,413 INFO TARGETED OCR: Field=Network Type Region={'x': 860, 'y': 52, 'width': 82, 'height': 14} Variant=3x_contrast PSM=13 Whitelist=False Result='‘CDMA+GSM' Candidate='‘CDMA+GSM' Valid=True Conf=41.0
2026-08-18 17:22:55,562 INFO TARGETED OCR: Field=Network Type Region={'x': 860, 'y': 52, 'width': 82, 'height': 14} Variant=4x_contrast PSM=7 Whitelist=False Result='CDMA+GSM' Candidate='CDMA+GSM' Valid=True Conf=90.0
2026-08-18 17:22:55,712 INFO TARGETED OCR: Field=Network Type Region={'x': 860, 'y': 52, 'width': 82, 'height': 14} Variant=4x_contrast PSM=8 Whitelist=False Result='‘CDMA+GSM' Candidate='‘CDMA+GSM' Valid=True Conf=49.0
2026-08-18 17:22:55,929 INFO TARGETED OCR: Field=Network Type Region={'x': 860, 'y': 52, 'width': 82, 'height': 14} Variant=4x_contrast PSM=6 Whitelist=False Result='CDMA+GSM' Candidate='CDMA+GSM' Valid=True Conf=90.0
2026-08-18 17:22:56,150 INFO TARGETED OCR: Field=Network Type Region={'x': 860, 'y': 52, 'width': 82, 'height': 14} Variant=4x_contrast PSM=13 Whitelist=False Result='‘CDMA+GSM' Candidate='‘CDMA+GSM' Valid=True Conf=49.0
2026-08-18 17:22:56,337 INFO TARGETED OCR: Field=Network Type Region={'x': 860, 'y': 52, 'width': 82, 'height': 14} Variant=4x_otsu PSM=7 Whitelist=False Result='CDMA+GSM' Candidate='CDMA+GSM' Valid=True Conf=75.0
2026-08-18 17:22:56,481 INFO TARGETED OCR: Field=Network Type Region={'x': 860, 'y': 52, 'width': 82, 'height': 14} Variant=4x_otsu PSM=8 Whitelist=False Result='‘CDMA+GSM' Candidate='‘CDMA+GSM' Valid=True Conf=36.0
2026-08-18 17:22:56,627 INFO TARGETED OCR: Field=Network Type Region={'x': 860, 'y': 52, 'width': 82, 'height': 14} Variant=4x_otsu PSM=6 Whitelist=False Result='CDMA+GSM' Candidate='CDMA+GSM' Valid=True Conf=75.0
2026-08-18 17:22:56,774 INFO TARGETED OCR: Field=Network Type Region={'x': 860, 'y': 52, 'width': 82, 'height': 14} Variant=4x_otsu PSM=13 Whitelist=False Result='‘CDMA+GSM' Candidate='‘CDMA+GSM' Valid=True Conf=36.0
2026-08-18 17:22:56,927 INFO TARGETED OCR: Field=Network Type Region={'x': 860, 'y': 52, 'width': 82, 'height': 14} Variant=3x_adaptive PSM=7 Whitelist=False Result='COMA+GSM' Candidate='COMA+GSM' Valid=True Conf=86.0
2026-08-18 17:22:57,081 INFO TARGETED OCR: Field=Network Type Region={'x': 860, 'y': 52, 'width': 82, 'height': 14} Variant=3x_adaptive PSM=8 Whitelist=False Result='‘CDMA+GSM' Candidate='‘CDMA+GSM' Valid=True Conf=29.0
2026-08-18 17:22:57,301 INFO TARGETED OCR: Field=Network Type Region={'x': 860, 'y': 52, 'width': 82, 'height': 14} Variant=3x_adaptive PSM=6 Whitelist=False Result='COMA+GSM' Candidate='COMA+GSM' Valid=True Conf=86.0
2026-08-18 17:22:57,496 INFO TARGETED OCR: Field=Network Type Region={'x': 860, 'y': 52, 'width': 82, 'height': 14} Variant=3x_adaptive PSM=13 Whitelist=False Result='‘CDMA+GSM' Candidate='‘CDMA+GSM' Valid=True Conf=29.0
2026-08-18 17:22:57,497 INFO TARGETED OCR ACCEPTED: Record=1 Field=Network Type Value='‘CDMA+GSM' Conf=38.8 Decision=ACCEPTED_CONSENSUS
2026-08-18 17:22:57,497 INFO TARGETED OCR START: Record=1 Field=IMEI 1 Region={'x': 15, 'y': 91, 'width': 179, 'height': 14}
2026-08-18 17:22:57,671 INFO IMEI1 TOKENS: included token='099917' bbox={'x': 15, 'y': 91, 'width': 48, 'height': 14}
2026-08-18 17:22:57,671 INFO IMEI1 TOKENS: included token='-' bbox={'x': 69, 'y': 99, 'width': 6, 'height': 2}
2026-08-18 17:22:57,671 INFO IMEI1 TOKENS: included token='14' bbox={'x': 81, 'y': 91, 'width': 14, 'height': 14}
2026-08-18 17:22:57,672 INFO IMEI1 TOKENS: included token='-' bbox={'x': 101, 'y': 99, 'width': 6, 'height': 2}
2026-08-18 17:22:57,672 INFO IMEI1 TOKENS: included token='900554' bbox={'x': 114, 'y': 91, 'width': 53, 'height': 14}
2026-08-18 17:22:57,672 INFO IMEI1 TOKENS: included token='-' bbox={'x': 173, 'y': 99, 'width': 6, 'height': 2}
2026-08-18 17:22:57,672 INFO IMEI1 TOKENS: included token='2' bbox={'x': 186, 'y': 91, 'width': 8, 'height': 14}
2026-08-18 17:22:57,672 INFO IMEI1 NUMERIC PASS: Variant=3x_contrast PSM=7 Whitelist=False Raw='099917 - 14 - 900554 - 2' Candidate='099917149005542' Valid=True Conf=92.0
2026-08-18 17:22:57,827 INFO IMEI1 TOKENS: included token='099917-14-900554-2' bbox={'x': 15, 'y': 91, 'width': 179, 'height': 14}
2026-08-18 17:22:57,827 INFO IMEI1 NUMERIC PASS: Variant=3x_contrast PSM=7 Whitelist=True Raw='099917-14-900554-2' Candidate='099917149005542' Valid=True Conf=0.0
2026-08-18 17:22:57,977 INFO IMEI1 TOKENS: included token='099917' bbox={'x': 15, 'y': 91, 'width': 179, 'height': 14}
2026-08-18 17:22:57,977 INFO IMEI1 TOKENS: included token='-' bbox={'x': 67, 'y': 85, 'width': 9, 'height': 26}
2026-08-18 17:22:57,978 INFO IMEI1 TOKENS: included token='14' bbox={'x': 80, 'y': 85, 'width': 15, 'height': 26}
2026-08-18 17:22:57,978 INFO IMEI1 TOKENS: included token='-' bbox={'x': 102, 'y': 85, 'width': 7, 'height': 26}
2026-08-18 17:22:57,978 INFO IMEI1 TOKENS: included token='900554' bbox={'x': 117, 'y': 91, 'width': 48, 'height': 14}
2026-08-18 17:22:57,978 INFO IMEI1 TOKENS: included token='-' bbox={'x': 171, 'y': 85, 'width': 9, 'height': 26}
2026-08-18 17:22:57,978 INFO IMEI1 TOKENS: included token='2' bbox={'x': 189, 'y': 85, 'width': 11, 'height': 26}
2026-08-18 17:22:57,979 INFO IMEI1 NUMERIC PASS: Variant=3x_contrast PSM=8 Whitelist=False Raw='099917 - 14 - 900554 - 2' Candidate='099917149005542' Valid=True Conf=86.0
2026-08-18 17:22:58,142 INFO IMEI1 TOKENS: included token='099917-14-900554-2' bbox={'x': 15, 'y': 91, 'width': 179, 'height': 14}
2026-08-18 17:22:58,142 INFO IMEI1 NUMERIC PASS: Variant=3x_contrast PSM=8 Whitelist=True Raw='099917-14-900554-2' Candidate='099917149005542' Valid=True Conf=0.0
2026-08-18 17:22:58,389 INFO IMEI1 TOKENS: included token='099917' bbox={'x': 15, 'y': 91, 'width': 48, 'height': 14}
2026-08-18 17:22:58,390 INFO IMEI1 TOKENS: included token='-' bbox={'x': 69, 'y': 99, 'width': 6, 'height': 2}
2026-08-18 17:22:58,390 INFO IMEI1 TOKENS: included token='14' bbox={'x': 81, 'y': 91, 'width': 14, 'height': 14}
2026-08-18 17:22:58,390 INFO IMEI1 TOKENS: included token='-' bbox={'x': 101, 'y': 99, 'width': 6, 'height': 2}
2026-08-18 17:22:58,390 INFO IMEI1 TOKENS: included token='900554' bbox={'x': 114, 'y': 91, 'width': 53, 'height': 14}
2026-08-18 17:22:58,390 INFO IMEI1 TOKENS: included token='-' bbox={'x': 173, 'y': 99, 'width': 6, 'height': 2}
2026-08-18 17:22:58,390 INFO IMEI1 TOKENS: included token='2' bbox={'x': 186, 'y': 91, 'width': 8, 'height': 14}
2026-08-18 17:22:58,391 INFO IMEI1 NUMERIC PASS: Variant=3x_contrast PSM=6 Whitelist=False Raw='099917 - 14 - 900554 - 2' Candidate='099917149005542' Valid=True Conf=92.0
2026-08-18 17:22:58,602 INFO IMEI1 TOKENS: included token='099917-14-900554-2' bbox={'x': 15, 'y': 91, 'width': 179, 'height': 14}
2026-08-18 17:22:58,603 INFO IMEI1 NUMERIC PASS: Variant=3x_contrast PSM=6 Whitelist=True Raw='099917-14-900554-2' Candidate='099917149005542' Valid=True Conf=0.0
2026-08-18 17:22:58,762 INFO IMEI1 TOKENS: included token='099917' bbox={'x': 15, 'y': 91, 'width': 179, 'height': 14}
2026-08-18 17:22:58,763 INFO IMEI1 TOKENS: included token='-' bbox={'x': 67, 'y': 85, 'width': 9, 'height': 26}
2026-08-18 17:22:58,763 INFO IMEI1 TOKENS: included token='14' bbox={'x': 80, 'y': 85, 'width': 15, 'height': 26}
2026-08-18 17:22:58,763 INFO IMEI1 TOKENS: included token='-' bbox={'x': 102, 'y': 85, 'width': 7, 'height': 26}
2026-08-18 17:22:58,764 INFO IMEI1 TOKENS: included token='900554' bbox={'x': 117, 'y': 91, 'width': 48, 'height': 14}
2026-08-18 17:22:58,764 INFO IMEI1 TOKENS: included token='-' bbox={'x': 171, 'y': 85, 'width': 9, 'height': 26}
2026-08-18 17:22:58,764 INFO IMEI1 TOKENS: included token='2' bbox={'x': 189, 'y': 85, 'width': 11, 'height': 26}
2026-08-18 17:22:58,764 INFO IMEI1 NUMERIC PASS: Variant=3x_contrast PSM=13 Whitelist=False Raw='099917 - 14 - 900554 - 2' Candidate='099917149005542' Valid=True Conf=86.0
2026-08-18 17:22:58,923 INFO IMEI1 TOKENS: included token='099917-14-900554-2' bbox={'x': 15, 'y': 91, 'width': 179, 'height': 14}
2026-08-18 17:22:58,924 INFO IMEI1 NUMERIC PASS: Variant=3x_contrast PSM=13 Whitelist=True Raw='099917-14-900554-2' Candidate='099917149005542' Valid=True Conf=0.0
2026-08-18 17:22:59,106 INFO IMEI1 TOKENS: included token='099917' bbox={'x': 15, 'y': 91, 'width': 48, 'height': 14}
2026-08-18 17:22:59,106 INFO IMEI1 TOKENS: included token='-' bbox={'x': 69, 'y': 99, 'width': 6, 'height': 2}
2026-08-18 17:22:59,106 INFO IMEI1 TOKENS: included token='14' bbox={'x': 81, 'y': 91, 'width': 14, 'height': 14}
2026-08-18 17:22:59,107 INFO IMEI1 TOKENS: included token='-' bbox={'x': 101, 'y': 99, 'width': 6, 'height': 2}
2026-08-18 17:22:59,107 INFO IMEI1 TOKENS: included token='900554' bbox={'x': 114, 'y': 91, 'width': 54, 'height': 14}
2026-08-18 17:22:59,107 INFO IMEI1 TOKENS: included token='-' bbox={'x': 173, 'y': 99, 'width': 6, 'height': 2}
2026-08-18 17:22:59,107 INFO IMEI1 TOKENS: included token='2' bbox={'x': 186, 'y': 91, 'width': 8, 'height': 14}
2026-08-18 17:22:59,107 INFO IMEI1 NUMERIC PASS: Variant=4x_contrast PSM=7 Whitelist=False Raw='099917 - 14 - 900554 - 2' Candidate='099917149005542' Valid=True Conf=90.9
2026-08-18 17:22:59,277 INFO IMEI1 TOKENS: included token='099917-14-900554-2' bbox={'x': 15, 'y': 91, 'width': 178, 'height': 14}
2026-08-18 17:22:59,277 INFO IMEI1 NUMERIC PASS: Variant=4x_contrast PSM=7 Whitelist=True Raw='099917-14-900554-2' Candidate='099917149005542' Valid=True Conf=0.0
2026-08-18 17:22:59,490 INFO IMEI1 TOKENS: included token='099917' bbox={'x': 15, 'y': 91, 'width': 178, 'height': 14}
2026-08-18 17:22:59,491 INFO IMEI1 TOKENS: included token='-' bbox={'x': 67, 'y': 85, 'width': 9, 'height': 26}
2026-08-18 17:22:59,491 INFO IMEI1 TOKENS: included token='14' bbox={'x': 80, 'y': 85, 'width': 16, 'height': 26}
2026-08-18 17:22:59,492 INFO IMEI1 TOKENS: included token='-' bbox={'x': 102, 'y': 85, 'width': 7, 'height': 26}
2026-08-18 17:22:59,492 INFO IMEI1 TOKENS: included token='900554' bbox={'x': 117, 'y': 91, 'width': 48, 'height': 14}
2026-08-18 17:22:59,492 INFO IMEI1 TOKENS: included token='-' bbox={'x': 171, 'y': 85, 'width': 9, 'height': 26}
2026-08-18 17:22:59,492 INFO IMEI1 TOKENS: included token='2' bbox={'x': 189, 'y': 85, 'width': 11, 'height': 26}
2026-08-18 17:22:59,492 INFO IMEI1 NUMERIC PASS: Variant=4x_contrast PSM=8 Whitelist=False Raw='099917 - 14 - 900554 - 2' Candidate='099917149005542' Valid=True Conf=86.4
2026-08-18 17:22:59,760 INFO IMEI1 TOKENS: included token='099917-14-900554-2' bbox={'x': 15, 'y': 91, 'width': 178, 'height': 14}
2026-08-18 17:22:59,760 INFO IMEI1 NUMERIC PASS: Variant=4x_contrast PSM=8 Whitelist=True Raw='099917-14-900554-2' Candidate='099917149005542' Valid=True Conf=0.0
2026-08-18 17:23:00,011 INFO IMEI1 TOKENS: included token='099917' bbox={'x': 15, 'y': 91, 'width': 48, 'height': 14}
2026-08-18 17:23:00,012 INFO IMEI1 TOKENS: included token='-' bbox={'x': 69, 'y': 99, 'width': 6, 'height': 2}
2026-08-18 17:23:00,012 INFO IMEI1 TOKENS: included token='14' bbox={'x': 81, 'y': 91, 'width': 14, 'height': 14}
2026-08-18 17:23:00,013 INFO IMEI1 TOKENS: included token='-' bbox={'x': 101, 'y': 99, 'width': 6, 'height': 2}
2026-08-18 17:23:00,013 INFO IMEI1 TOKENS: included token='900554' bbox={'x': 114, 'y': 91, 'width': 54, 'height': 14}
2026-08-18 17:23:00,013 INFO IMEI1 TOKENS: included token='-' bbox={'x': 173, 'y': 99, 'width': 6, 'height': 2}
2026-08-18 17:23:00,013 INFO IMEI1 TOKENS: included token='2' bbox={'x': 186, 'y': 91, 'width': 8, 'height': 14}
2026-08-18 17:23:00,014 INFO IMEI1 NUMERIC PASS: Variant=4x_contrast PSM=6 Whitelist=False Raw='099917 - 14 - 900554 - 2' Candidate='099917149005542' Valid=True Conf=90.9
2026-08-18 17:23:00,180 INFO IMEI1 TOKENS: included token='099917-14-900554-2' bbox={'x': 15, 'y': 91, 'width': 178, 'height': 14}
2026-08-18 17:23:00,181 INFO IMEI1 NUMERIC PASS: Variant=4x_contrast PSM=6 Whitelist=True Raw='099917-14-900554-2' Candidate='099917149005542' Valid=True Conf=0.0
2026-08-18 17:23:00,364 INFO IMEI1 TOKENS: included token='099917' bbox={'x': 15, 'y': 91, 'width': 178, 'height': 14}
2026-08-18 17:23:00,364 INFO IMEI1 TOKENS: included token='-' bbox={'x': 67, 'y': 85, 'width': 9, 'height': 26}
2026-08-18 17:23:00,364 INFO IMEI1 TOKENS: included token='14' bbox={'x': 80, 'y': 85, 'width': 16, 'height': 26}
2026-08-18 17:23:00,365 INFO IMEI1 TOKENS: included token='-' bbox={'x': 102, 'y': 85, 'width': 7, 'height': 26}
2026-08-18 17:23:00,365 INFO IMEI1 TOKENS: included token='900554' bbox={'x': 117, 'y': 91, 'width': 48, 'height': 14}
2026-08-18 17:23:00,365 INFO IMEI1 TOKENS: included token='-' bbox={'x': 171, 'y': 85, 'width': 9, 'height': 26}
2026-08-18 17:23:00,365 INFO IMEI1 TOKENS: included token='2' bbox={'x': 189, 'y': 85, 'width': 11, 'height': 26}
2026-08-18 17:23:00,365 INFO IMEI1 NUMERIC PASS: Variant=4x_contrast PSM=13 Whitelist=False Raw='099917 - 14 - 900554 - 2' Candidate='099917149005542' Valid=True Conf=86.4
2026-08-18 17:23:00,522 INFO IMEI1 TOKENS: included token='099917-14-900554-2' bbox={'x': 15, 'y': 91, 'width': 178, 'height': 14}
2026-08-18 17:23:00,522 INFO IMEI1 NUMERIC PASS: Variant=4x_contrast PSM=13 Whitelist=True Raw='099917-14-900554-2' Candidate='099917149005542' Valid=True Conf=0.0
2026-08-18 17:23:00,769 INFO IMEI1 TOKENS: included token='099917' bbox={'x': 15, 'y': 91, 'width': 48, 'height': 14}
2026-08-18 17:23:00,769 INFO IMEI1 TOKENS: included token='-' bbox={'x': 69, 'y': 99, 'width': 6, 'height': 2}
2026-08-18 17:23:00,769 INFO IMEI1 TOKENS: included token='14' bbox={'x': 81, 'y': 91, 'width': 14, 'height': 14}
2026-08-18 17:23:00,769 INFO IMEI1 TOKENS: included token='-' bbox={'x': 101, 'y': 99, 'width': 6, 'height': 2}
2026-08-18 17:23:00,769 INFO IMEI1 TOKENS: included token='900554' bbox={'x': 114, 'y': 91, 'width': 54, 'height': 14}
2026-08-18 17:23:00,770 INFO IMEI1 TOKENS: included token='-' bbox={'x': 173, 'y': 99, 'width': 6, 'height': 2}
2026-08-18 17:23:00,770 INFO IMEI1 TOKENS: included token='2' bbox={'x': 186, 'y': 91, 'width': 8, 'height': 14}
2026-08-18 17:23:00,770 INFO IMEI1 NUMERIC PASS: Variant=4x_otsu PSM=7 Whitelist=False Raw='099917 - 14 - 900554 - 2' Candidate='099917149005542' Valid=True Conf=89.7
2026-08-18 17:23:01,006 INFO IMEI1 TOKENS: included token='099917-14-900554-2' bbox={'x': 15, 'y': 91, 'width': 178, 'height': 14}
2026-08-18 17:23:01,006 INFO IMEI1 NUMERIC PASS: Variant=4x_otsu PSM=7 Whitelist=True Raw='099917-14-900554-2' Candidate='099917149005542' Valid=True Conf=0.0
2026-08-18 17:23:01,169 INFO IMEI1 TOKENS: included token='099917' bbox={'x': 15, 'y': 91, 'width': 178, 'height': 14}
2026-08-18 17:23:01,170 INFO IMEI1 TOKENS: included token='-' bbox={'x': 67, 'y': 85, 'width': 9, 'height': 26}
2026-08-18 17:23:01,170 INFO IMEI1 TOKENS: included token='14' bbox={'x': 83, 'y': 85, 'width': 13, 'height': 26}
2026-08-18 17:23:01,170 INFO IMEI1 TOKENS: included token='-' bbox={'x': 102, 'y': 85, 'width': 7, 'height': 26}
2026-08-18 17:23:01,170 INFO IMEI1 TOKENS: included token='900554' bbox={'x': 117, 'y': 91, 'width': 48, 'height': 14}
2026-08-18 17:23:01,170 INFO IMEI1 TOKENS: included token='-' bbox={'x': 171, 'y': 85, 'width': 9, 'height': 26}
2026-08-18 17:23:01,170 INFO IMEI1 TOKENS: included token='2' bbox={'x': 189, 'y': 85, 'width': 11, 'height': 26}
2026-08-18 17:23:01,170 INFO IMEI1 NUMERIC PASS: Variant=4x_otsu PSM=8 Whitelist=False Raw='099917 - 14 - 900554 - 2' Candidate='099917149005542' Valid=True Conf=86.9
2026-08-18 17:23:01,321 INFO IMEI1 TOKENS: included token='099917-14-900554-2' bbox={'x': 15, 'y': 91, 'width': 178, 'height': 14}
2026-08-18 17:23:01,321 INFO IMEI1 NUMERIC PASS: Variant=4x_otsu PSM=8 Whitelist=True Raw='099917-14-900554-2' Candidate='099917149005542' Valid=True Conf=0.0
2026-08-18 17:23:01,476 INFO IMEI1 TOKENS: included token='099917' bbox={'x': 15, 'y': 91, 'width': 48, 'height': 14}
2026-08-18 17:23:01,476 INFO IMEI1 TOKENS: included token='-' bbox={'x': 69, 'y': 99, 'width': 6, 'height': 2}
2026-08-18 17:23:01,476 INFO IMEI1 TOKENS: included token='14' bbox={'x': 81, 'y': 91, 'width': 14, 'height': 14}
2026-08-18 17:23:01,477 INFO IMEI1 TOKENS: included token='-' bbox={'x': 101, 'y': 99, 'width': 6, 'height': 2}
2026-08-18 17:23:01,477 INFO IMEI1 TOKENS: included token='900554' bbox={'x': 114, 'y': 91, 'width': 54, 'height': 14}
2026-08-18 17:23:01,477 INFO IMEI1 TOKENS: included token='-' bbox={'x': 173, 'y': 99, 'width': 6, 'height': 2}
2026-08-18 17:23:01,477 INFO IMEI1 TOKENS: included token='2' bbox={'x': 186, 'y': 91, 'width': 8, 'height': 14}
2026-08-18 17:23:01,478 INFO IMEI1 NUMERIC PASS: Variant=4x_otsu PSM=6 Whitelist=False Raw='099917 - 14 - 900554 - 2' Candidate='099917149005542' Valid=True Conf=89.7
2026-08-18 17:23:01,637 INFO IMEI1 TOKENS: included token='099917-14-900554-2' bbox={'x': 15, 'y': 91, 'width': 178, 'height': 14}
2026-08-18 17:23:01,638 INFO IMEI1 NUMERIC PASS: Variant=4x_otsu PSM=6 Whitelist=True Raw='099917-14-900554-2' Candidate='099917149005542' Valid=True Conf=0.0
2026-08-18 17:23:01,786 INFO IMEI1 TOKENS: included token='099917' bbox={'x': 15, 'y': 91, 'width': 178, 'height': 14}
2026-08-18 17:23:01,786 INFO IMEI1 TOKENS: included token='-' bbox={'x': 67, 'y': 85, 'width': 9, 'height': 26}
2026-08-18 17:23:01,786 INFO IMEI1 TOKENS: included token='14' bbox={'x': 83, 'y': 85, 'width': 13, 'height': 26}
2026-08-18 17:23:01,786 INFO IMEI1 TOKENS: included token='-' bbox={'x': 102, 'y': 85, 'width': 7, 'height': 26}
2026-08-18 17:23:01,787 INFO IMEI1 TOKENS: included token='900554' bbox={'x': 117, 'y': 91, 'width': 48, 'height': 14}
2026-08-18 17:23:01,787 INFO IMEI1 TOKENS: included token='-' bbox={'x': 171, 'y': 85, 'width': 9, 'height': 26}
2026-08-18 17:23:01,787 INFO IMEI1 TOKENS: included token='2' bbox={'x': 189, 'y': 85, 'width': 11, 'height': 26}
2026-08-18 17:23:01,787 INFO IMEI1 NUMERIC PASS: Variant=4x_otsu PSM=13 Whitelist=False Raw='099917 - 14 - 900554 - 2' Candidate='099917149005542' Valid=True Conf=86.9
2026-08-18 17:23:02,010 INFO IMEI1 TOKENS: included token='099917-14-900554-2' bbox={'x': 15, 'y': 91, 'width': 178, 'height': 14}
2026-08-18 17:23:02,010 INFO IMEI1 NUMERIC PASS: Variant=4x_otsu PSM=13 Whitelist=True Raw='099917-14-900554-2' Candidate='099917149005542' Valid=True Conf=0.0
2026-08-18 17:23:02,251 INFO IMEI1 TOKENS: included token='099917' bbox={'x': 15, 'y': 91, 'width': 48, 'height': 14}
2026-08-18 17:23:02,252 INFO IMEI1 TOKENS: included token='-' bbox={'x': 69, 'y': 99, 'width': 6, 'height': 2}
2026-08-18 17:23:02,252 INFO IMEI1 TOKENS: included token='14' bbox={'x': 81, 'y': 91, 'width': 14, 'height': 14}
2026-08-18 17:23:02,252 INFO IMEI1 TOKENS: included token='-' bbox={'x': 101, 'y': 99, 'width': 6, 'height': 2}
2026-08-18 17:23:02,252 INFO IMEI1 TOKENS: included token='900554' bbox={'x': 114, 'y': 91, 'width': 53, 'height': 14}
2026-08-18 17:23:02,252 INFO IMEI1 TOKENS: included token='-' bbox={'x': 173, 'y': 99, 'width': 6, 'height': 2}
2026-08-18 17:23:02,253 INFO IMEI1 TOKENS: included token='2' bbox={'x': 186, 'y': 91, 'width': 8, 'height': 14}
2026-08-18 17:23:02,253 INFO IMEI1 NUMERIC PASS: Variant=3x_adaptive PSM=7 Whitelist=False Raw='099917 - 14 - 900554 - 2' Candidate='099917149005542' Valid=True Conf=90.7
2026-08-18 17:23:02,432 INFO IMEI1 TOKENS: included token='099917-14-900554-2' bbox={'x': 15, 'y': 91, 'width': 178, 'height': 14}
2026-08-18 17:23:02,432 INFO IMEI1 NUMERIC PASS: Variant=3x_adaptive PSM=7 Whitelist=True Raw='099917-14-900554-2' Candidate='099917149005542' Valid=True Conf=0.0
2026-08-18 17:23:02,611 INFO IMEI1 TOKENS: included token='099917' bbox={'x': 15, 'y': 91, 'width': 178, 'height': 14}
2026-08-18 17:23:02,612 INFO IMEI1 TOKENS: included token='-' bbox={'x': 67, 'y': 85, 'width': 9, 'height': 26}
2026-08-18 17:23:02,612 INFO IMEI1 TOKENS: included token='14' bbox={'x': 80, 'y': 85, 'width': 15, 'height': 26}
2026-08-18 17:23:02,612 INFO IMEI1 TOKENS: included token='-' bbox={'x': 102, 'y': 85, 'width': 7, 'height': 26}
2026-08-18 17:23:02,612 INFO IMEI1 TOKENS: included token='900554' bbox={'x': 117, 'y': 91, 'width': 48, 'height': 14}
2026-08-18 17:23:02,613 INFO IMEI1 TOKENS: included token='-' bbox={'x': 171, 'y': 85, 'width': 9, 'height': 26}
2026-08-18 17:23:02,613 INFO IMEI1 TOKENS: included token='2' bbox={'x': 189, 'y': 85, 'width': 11, 'height': 26}
2026-08-18 17:23:02,613 INFO IMEI1 NUMERIC PASS: Variant=3x_adaptive PSM=8 Whitelist=False Raw='099917 - 14 - 900554 - 2' Candidate='099917149005542' Valid=True Conf=87.1
2026-08-18 17:23:02,785 INFO IMEI1 TOKENS: included token='099917-14-900554-2' bbox={'x': 15, 'y': 91, 'width': 178, 'height': 14}
2026-08-18 17:23:02,785 INFO IMEI1 NUMERIC PASS: Variant=3x_adaptive PSM=8 Whitelist=True Raw='099917-14-900554-2' Candidate='099917149005542' Valid=True Conf=0.0
2026-08-18 17:23:02,943 INFO IMEI1 TOKENS: included token='099917' bbox={'x': 15, 'y': 91, 'width': 48, 'height': 14}
2026-08-18 17:23:02,943 INFO IMEI1 TOKENS: included token='-' bbox={'x': 69, 'y': 99, 'width': 6, 'height': 2}
2026-08-18 17:23:02,944 INFO IMEI1 TOKENS: included token='14' bbox={'x': 81, 'y': 91, 'width': 14, 'height': 14}
2026-08-18 17:23:02,944 INFO IMEI1 TOKENS: included token='-' bbox={'x': 101, 'y': 99, 'width': 6, 'height': 2}
2026-08-18 17:23:02,944 INFO IMEI1 TOKENS: included token='900554' bbox={'x': 114, 'y': 91, 'width': 53, 'height': 14}
2026-08-18 17:23:02,944 INFO IMEI1 TOKENS: included token='-' bbox={'x': 173, 'y': 99, 'width': 6, 'height': 2}
2026-08-18 17:23:02,944 INFO IMEI1 TOKENS: included token='2' bbox={'x': 186, 'y': 91, 'width': 8, 'height': 14}
2026-08-18 17:23:02,944 INFO IMEI1 NUMERIC PASS: Variant=3x_adaptive PSM=6 Whitelist=False Raw='099917 - 14 - 900554 - 2' Candidate='099917149005542' Valid=True Conf=90.7
2026-08-18 17:23:03,202 INFO IMEI1 TOKENS: included token='099917-14-900554-2' bbox={'x': 15, 'y': 91, 'width': 178, 'height': 14}
2026-08-18 17:23:03,202 INFO IMEI1 NUMERIC PASS: Variant=3x_adaptive PSM=6 Whitelist=True Raw='099917-14-900554-2' Candidate='099917149005542' Valid=True Conf=0.0
2026-08-18 17:23:03,433 INFO IMEI1 TOKENS: included token='099917' bbox={'x': 15, 'y': 91, 'width': 178, 'height': 14}
2026-08-18 17:23:03,433 INFO IMEI1 TOKENS: included token='-' bbox={'x': 67, 'y': 85, 'width': 9, 'height': 26}
2026-08-18 17:23:03,434 INFO IMEI1 TOKENS: included token='14' bbox={'x': 80, 'y': 85, 'width': 15, 'height': 26}
2026-08-18 17:23:03,434 INFO IMEI1 TOKENS: included token='-' bbox={'x': 102, 'y': 85, 'width': 7, 'height': 26}
2026-08-18 17:23:03,434 INFO IMEI1 TOKENS: included token='900554' bbox={'x': 117, 'y': 91, 'width': 48, 'height': 14}
2026-08-18 17:23:03,435 INFO IMEI1 TOKENS: included token='-' bbox={'x': 171, 'y': 85, 'width': 9, 'height': 26}
2026-08-18 17:23:03,435 INFO IMEI1 TOKENS: included token='2' bbox={'x': 189, 'y': 85, 'width': 11, 'height': 26}
2026-08-18 17:23:03,435 INFO IMEI1 NUMERIC PASS: Variant=3x_adaptive PSM=13 Whitelist=False Raw='099917 - 14 - 900554 - 2' Candidate='099917149005542' Valid=True Conf=87.1
2026-08-18 17:23:03,603 INFO IMEI1 TOKENS: included token='099917-14-900554-2' bbox={'x': 15, 'y': 91, 'width': 178, 'height': 14}
2026-08-18 17:23:03,603 INFO IMEI1 NUMERIC PASS: Variant=3x_adaptive PSM=13 Whitelist=True Raw='099917-14-900554-2' Candidate='099917149005542' Valid=True Conf=0.0
2026-08-18 17:23:03,603 INFO IMEI1 CONSENSUS: Candidate=099917149005542 Support=32 MeanConfidence=88.7 Decision=ACCEPTED_STRICT_IMEI
2026-08-18 17:23:03,604 INFO TARGETED OCR ACCEPTED: Record=1 Field=IMEI 1 Value='099917149005542' Conf=88.7 Decision=ACCEPTED_STRICT_IMEI
2026-08-18 17:23:03,605 INFO RECORD 1 STATUS: VALIDATED
2026-08-18 17:23:03,632 INFO Processed Screenshot 2026-08-18 172231.png (File No 186): {'VALIDATED': 1, 'REVIEW_REQUIRED': 0, 'FAILED': 0}
2026-08-18 17:23:03,633 INFO Processing completed: Screenshot 2026-08-18 172231.png
2026-08-18 17:28:15,979 INFO StateStore active | Form No: max=737, next=738 | File No: max=186, next=186
2026-08-18 17:28:15,979 INFO Watcher continuing saved numbering without an interactive prompt.
2026-08-18 17:28:15,980 INFO Watching images\inbox for new images (.png, .jpg, .jpeg, .bmp, .webp). Polling latency ~1s. Ctrl+C to stop.
